PlayerId,Name,Pos,WAR,PA,IP,hWAR,pWAR,DHWAR,hWAR700PA,pWAR200IP,DHWAR700PA
19755,Shohei Ohtani,"P,DH",7.7,630.0,171.0,3.4,4.3,1.2,3.7,5.0,1.3
15640,Aaron Judge,"OF,DH",7.5,665.0,0.0,7.5,0.0,3.4,7.9,0.0,3.6
20123,Juan Soto,"OF,DH",6.7,665.0,0.0,6.7,0.0,3.4,7.1,0.0,3.6
10155,Mike Trout,"OF,DH",6.4,658.0,0.0,6.4,0.0,2.6,6.8,0.0,2.8
19556,Yordan Alvarez,"OF,DH",5.9,602.0,0.0,5.9,0.0,3.0,6.8,0.0,3.5
9777,Nolan Arenado,"3B,DH",5.8,672.0,0.0,5.8,0.0,0.6,6.0,0.0,0.6
13611,Mookie Betts,"OF,DH",5.8,665.0,0.0,5.8,0.0,1.7,6.1,0.0,1.8
23697,Julio Rodríguez,"OF,DH",5.7,644.0,0.0,5.7,0.0,1.6,6.2,0.0,1.7
16252,Trea Turner,"SS,DH",5.7,672.0,0.0,5.7,0.0,1.2,6.0,0.0,1.2
10954,Jacob deGrom,P,5.6,0.0,172.0,0.0,5.6,0.0,0.0,6.5,0.0
13510,José Ramírez,"3B,DH",5.6,651.0,0.0,5.6,0.0,1.6,6.0,0.0,1.7
17678,Alex Bregman,"3B,DH",5.6,665.0,0.0,5.6,0.0,1.3,5.9,0.0,1.4
18401,Ronald Acuña Jr.,"OF,DH",5.4,637.0,0.0,5.4,0.0,2.1,6.0,0.0,2.3
14162,Carlos Correa,"SS,DH",5.3,623.0,0.0,5.3,0.0,0.7,5.9,0.0,0.8
12916,Francisco Lindor,"SS,DH",5.3,672.0,0.0,5.3,0.0,-0.2,5.5,0.0,-0.2
18345,Kyle Tucker,"OF,DH",5.3,658.0,0.0,5.3,0.0,2.0,5.6,0.0,2.1
26288,Adley Rutschman,"C,DH",5.2,555.0,0.0,5.2,0.0,0.6,6.6,0.0,0.8
19361,Corbin Burnes,P,5.2,0.0,196.0,0.0,5.2,0.0,0.0,5.3,0.0
23667,Wander Franco,"SS,DH",5.2,623.0,0.0,5.2,0.0,0.8,5.8,0.0,0.9
11493,Manny Machado,"3B,DH",5.0,672.0,0.0,5.0,0.0,0.5,5.2,0.0,0.5
18360,Austin Riley,"3B,DH",5.0,672.0,0.0,5.0,0.0,0.9,5.2,0.0,0.9
19709,Fernando Tatis Jr.,DH,4.9,518.0,0.0,4.9,0.0,2.8,6.6,0.0,3.8
17350,Rafael Devers,"3B,DH",4.9,672.0,0.0,4.9,0.0,1.2,5.1,0.0,1.2
12533,Marcus Semien,"2B,SS,DH",4.9,672.0,0.0,4.9,0.0,0.3,5.1,0.0,0.3
5361,Freddie Freeman,"1B,DH",4.9,672.0,0.0,4.9,0.0,2.0,5.1,0.0,2.1
12927,Brandon Nimmo,"OF,DH",4.8,623.0,0.0,4.8,0.0,0.7,5.4,0.0,0.8
16505,Matt Chapman,"3B,DH",4.7,665.0,0.0,4.7,0.0,-0.2,4.9,0.0,-0.2
5417,Jose Altuve,"2B,DH",4.7,644.0,0.0,4.7,0.0,1.1,5.1,0.0,1.2
16149,Aaron Nola,P,4.6,0.0,202.0,0.0,4.6,0.0,0.0,4.6,0.0
19611,Vladimir Guerrero Jr.,"1B,DH",4.6,637.0,0.0,4.6,0.0,2.1,5.1,0.0,2.3
13624,Corey Seager,"SS,DH",4.6,616.0,0.0,4.6,0.0,0.6,5.2,0.0,0.7
16137,Carlos Rodón,P,4.6,0.0,178.0,0.0,4.6,0.0,0.0,5.2,0.0
13125,Gerrit Cole,P,4.6,0.0,199.0,0.0,4.6,0.0,0.0,4.6,0.0
11739,J.T. Realmuto,"C,DH",4.6,543.0,0.0,4.6,0.0,0.0,6.0,0.0,0.0
9218,Paul Goldschmidt,"1B,DH",4.5,672.0,0.0,4.5,0.0,1.4,4.7,0.0,1.5
19197,Will Smith,"C,DH",4.5,547.0,0.0,4.5,0.0,0.2,5.8,0.0,0.3
12161,Xander Bogaerts,"SS,DH",4.5,651.0,0.0,4.5,0.0,0.1,4.9,0.0,0.1
19612,Bo Bichette,"SS,DH",4.4,658.0,0.0,4.4,0.0,0.6,4.7,0.0,0.6
14161,Byron Buxton,"OF,DH",4.4,560.0,0.0,4.4,0.0,1.1,5.5,0.0,1.4
19950,Andrés Giménez,"2B,SS,DH",4.4,623.0,0.0,4.4,0.0,-0.2,5.0,0.0,-0.2
25931,Michael Harris II,"OF,DH",4.4,609.0,0.0,4.4,0.0,0.1,5.0,0.0,0.1
12856,George Springer,"OF,DH",4.3,595.0,0.0,4.3,0.0,1.0,5.1,0.0,1.2
18314,Dansby Swanson,"SS,DH",4.3,665.0,0.0,4.3,0.0,-0.7,4.5,0.0,-0.7
19251,Pete Alonso,"1B,DH",4.3,665.0,0.0,4.3,0.0,1.3,4.5,0.0,1.4
10310,Zack Wheeler,P,4.3,0.0,190.0,0.0,4.3,0.0,0.0,4.5,0.0
3137,Max Scherzer,P,4.2,0.0,186.0,0.0,4.2,0.0,0.0,4.6,0.0
20043,Luis Robert Jr.,"OF,DH",4.2,602.0,0.0,4.2,0.0,0.3,4.9,0.0,0.3
19352,Sean Murphy,"C,DH",4.2,569.0,0.0,4.2,0.0,-0.5,5.2,0.0,-0.6
15986,Willy Adames,"SS,DH",4.2,630.0,0.0,4.2,0.0,-0.4,4.7,0.0,-0.4
19326,Bryan Reynolds,"OF,DH",4.1,665.0,0.0,4.1,0.0,0.2,4.3,0.0,0.2
14344,Matt Olson,"1B,DH",4.1,672.0,0.0,4.1,0.0,0.6,4.3,0.0,0.6
19427,Shane Bieber,P,3.9,0.0,204.0,0.0,3.9,0.0,0.0,3.9,0.0
19470,Tommy Edman,"2B,SS,DH",3.9,637.0,0.0,3.9,0.0,-0.4,4.3,0.0,-0.4
18684,Sandy Alcantara,P,3.9,0.0,216.0,0.0,3.9,0.0,0.0,3.6,0.0
26289,Gunnar Henderson,"3B,DH",3.9,602.0,0.0,3.9,0.0,0.2,4.5,0.0,0.2
8700,Justin Verlander,P,3.9,0.0,179.0,0.0,3.9,0.0,0.0,4.4,0.0
22581,Alejandro Kirk,"C,DH",3.9,496.0,0.0,3.9,0.0,0.2,5.6,0.0,0.3
16162,Brandon Woodruff,P,3.8,0.0,169.0,0.0,3.8,0.0,0.0,4.5,0.0
18030,Harrison Bader,"OF,DH",3.8,560.0,0.0,3.8,0.0,-0.6,4.7,0.0,-0.8
18882,Brandon Lowe,"2B,DH",3.8,581.0,0.0,3.8,0.0,0.7,4.6,0.0,0.8
12861,Anthony Rendon,"3B,DH",3.7,567.0,0.0,3.7,0.0,0.3,4.6,0.0,0.4
15689,Luis Castillo,P,3.7,0.0,194.0,0.0,3.7,0.0,0.0,3.8,0.0
21483,Shane McClanahan,P,3.7,0.0,181.0,0.0,3.7,0.0,0.0,4.1,0.0
15362,Jeff McNeil,"2B,OF,DH",3.7,609.0,0.0,3.7,0.0,0.0,4.2,0.0,0.0
19918,Daulton Varsho,"C,OF,DH",3.7,573.0,0.0,3.7,0.0,0.2,4.6,0.0,0.2
14107,Kevin Gausman,P,3.6,0.0,179.0,0.0,3.6,0.0,0.0,4.0,0.0
20454,Jazz Chisholm Jr.,"2B,DH",3.6,574.0,0.0,3.6,0.0,-0.1,4.4,0.0,-0.1
31837,Masataka Yoshida,DH,3.5,525.0,0.0,3.5,0.0,0.8,4.6,0.0,1.1
27498,Spencer Strider,P,3.5,0.0,151.0,0.0,3.5,0.0,0.0,4.7,0.0
12970,Joe Musgrove,P,3.5,0.0,196.0,0.0,3.5,0.0,0.0,3.6,0.0
13743,Max Fried,P,3.5,0.0,186.0,0.0,3.5,0.0,0.0,3.8,0.0
17929,Cedric Mullins,"OF,DH",3.5,637.0,0.0,3.5,0.0,-0.4,3.8,0.0,-0.4
25764,Bobby Witt Jr.,"3B,SS,DH",3.5,644.0,0.0,3.5,0.0,-0.2,3.8,0.0,-0.2
18568,Luis Arraez,"1B,2B,DH",3.5,602.0,0.0,3.5,0.0,-0.1,4.1,0.0,-0.1
18525,Dylan Cease,P,3.4,0.0,187.0,0.0,3.4,0.0,0.0,3.7,0.0
17995,Logan Webb,P,3.4,0.0,195.0,0.0,3.4,0.0,0.0,3.4,0.0
16930,Jonah Heim,"C,DH",3.4,424.0,0.0,3.4,0.0,-1.2,5.6,0.0,-2.0
16556,Ozzie Albies,"2B,DH",3.4,588.0,0.0,3.4,0.0,-0.3,4.1,0.0,-0.4
17295,Framber Valdez,P,3.4,0.0,195.0,0.0,3.4,0.0,0.0,3.5,0.0
24610,Steven Kwan,"OF,DH",3.4,609.0,0.0,3.4,0.0,-0.3,3.9,0.0,-0.3
21479,Nico Hoerner,"SS,DH",3.4,588.0,0.0,3.4,0.0,-1.0,4.0,0.0,-1.2
14765,Julio Urías,P,3.4,0.0,190.0,0.0,3.4,0.0,0.0,3.6,0.0
13613,Ketel Marte,"2B,DH",3.3,609.0,0.0,3.3,0.0,0.0,3.8,0.0,0.0
13152,Jorge Polanco,"2B,DH",3.3,588.0,0.0,3.3,0.0,-0.1,3.9,0.0,-0.1
30116,Seiya Suzuki,"OF,DH",3.3,588.0,0.0,3.3,0.0,0.5,4.0,0.0,0.6
2036,Clayton Kershaw,P,3.2,0.0,166.0,0.0,3.2,0.0,0.0,3.9,0.0
16578,Yandy Díaz,"1B,3B,DH",3.2,602.0,0.0,3.2,0.0,0.5,3.8,0.0,0.6
26378,Nick Lodolo,P,3.2,0.0,160.0,0.0,3.2,0.0,0.0,3.9,0.0
13543,Blake Snell,P,3.2,0.0,156.0,0.0,3.2,0.0,0.0,4.2,0.0
19290,Randy Arozarena,"OF,DH",3.2,644.0,0.0,3.2,0.0,0.2,3.5,0.0,0.2
16997,Gleyber Torres,"2B,DH",3.2,595.0,0.0,3.2,0.0,-0.3,3.8,0.0,-0.4
21711,Oneil Cruz,"SS,DH",3.2,553.0,0.0,3.2,0.0,-0.5,4.0,0.0,-0.6
13301,Max Muncy,"2B,3B,DH",3.1,560.0,0.0,3.1,0.0,0.0,3.9,0.0,0.0
18577,Ke'Bryan Hayes,"3B,DH",3.1,588.0,0.0,3.1,0.0,-1.3,3.7,0.0,-1.5
11609,Willson Contreras,"C,DH",3.1,529.0,0.0,3.1,0.0,-0.4,4.1,0.0,-0.5
16622,Luis Urías,"2B,3B,SS,DH",3.1,588.0,0.0,3.1,0.0,-0.9,3.7,0.0,-1.1
20036,Isaac Paredes,"1B,2B,3B,DH",3.1,518.0,0.0,3.1,0.0,0.0,4.2,0.0,0.0
13419,Christian Walker,"1B,DH",3.1,665.0,0.0,3.1,0.0,-0.3,3.3,0.0,-0.3
17982,Ty France,"1B,DH",3.1,616.0,0.0,3.1,0.0,0.1,3.5,0.0,0.1
20538,Jose Miranda,"1B,3B,DH",3.1,574.0,0.0,3.1,0.0,-0.2,3.7,0.0,-0.2
15172,Tim Anderson,"SS,DH",3.1,602.0,0.0,3.1,0.0,-0.2,3.7,0.0,-0.2
19291,Zac Gallen,P,3.0,0.0,179.0,0.0,3.0,0.0,0.0,3.3,0.0
15711,Tyler O'Neill,"OF,DH",3.0,560.0,0.0,3.0,0.0,0.1,3.7,0.0,0.1
15518,Amed Rosario,"SS,DH",3.0,616.0,0.0,3.0,0.0,-1.0,3.4,0.0,-1.1
15491,J.P. Crawford,"SS,DH",3.0,616.0,0.0,3.0,0.0,-1.2,3.5,0.0,-1.4
25878,Corbin Carroll,"OF,DH",3.0,546.0,0.0,3.0,0.0,-0.5,3.8,0.0,-0.6
6562,Alex Cobb,P,3.0,0.0,161.0,0.0,3.0,0.0,0.0,3.7,0.0
14374,Tyler Glasnow,P,3.0,0.0,159.0,0.0,3.0,0.0,0.0,3.8,0.0
18036,Jake Cronenworth,"2B,DH",3.0,616.0,0.0,3.0,0.0,-0.5,3.4,0.0,-0.6
25976,Riley Greene,"OF,DH",2.9,595.0,0.0,2.9,0.0,-1.0,3.4,0.0,-1.2
5933,Jean Segura,"2B,DH",2.9,560.0,0.0,2.9,0.0,-0.9,3.6,0.0,-1.1
25377,Brady Singer,P,2.9,0.0,179.0,0.0,2.9,0.0,0.0,3.2,0.0
21534,Cal Raleigh,"C,DH",2.9,479.0,0.0,2.9,0.0,-0.8,4.2,0.0,-1.2
22182,Hunter Greene,P,2.9,0.0,156.0,0.0,2.9,0.0,0.0,3.7,0.0
9241,Starling Marte,"OF,DH",2.9,574.0,0.0,2.9,0.0,0.1,3.6,0.0,0.1
17232,Yoán Moncada,"3B,DH",2.9,595.0,0.0,2.9,0.0,-0.9,3.4,0.0,-1.1
16478,Kyle Schwarber,"OF,DH",2.9,630.0,0.0,2.9,0.0,0.4,3.3,0.0,0.4
27506,Ha-Seong Kim,"3B,SS,DH",2.9,525.0,0.0,2.9,0.0,-1.0,3.9,0.0,-1.3
17919,Ian Happ,"OF,DH",2.9,637.0,0.0,2.9,0.0,-0.6,3.1,0.0,-0.7
18795,Ramón Urías,"2B,3B,DH",2.9,546.0,0.0,2.9,0.0,-1.0,3.7,0.0,-1.3
17548,Taylor Ward,"OF,DH",2.9,602.0,0.0,2.9,0.0,0.2,3.3,0.0,0.2
18564,Trent Grisham,"OF,DH",2.9,539.0,0.0,2.9,0.0,-0.9,3.7,0.0,-1.2
21636,Jeremy Peña,"SS,DH",2.9,602.0,0.0,2.9,0.0,-1.3,3.3,0.0,-1.5
13074,Yu Darvish,P,2.8,0.0,190.0,0.0,2.8,0.0,0.0,3.0,0.0
19955,Gavin Lux,"2B,OF,DH",2.8,518.0,0.0,2.8,0.0,-0.6,3.8,0.0,-0.8
16535,Danny Jansen,"C,DH",2.8,467.0,0.0,2.8,0.0,-0.4,4.2,0.0,-0.6
16426,Thairo Estrada,"2B,SS,DH",2.8,581.0,0.0,2.8,0.0,-0.7,3.4,0.0,-0.8
12979,Javier Báez,"SS,DH",2.8,609.0,0.0,2.8,0.0,-1.3,3.3,0.0,-1.5
2520,Lance Lynn,P,2.8,0.0,180.0,0.0,2.8,0.0,0.0,3.1,0.0
10472,Enrique Hernández,"OF,DH",2.8,560.0,0.0,2.8,0.0,-1.4,3.4,0.0,-1.8
26410,Alek Manoah,P,2.8,0.0,199.0,0.0,2.8,0.0,0.0,2.8,0.0
11477,Christian Yelich,"OF,DH",2.7,630.0,0.0,2.7,0.0,0.0,3.0,0.0,0.0
15112,Ryan McMahon,"3B,DH",2.7,595.0,0.0,2.7,0.0,-1.5,3.2,0.0,-1.8
17128,Ramón Laureano,"OF,DH",2.7,602.0,0.0,2.7,0.0,-0.6,3.2,0.0,-0.7
20191,Garrett Whitlock,P,2.7,0.0,153.0,0.0,2.7,0.0,0.0,3.5,0.0
27676,Vinnie Pasquantino,"1B,DH",2.7,574.0,0.0,2.7,0.0,0.4,3.3,0.0,0.5
14854,Mike Yastrzemski,"OF,DH",2.7,560.0,0.0,2.7,0.0,-0.7,3.4,0.0,-0.9
17874,Nestor Cortes,P,2.7,0.0,168.0,0.0,2.7,0.0,0.0,3.3,0.0
19566,Nathaniel Lowe,"1B,DH",2.7,630.0,0.0,2.7,0.0,0.2,3.1,0.0,0.2
20126,Dylan Carlson,"OF,DH",2.7,539.0,0.0,2.7,0.0,-0.6,3.6,0.0,-0.8
18000,Triston McKenzie,P,2.7,0.0,191.0,0.0,2.7,0.0,0.0,2.8,0.0
15676,José Abreu,"1B,DH",2.7,658.0,0.0,2.7,0.0,0.1,2.9,0.0,0.1
19447,Patrick Sandoval,P,2.7,0.0,163.0,0.0,2.7,0.0,0.0,3.3,0.0
17907,Brendan Rodgers,"2B,DH",2.6,588.0,0.0,2.6,0.0,-1.3,3.1,0.0,-1.5
16511,Jordan Montgomery,P,2.6,0.0,172.0,0.0,2.6,0.0,0.0,3.1,0.0
12532,Kolten Wong,"2B,DH",2.6,518.0,0.0,2.6,0.0,-0.6,3.6,0.0,-0.8
15038,Germán Márquez,P,2.6,0.0,194.0,0.0,2.6,0.0,0.0,2.7,0.0
17027,Alex Verdugo,"OF,DH",2.6,595.0,0.0,2.6,0.0,-0.5,3.0,0.0,-0.6
17901,Andrew Benintendi,"OF,DH",2.6,553.0,0.0,2.6,0.0,-0.2,3.3,0.0,-0.3
17484,Eloy Jiménez,"OF,DH",2.6,609.0,0.0,2.6,0.0,0.3,2.9,0.0,0.3
21454,Lars Nootbaar,"OF,DH",2.6,462.0,0.0,2.6,0.0,-0.1,3.9,0.0,-0.2
31838,Kodai Senga,P,2.6,0.0,165.0,0.0,2.6,0.0,0.0,3.1,0.0
11368,Yasmani Grandal,"C,DH",2.6,354.0,0.0,2.6,0.0,-0.7,5.2,0.0,-1.4
24064,Ezequiel Tovar,DH,2.6,553.0,0.0,2.6,0.0,-1.5,3.3,0.0,-1.9
16472,Rhys Hoskins,"1B,DH",2.5,630.0,0.0,2.5,0.0,-0.3,2.8,0.0,-0.3
17452,Jose Siri,"OF,DH",2.5,511.0,0.0,2.5,0.0,-1.0,3.4,0.0,-1.4
26197,Andrew Vaughn,"1B,OF,DH",2.5,609.0,0.0,2.5,0.0,0.0,2.9,0.0,0.0
9132,Nathan Eovaldi,P,2.5,0.0,152.0,0.0,2.5,0.0,0.0,3.2,0.0
5343,Brandon Crawford,"SS,DH",2.5,532.0,0.0,2.5,0.0,-1.4,3.3,0.0,-1.8
15464,Hunter Renfroe,"OF,DH",2.5,560.0,0.0,2.5,0.0,-0.4,3.1,0.0,-0.5
4676,Charlie Morton,P,2.5,0.0,164.0,0.0,2.5,0.0,0.0,3.1,0.0
9874,DJ LeMahieu,"1B,2B,3B,DH",2.5,441.0,0.0,2.5,0.0,-0.4,3.9,0.0,-0.6
16725,Jose Trevino,"C,DH",2.5,352.0,0.0,2.5,0.0,-1.9,5.1,0.0,-3.8
14551,Anthony Santander,"OF,DH",2.5,651.0,0.0,2.5,0.0,-0.4,2.7,0.0,-0.4
17277,Ranger Suárez,P,2.5,0.0,173.0,0.0,2.5,0.0,0.0,2.9,0.0
10603,Chris Sale,P,2.5,0.0,140.0,0.0,2.5,0.0,0.0,3.6,0.0
14916,Jon Gray,P,2.5,0.0,172.0,0.0,2.5,0.0,0.0,2.9,0.0
3473,Anthony Rizzo,"1B,DH",2.4,567.0,0.0,2.4,0.0,-0.2,2.9,0.0,-0.2
13431,Marcus Stroman,P,2.4,0.0,172.0,0.0,2.4,0.0,0.0,2.8,0.0
12304,Chris Bassitt,P,2.4,0.0,182.0,0.0,2.4,0.0,0.0,2.7,0.0
20178,Miguel Vargas,DH,2.4,532.0,0.0,2.4,0.0,-0.5,3.2,0.0,-0.7
19997,Santiago Espinal,"2B,DH",2.4,511.0,0.0,2.4,0.0,-1.2,3.3,0.0,-1.6
15474,Lucas Giolito,P,2.4,0.0,178.0,0.0,2.4,0.0,0.0,2.8,0.0
12552,Eugenio Suárez,"3B,DH",2.4,623.0,0.0,2.4,0.0,-1.4,2.7,0.0,-1.6
18373,Ryan Mountcastle,"1B,DH",2.4,609.0,0.0,2.4,0.0,-0.2,2.8,0.0,-0.2
13066,Teoscar Hernández,"OF,DH",2.4,616.0,0.0,2.4,0.0,0.0,2.8,0.0,0.0
24679,Brendan Donovan,"2B,3B,OF,DH",2.3,539.0,0.0,2.3,0.0,-0.8,3.0,0.0,-1.0
19610,Keibert Ruiz,"C,DH",2.3,460.0,0.0,2.3,0.0,-0.9,3.5,0.0,-1.4
21390,Joe Ryan,P,2.3,0.0,161.0,0.0,2.3,0.0,0.0,2.9,0.0
15423,Andrew Heaney,P,2.3,0.0,133.0,0.0,2.3,0.0,0.0,3.4,0.0
25436,George Kirby,P,2.3,0.0,135.0,0.0,2.3,0.0,0.0,3.4,0.0
19734,Josh Rojas,"2B,3B,DH",2.3,511.0,0.0,2.3,0.0,-0.9,3.2,0.0,-1.2
25385,Drew Rasmussen,P,2.3,0.0,160.0,0.0,2.3,0.0,0.0,2.8,0.0
13265,Mike Zunino,"C,DH",2.3,346.0,0.0,2.3,0.0,-1.2,4.7,0.0,-2.4
22250,Logan Gilbert,P,2.3,0.0,178.0,0.0,2.3,0.0,0.0,2.5,0.0
13164,Eduardo Rodriguez,P,2.3,0.0,162.0,0.0,2.3,0.0,0.0,2.9,0.0
14894,Tony Kemp,"2B,OF,DH",2.3,546.0,0.0,2.3,0.0,-0.8,3.0,0.0,-1.0
21523,Jonathan India,"2B,DH",2.2,609.0,0.0,2.2,0.0,-1.3,2.5,0.0,-1.5
21622,Jake McCarthy,"OF,DH",2.2,581.0,0.0,2.2,0.0,-0.7,2.6,0.0,-0.8
13769,Adalberto Mondesi,"SS,DH",2.2,462.0,0.0,2.2,0.0,-1.1,3.3,0.0,-1.7
14710,Edwin Díaz,P,2.2,0.0,64.0,0.0,2.2,0.0,0.0,6.8,0.0
18679,Freddy Peralta,P,2.2,0.0,124.0,0.0,2.2,0.0,0.0,3.5,0.0
15429,Kris Bryant,"OF,DH",2.2,546.0,0.0,2.2,0.0,0.0,2.9,0.0,0.0
14274,Mitch Haniger,"OF,DH",2.2,574.0,0.0,2.2,0.0,-0.6,2.6,0.0,-0.7
7304,Salvador Perez,"C,DH",2.2,574.0,0.0,2.2,0.0,-0.8,2.7,0.0,-1.0
11445,Mark Canha,"OF,DH",2.2,546.0,0.0,2.2,0.0,-0.2,2.8,0.0,-0.3
12144,Max Kepler,"OF,DH",2.2,525.0,0.0,2.2,0.0,-0.8,3.0,0.0,-1.1
21618,Alec Bohm,"3B,DH",2.2,630.0,0.0,2.2,0.0,-1.4,2.5,0.0,-1.6
13853,Joey Wendle,"2B,3B,SS,DH",2.2,504.0,0.0,2.2,0.0,-1.3,3.0,0.0,-1.8
17606,Cristian Javier,P,2.2,0.0,166.0,0.0,2.2,0.0,0.0,2.7,0.0
16358,Tyler Mahle,P,2.2,0.0,161.0,0.0,2.2,0.0,0.0,2.7,0.0
17085,Pablo López,P,2.2,0.0,167.0,0.0,2.2,0.0,0.0,2.7,0.0
19363,Austin Hays,"OF,DH",2.2,588.0,0.0,2.2,0.0,-1.0,2.7,0.0,-1.2
15998,Cody Bellinger,"OF,DH",2.2,525.0,0.0,2.2,0.0,-1.2,2.9,0.0,-1.6
15890,Luis Severino,P,2.2,0.0,139.0,0.0,2.2,0.0,0.0,3.1,0.0
11579,Bryce Harper,DH,2.2,336.0,0.0,2.2,0.0,0.8,4.5,0.0,1.7
19665,Kyle Wright,P,2.2,0.0,181.0,0.0,2.2,0.0,0.0,2.5,0.0
19287,Adolis García,"OF,DH",2.2,658.0,0.0,2.2,0.0,-1.3,2.3,0.0,-1.4
15672,Austin Meadows,"OF,DH",2.2,539.0,0.0,2.2,0.0,-0.1,2.9,0.0,-0.1
15679,Rowdy Tellez,"1B,DH",2.1,553.0,0.0,2.1,0.0,-0.3,2.7,0.0,-0.4
13723,Jacob Stallings,"C,DH",2.1,397.0,0.0,2.1,0.0,-1.8,3.6,0.0,-3.2
16376,Michael Conforto,DH,2.1,553.0,0.0,2.1,0.0,-0.3,2.7,0.0,-0.4
11674,Jameson Taillon,P,2.1,0.0,172.0,0.0,2.1,0.0,0.0,2.4,0.0
11486,Robbie Ray,P,2.1,0.0,190.0,0.0,2.1,0.0,0.0,2.2,0.0
14120,Lance McCullers Jr.,P,2.1,0.0,147.0,0.0,2.1,0.0,0.0,2.8,0.0
4949,Giancarlo Stanton,"OF,DH",2.1,539.0,0.0,2.1,0.0,0.1,2.8,0.0,0.1
9774,Christian Vázquez,"C,DH",2.1,379.0,0.0,2.1,0.0,-1.6,3.8,0.0,-3.0
12768,Sonny Gray,P,2.1,0.0,142.0,0.0,2.1,0.0,0.0,2.9,0.0
14712,Manuel Margot,"OF,DH",2.1,553.0,0.0,2.1,0.0,-1.1,2.7,0.0,-1.4
9803,Miles Mikolas,P,2.0,0.0,187.0,0.0,2.0,0.0,0.0,2.1,0.0
13338,Omar Narváez,"C,DH",2.0,334.0,0.0,2.0,0.0,-1.0,4.2,0.0,-2.1
22810,Roansy Contreras,P,2.0,0.0,142.0,0.0,2.0,0.0,0.0,2.7,0.0
10028,Christian Bethancourt,"1B,C,DH",2.0,302.0,0.0,2.0,0.0,-0.9,4.5,0.0,-2.1
14128,Joey Gallo,"OF,DH",2.0,469.0,0.0,2.0,0.0,-0.5,2.9,0.0,-0.7
13620,Carson Kelly,"C,DH",2.0,346.0,0.0,2.0,0.0,-0.9,4.0,0.0,-1.8
25768,CJ Abrams,"SS,DH",2.0,560.0,0.0,2.0,0.0,-1.9,2.5,0.0,-2.4
17620,Myles Straw,"OF,DH",2.0,525.0,0.0,2.0,0.0,-1.4,2.7,0.0,-1.9
20503,William Contreras,"C,DH",2.0,491.0,0.0,2.0,0.0,-0.9,2.9,0.0,-1.3
13757,Chris Taylor,"2B,OF,DH",2.0,504.0,0.0,2.0,0.0,-1.1,2.7,0.0,-1.5
26299,Josh Jung,"3B,DH",2.0,525.0,0.0,2.0,0.0,-1.2,2.7,0.0,-1.6
13621,Jeimer Candelario,"3B,DH",1.9,581.0,0.0,1.9,0.0,-1.4,2.3,0.0,-1.7
21032,Emmanuel Clase,P,1.9,0.0,70.0,0.0,1.9,0.0,0.0,5.6,0.0
18839,Josh Naylor,"1B,DH",1.9,560.0,0.0,1.9,0.0,-0.3,2.3,0.0,-0.4
17677,Jeffrey Springs,P,1.9,0.0,134.0,0.0,1.9,0.0,0.0,2.9,0.0
22514,Triston Casas,"1B,DH",1.9,532.0,0.0,1.9,0.0,-0.4,2.5,0.0,-0.5
2829,Manny Piña,DH,1.9,276.0,0.0,1.9,0.0,-0.9,4.9,0.0,-2.3
12880,Tyler Anderson,P,1.9,0.0,184.0,0.0,1.9,0.0,0.0,2.0,0.0
26031,Vaughn Grissom,"2B,DH",1.9,469.0,0.0,1.9,0.0,-1.0,2.8,0.0,-1.5
11423,José Quintana,P,1.9,0.0,153.0,0.0,1.9,0.0,0.0,2.5,0.0
11156,Merrill Kelly,P,1.9,0.0,196.0,0.0,1.9,0.0,0.0,2.0,0.0
15873,Sean Manaea,P,1.9,0.0,154.0,0.0,1.9,0.0,0.0,2.5,0.0
19959,Jesús Luzardo,P,1.9,0.0,138.0,0.0,1.9,0.0,0.0,2.8,0.0
17312,Justin Steele,P,1.9,0.0,137.0,0.0,1.9,0.0,0.0,2.7,0.0
27468,Reid Detmers,P,1.9,0.0,145.0,0.0,1.9,0.0,0.0,2.6,0.0
26294,Bryson Stott,"2B,SS,DH",1.9,497.0,0.0,1.9,0.0,-1.4,2.7,0.0,-2.0
19858,Luis Rengifo,"2B,3B,SS,DH",1.8,448.0,0.0,1.8,0.0,-1.1,2.8,0.0,-1.7
17594,Mitch Keller,P,1.8,0.0,160.0,0.0,1.8,0.0,0.0,2.3,0.0
21897,Christopher Morel,"2B,3B,OF,SS,DH",1.8,518.0,0.0,1.8,0.0,-1.4,2.4,0.0,-1.9
15223,Adam Frazier,"2B,OF,DH",1.8,483.0,0.0,1.8,0.0,-1.3,2.6,0.0,-1.9
23735,Luis Garcia,P,1.8,0.0,156.0,0.0,1.8,0.0,0.0,2.3,0.0
11762,Noah Syndergaard,P,1.8,0.0,157.0,0.0,1.8,0.0,0.0,2.3,0.0
19716,Dustin May,P,1.8,0.0,114.0,0.0,1.8,0.0,0.0,3.1,0.0
11899,Joc Pederson,"OF,DH",1.8,532.0,0.0,1.8,0.0,-0.4,2.4,0.0,-0.5
13145,Josh Bell,"1B,DH",1.8,602.0,0.0,1.8,0.0,-0.6,2.1,0.0,-0.7
6902,Martín Pérez,P,1.8,0.0,181.0,0.0,1.8,0.0,0.0,2.0,0.0
14168,José Berríos,P,1.8,0.0,176.0,0.0,1.8,0.0,0.0,2.0,0.0
5038,Josh Donaldson,"3B,DH",1.8,441.0,0.0,1.8,0.0,-1.0,2.8,0.0,-1.6
5235,Justin Turner,"3B,DH",1.8,546.0,0.0,1.8,0.0,-0.5,2.3,0.0,-0.6
13774,Zach Eflin,P,1.8,0.0,144.0,0.0,1.8,0.0,0.0,2.5,0.0
14309,Frankie Montas,P,1.8,0.0,127.0,0.0,1.8,0.0,0.0,2.9,0.0
5827,Wilmer Flores,"1B,2B,3B,DH",1.8,462.0,0.0,1.8,0.0,-0.8,2.7,0.0,-1.2
14212,Josh Hader,P,1.8,0.0,66.0,0.0,1.8,0.0,0.0,5.5,0.0
24782,David Villar,"3B,DH",1.8,420.0,0.0,1.8,0.0,-0.8,3.0,0.0,-1.3
23792,Alek Thomas,"OF,DH",1.7,392.0,0.0,1.7,0.0,-1.0,3.0,0.0,-1.8
18171,Seth Brown,"1B,OF,DH",1.7,518.0,0.0,1.7,0.0,-0.6,2.2,0.0,-0.8
13675,Tyrone Taylor,"OF,DH",1.7,511.0,0.0,1.7,0.0,-1.1,2.3,0.0,-1.5
2429,Corey Kluber,P,1.7,0.0,155.0,0.0,1.7,0.0,0.0,2.2,0.0
10047,Wil Myers,"1B,OF,DH",1.7,574.0,0.0,1.7,0.0,-1.0,2.0,0.0,-1.2
15674,Reese McGuire,"C,DH",1.7,320.0,0.0,1.7,0.0,-1.4,3.8,0.0,-3.1
7739,Travis d'Arnaud,"C,DH",1.7,424.0,0.0,1.7,0.0,-1.0,2.8,0.0,-1.7
13590,Jesse Winker,"OF,DH",1.7,490.0,0.0,1.7,0.0,-0.4,2.5,0.0,-0.6
15161,Mitch Garver,"C,DH",1.7,424.0,0.0,1.7,0.0,-0.5,2.8,0.0,-0.8
12730,Nick Martinez,P,1.7,0.0,151.0,0.0,1.7,0.0,0.0,2.2,0.0
10231,José Iglesias,"SS,DH",1.7,427.0,0.0,1.7,0.0,-1.2,2.9,0.0,-2.0
22664,Gabriel Moreno,"C,DH",1.7,320.0,0.0,1.7,0.0,-0.7,3.8,0.0,-1.5
11038,Kevin Kiermaier,"OF,DH",1.7,427.0,0.0,1.7,0.0,-1.5,2.8,0.0,-2.5
18900,Leody Taveras,"OF,DH",1.7,539.0,0.0,1.7,0.0,-1.8,2.2,0.0,-2.3
17988,Tyler Stephenson,"C,DH",1.7,544.0,0.0,1.7,0.0,-1.4,2.2,0.0,-1.8
23920,Brayan Bello,P,1.6,0.0,113.0,0.0,1.6,0.0,0.0,2.9,0.0
10681,Gio Urshela,"3B,DH",1.6,448.0,0.0,1.6,0.0,-1.0,2.6,0.0,-1.6
22197,MJ Melendez,"C,OF,DH",1.6,552.0,0.0,1.6,0.0,-0.7,2.1,0.0,-0.9
8709,Elvis Andrus,"SS,DH",1.6,504.0,0.0,1.6,0.0,-1.7,2.2,0.0,-2.4
20970,Oscar Gonzalez,"OF,DH",1.6,560.0,0.0,1.6,0.0,-1.1,2.0,0.0,-1.4
13781,Alex Wood,P,1.6,0.0,126.0,0.0,1.6,0.0,0.0,2.5,0.0
sa3010868,Anthony Volpe,DH,1.6,308.0,0.0,1.6,0.0,-0.5,3.6,0.0,-1.1
9952,Trayce Thompson,"OF,DH",1.6,350.0,0.0,1.6,0.0,-0.7,3.2,0.0,-1.4
4106,Michael Brantley,"OF,DH",1.6,462.0,0.0,1.6,0.0,-0.3,2.3,0.0,-0.5
25816,Shea Langeliers,"C,DH",1.6,463.0,0.0,1.6,0.0,-1.3,2.5,0.0,-2.0
22277,Nick Allen,"2B,SS,DH",1.6,504.0,0.0,1.6,0.0,-2.4,2.3,0.0,-3.3
19388,Tony Gonsolin,P,1.6,0.0,143.0,0.0,1.6,0.0,0.0,2.2,0.0
20373,Andrés Muñoz,P,1.6,0.0,65.0,0.0,1.6,0.0,0.0,5.0,0.0
11265,Jonathan Schoop,"2B,DH",1.6,574.0,0.0,1.6,0.0,-1.8,2.0,0.0,-2.2
sa3008130,Grayson Rodriguez,P,1.6,0.0,121.0,0.0,1.6,0.0,0.0,2.6,0.0
17578,JT Brubaker,P,1.6,0.0,159.0,0.0,1.6,0.0,0.0,2.1,0.0
19238,Lourdes Gurriel Jr.,"OF,DH",1.6,532.0,0.0,1.6,0.0,-0.8,2.1,0.0,-1.1
11836,Taijuan Walker,P,1.6,0.0,158.0,0.0,1.6,0.0,0.0,2.0,0.0
15941,Austin Nola,"C,DH",1.6,326.0,0.0,1.6,0.0,-0.7,3.4,0.0,-1.5
15440,Matthew Boyd,P,1.5,0.0,148.0,0.0,1.5,0.0,0.0,2.1,0.0
20505,Drew Waters,"OF,DH",1.5,532.0,0.0,1.5,0.0,-1.5,1.9,0.0,-2.0
15279,Garrett Cooper,"1B,DH",1.5,553.0,0.0,1.5,0.0,-0.9,1.9,0.0,-1.1
20437,Royce Lewis,"SS,DH",1.5,287.0,0.0,1.5,0.0,-0.1,3.7,0.0,-0.2
6153,Eduardo Escobar,"3B,DH",1.5,469.0,0.0,1.5,0.0,-1.3,2.2,0.0,-1.9
15937,Aledmys Díaz,"2B,OF,SS,DH",1.5,434.0,0.0,1.5,0.0,-1.3,2.3,0.0,-2.1
12447,Seth Lugo,P,1.5,0.0,146.0,0.0,1.5,0.0,0.0,2.1,0.0
5517,Kyle Higashioka,"C,DH",1.5,237.0,0.0,1.5,0.0,-0.9,4.4,0.0,-2.7
10059,Max Stassi,"C,DH",1.5,307.0,0.0,1.5,0.0,-1.5,3.3,0.0,-3.4
11828,James Paxton,P,1.5,0.0,139.0,0.0,1.5,0.0,0.0,2.1,0.0
sa3008272,Endy Rodriguez,DH,1.5,258.0,0.0,1.5,0.0,-0.5,4.0,0.0,-1.4
12325,Jace Peterson,"3B,OF,DH",1.5,434.0,0.0,1.5,0.0,-0.9,2.4,0.0,-1.5
19350,Dean Kremer,P,1.5,0.0,145.0,0.0,1.5,0.0,0.0,2.1,0.0
12564,Trevor Story,"2B,DH",1.5,308.0,0.0,1.5,0.0,-0.2,3.4,0.0,-0.5
26323,Spencer Steer,"3B,DH",1.5,455.0,0.0,1.5,0.0,-1.3,2.3,0.0,-2.0
11615,Brandon Drury,"1B,2B,3B,DH",1.5,497.0,0.0,1.5,0.0,-1.4,2.1,0.0,-2.0
16939,Lane Thomas,"OF,DH",1.5,560.0,0.0,1.5,0.0,-1.4,1.8,0.0,-1.8
19911,José Suarez,P,1.5,0.0,141.0,0.0,1.5,0.0,0.0,2.2,0.0
27555,Garrett Mitchell,"OF,DH",1.5,420.0,0.0,1.5,0.0,-0.9,2.6,0.0,-1.5
27552,Graham Ashcraft,P,1.5,0.0,140.0,0.0,1.5,0.0,0.0,2.2,0.0
27465,Spencer Torkelson,"1B,DH",1.5,560.0,0.0,1.5,0.0,-0.9,1.9,0.0,-1.1
21538,Nick Fortes,"C,DH",1.5,265.0,0.0,1.5,0.0,-0.7,3.8,0.0,-1.8
14366,Joey Meneses,"1B,OF,DH",1.5,602.0,0.0,1.5,0.0,-1.0,1.7,0.0,-1.2
22286,Trevor Rogers,P,1.5,0.0,121.0,0.0,1.5,0.0,0.0,2.5,0.0
24618,Ryan Jeffers,"C,DH",1.5,256.0,0.0,1.5,0.0,-0.8,4.2,0.0,-2.2
24729,Logan O'Hoppe,DH,1.5,314.0,0.0,1.5,0.0,-0.7,3.4,0.0,-1.6
14221,Jorge Soler,"OF,DH",1.5,560.0,0.0,1.5,0.0,-0.7,1.9,0.0,-0.9
7005,Ryan Pressly,P,1.4,0.0,62.0,0.0,1.4,0.0,0.0,4.6,0.0
19599,Chas McCormick,"OF,DH",1.4,455.0,0.0,1.4,0.0,-1.3,2.1,0.0,-2.0
21029,Jhoan Duran,P,1.4,0.0,68.0,0.0,1.4,0.0,0.0,4.1,0.0
21780,Esteury Ruiz,DH,1.4,434.0,0.0,1.4,0.0,-0.6,2.3,0.0,-1.0
12147,Nick Ahmed,"SS,DH",1.4,420.0,0.0,1.4,0.0,-1.8,2.4,0.0,-3.0
6632,Carlos Carrasco,P,1.4,0.0,145.0,0.0,1.4,0.0,0.0,1.9,0.0
13499,Tom Murphy,"C,DH",1.4,265.0,0.0,1.4,0.0,-0.6,3.8,0.0,-1.6
19479,Aaron Civale,P,1.4,0.0,130.0,0.0,1.4,0.0,0.0,2.1,0.0
12158,Austin Barnes,"C,DH",1.4,198.0,0.0,1.4,0.0,-0.6,5.0,0.0,-2.1
15454,Nick Pivetta,P,1.4,0.0,171.0,0.0,1.4,0.0,0.0,1.7,0.0
14739,Paul Blackburn,P,1.4,0.0,156.0,0.0,1.4,0.0,0.0,1.8,0.0
18498,Kenta Maeda,P,1.4,0.0,147.0,0.0,1.4,0.0,0.0,2.0,0.0
18042,Dylan Moore,"OF,SS,DH",1.4,315.0,0.0,1.4,0.0,-0.5,3.1,0.0,-1.1
19316,Eric Lauer,P,1.4,0.0,154.0,0.0,1.4,0.0,0.0,1.9,0.0
13273,Ross Stripling,P,1.4,0.0,142.0,0.0,1.4,0.0,0.0,1.9,0.0
27684,Michael Massey,"2B,DH",1.4,448.0,0.0,1.4,0.0,-1.3,2.2,0.0,-2.0
27681,Ken Waldichuk,P,1.4,0.0,122.0,0.0,1.4,0.0,0.0,2.2,0.0
16451,Luis Guillorme,"2B,3B,DH",1.4,308.0,0.0,1.4,0.0,-0.7,3.1,0.0,-1.6
6184,J.D. Martinez,DH,1.4,567.0,0.0,1.4,0.0,-0.9,1.7,0.0,-1.1
22201,MacKenzie Gore,P,1.4,0.0,118.0,0.0,1.4,0.0,0.0,2.3,0.0
10264,Brandon Belt,"1B,DH",1.3,364.0,0.0,1.3,0.0,-0.1,2.4,0.0,-0.2
19339,Nicky Lopez,"2B,3B,SS,DH",1.3,378.0,0.0,1.3,0.0,-1.3,2.4,0.0,-2.4
15816,Devin Williams,P,1.3,0.0,65.0,0.0,1.3,0.0,0.0,4.1,0.0
20391,Luis García,"2B,SS,DH",1.3,511.0,0.0,1.3,0.0,-1.6,1.8,0.0,-2.2
14078,Michael Wacha,P,1.3,0.0,150.0,0.0,1.3,0.0,0.0,1.7,0.0
5760,Avisaíl García,"OF,DH",1.3,588.0,0.0,1.3,0.0,-1.9,1.5,0.0,-2.3
13361,Steven Matz,P,1.3,0.0,120.0,0.0,1.3,0.0,0.0,2.2,0.0
17282,Michael Kopech,P,1.3,0.0,141.0,0.0,1.3,0.0,0.0,1.8,0.0
12546,C.J. Cron,"1B,DH",1.3,595.0,0.0,1.3,0.0,-1.3,1.5,0.0,-1.5
10950,Adam Duvall,"OF,DH",1.3,448.0,0.0,1.3,0.0,-1.2,2.1,0.0,-1.9
17130,Raisel Iglesias,P,1.3,0.0,66.0,0.0,1.3,0.0,0.0,3.8,0.0
19600,Bryan De La Cruz,"OF,DH",1.3,504.0,0.0,1.3,0.0,-1.0,1.7,0.0,-1.4
16256,Kyle Freeland,P,1.3,0.0,175.0,0.0,1.3,0.0,0.0,1.5,0.0
16977,Trevor Williams,P,1.3,0.0,131.0,0.0,1.3,0.0,0.0,1.9,0.0
2900,Roberto Perez,"C,DH",1.3,237.0,0.0,1.3,0.0,-1.3,4.0,0.0,-3.8
22263,Nolan Gorman,"2B,DH",1.3,364.0,0.0,1.3,0.0,-0.6,2.6,0.0,-1.2
17479,Jack Flaherty,P,1.3,0.0,140.0,0.0,1.3,0.0,0.0,1.9,0.0
19312,Cal Quantrill,P,1.3,0.0,169.0,0.0,1.3,0.0,0.0,1.6,0.0
17780,José Alvarado,P,1.3,0.0,65.0,0.0,1.3,0.0,0.0,4.0,0.0
5452,Ji-Man Choi,"1B,DH",1.3,511.0,0.0,1.3,0.0,-0.9,1.7,0.0,-1.2
10123,Kyle Gibson,P,1.3,0.0,165.0,0.0,1.3,0.0,0.0,1.6,0.0
17998,Pete Fairbanks,P,1.3,0.0,65.0,0.0,1.3,0.0,0.0,4.1,0.0
18413,José Urquidy,P,1.3,0.0,155.0,0.0,1.3,0.0,0.0,1.7,0.0
7802,Miguel Rojas,"SS,DH",1.3,308.0,0.0,1.3,0.0,-1.1,3.0,0.0,-2.5
20666,Félix Bautista,P,1.3,0.0,66.0,0.0,1.3,0.0,0.0,3.9,0.0
10131,Stephen Strasburg,P,1.3,0.0,85.0,0.0,1.3,0.0,0.0,3.2,0.0
23818,Ji Hwan Bae,DH,1.3,350.0,0.0,1.3,0.0,-0.9,2.6,0.0,-1.8
19260,Jake Fraley,"OF,DH",1.3,476.0,0.0,1.3,0.0,-0.7,1.8,0.0,-1.0
18138,Ryan Helsley,P,1.3,0.0,68.0,0.0,1.3,0.0,0.0,3.8,0.0
11737,Nick Castellanos,"OF,DH",1.3,609.0,0.0,1.3,0.0,-1.1,1.5,0.0,-1.3
2396,Carlos Santana,"1B,DH",1.2,504.0,0.0,1.2,0.0,-0.9,1.6,0.0,-1.2
13185,Orlando Arcia,"2B,DH",1.2,315.0,0.0,1.2,0.0,-1.0,2.6,0.0,-2.2
20202,Brandon Marsh,"OF,DH",1.2,560.0,0.0,1.2,0.0,-2.4,1.5,0.0,-3.0
21635,Nick Maton,"OF,DH",1.2,420.0,0.0,1.2,0.0,-1.5,2.1,0.0,-2.5
8779,Wade Miley,P,1.2,0.0,119.0,0.0,1.2,0.0,0.0,2.0,0.0
9627,Yan Gomes,"C,DH",1.2,282.0,0.0,1.2,0.0,-1.2,3.0,0.0,-3.0
27473,Cade Cavalli,P,1.2,0.0,117.0,0.0,1.2,0.0,0.0,2.0,0.0
14843,Michael Lorenzen,P,1.2,0.0,142.0,0.0,1.2,0.0,0.0,1.7,0.0
31839,Shintaro Fujinami,P,1.2,0.0,157.0,0.0,1.2,0.0,0.0,1.6,0.0
22168,Akil Baddoo,"OF,DH",1.2,420.0,0.0,1.2,0.0,-0.8,2.0,0.0,-1.3
2233,Adam Wainwright,P,1.2,0.0,165.0,0.0,1.2,0.0,0.0,1.4,0.0
16434,Christian Arroyo,"2B,OF,DH",1.2,301.0,0.0,1.2,0.0,-0.7,2.7,0.0,-1.6
12037,Jon Berti,"2B,3B,OF,DH",1.2,357.0,0.0,1.2,0.0,-0.5,2.4,0.0,-1.0
16207,Spencer Turnbull,P,1.2,0.0,127.0,0.0,1.2,0.0,0.0,1.9,0.0
19569,David Bednar,P,1.2,0.0,66.0,0.0,1.2,0.0,0.0,3.6,0.0
24580,Josiah Gray,P,1.2,0.0,163.0,0.0,1.2,0.0,0.0,1.5,0.0
17696,Kevin Newman,"2B,SS,DH",1.2,532.0,0.0,1.2,0.0,-2.2,1.6,0.0,-2.9
21987,Rodolfo Castro,"2B,3B,SS,DH",1.2,434.0,0.0,1.2,0.0,-1.6,1.9,0.0,-2.6
10243,Randal Grichuk,"OF,DH",1.2,511.0,0.0,1.2,0.0,-1.7,1.6,0.0,-2.3
22823,Oswald Peraza,DH,1.2,287.0,0.0,1.2,0.0,-0.7,3.0,0.0,-1.7
18289,Brian Anderson,"3B,OF,DH",1.2,469.0,0.0,1.2,0.0,-1.3,1.8,0.0,-1.9
19422,Brian Serven,"C,DH",1.2,224.0,0.0,1.2,0.0,-1.2,3.9,0.0,-3.8
11489,Michael A. Taylor,"OF,DH",1.2,364.0,0.0,1.2,0.0,-1.4,2.3,0.0,-2.7
12499,Drew Rucinski,P,1.2,0.0,169.0,0.0,1.2,0.0,0.0,1.5,0.0
18363,Victor Robles,"OF,DH",1.2,490.0,0.0,1.2,0.0,-2.2,1.7,0.0,-3.1
18655,A.J. Minter,P,1.2,0.0,68.0,0.0,1.2,0.0,0.0,3.5,0.0
18607,Jared Walsh,"1B,DH",1.2,490.0,0.0,1.2,0.0,-1.0,1.7,0.0,-1.4
21614,Kyle Isbel,"OF,DH",1.2,497.0,0.0,1.2,0.0,-1.8,1.7,0.0,-2.5
15488,Antonio Senzatela,P,1.2,0.0,140.0,0.0,1.2,0.0,0.0,1.7,0.0
9368,Evan Longoria,"3B,DH",1.2,420.0,0.0,1.2,0.0,-1.3,2.0,0.0,-2.2
14968,Victor Caratini,"C,DH",1.2,264.0,0.0,1.2,0.0,-1.1,3.0,0.0,-2.9
12976,Austin Hedges,"C,DH",1.1,294.0,0.0,1.1,0.0,-2.1,2.5,0.0,-5.0
24586,Kyle Bradish,P,1.1,0.0,135.0,0.0,1.1,0.0,0.0,1.6,0.0
18400,Juan Yepez,"OF,DH",1.1,343.0,0.0,1.1,0.0,-0.2,2.2,0.0,-0.4
19698,Edward Olivares,"OF,DH",1.1,392.0,0.0,1.1,0.0,-0.9,1.9,0.0,-1.6
22244,Jack Suwinski,"OF,DH",1.1,399.0,0.0,1.1,0.0,-0.7,1.9,0.0,-1.2
12808,Mike Clevinger,P,1.1,0.0,135.0,0.0,1.1,0.0,0.0,1.7,0.0
17273,Jorge Mateo,"SS,DH",1.1,329.0,0.0,1.1,0.0,-1.1,2.4,0.0,-2.3
sa3008294,Brice Turang,DH,1.1,448.0,0.0,1.1,0.0,-1.8,1.8,0.0,-2.8
1943,Zack Greinke,P,1.1,0.0,134.0,0.0,1.1,0.0,0.0,1.6,0.0
11281,Whit Merrifield,"2B,OF,DH",1.1,504.0,0.0,1.1,0.0,-1.2,1.5,0.0,-1.7
17734,Evan Phillips,P,1.1,0.0,66.0,0.0,1.1,0.0,0.0,3.5,0.0
14130,Daniel Vogelbach,DH,1.1,364.0,0.0,1.1,0.0,-0.3,2.0,0.0,-0.6
9323,Patrick Corbin,P,1.1,0.0,158.0,0.0,1.1,0.0,0.0,1.4,0.0
16403,Francisco Mejía,"C,DH",1.1,301.0,0.0,1.1,0.0,-0.9,2.5,0.0,-2.1
26253,Ryne Nelson,P,1.1,0.0,115.0,0.0,1.1,0.0,0.0,1.9,0.0
20167,Kyle Muller,P,1.1,0.0,110.0,0.0,1.1,0.0,0.0,2.1,0.0
16258,Aaron Bummer,P,1.1,0.0,66.0,0.0,1.1,0.0,0.0,3.3,0.0
10815,Jurickson Profar,"OF,DH",1.1,476.0,0.0,1.1,0.0,-1.1,1.6,0.0,-1.6
11442,Gary Sanchez,"C,DH",1.1,334.0,0.0,1.1,0.0,-1.0,2.4,0.0,-2.1
16153,Austin Slater,"OF,DH",1.1,259.0,0.0,1.1,0.0,-0.1,3.0,0.0,-0.3
21690,Edward Cabrera,P,1.1,0.0,120.0,0.0,1.1,0.0,0.0,1.8,0.0
13449,Taylor Rogers,P,1.1,0.0,66.0,0.0,1.1,0.0,0.0,3.3,0.0
24770,James Outman,DH,1.1,245.0,0.0,1.1,0.0,-0.6,3.0,0.0,-1.7
8090,Matt Carpenter,"OF,DH",1.1,455.0,0.0,1.1,0.0,-0.9,1.7,0.0,-1.4
6893,Johnny Cueto,P,1.1,0.0,156.0,0.0,1.1,0.0,0.0,1.4,0.0
23550,Aaron Ashby,P,1.0,0.0,93.0,0.0,1.0,0.0,0.0,2.0,0.0
21837,Jonathan Aranda,DH,1.0,343.0,0.0,1.0,0.0,-0.6,1.9,0.0,-1.2
16219,J.D. Davis,"1B,3B,DH",1.0,357.0,0.0,1.0,0.0,-0.4,2.0,0.0,-0.8
22558,Jarred Kelenic,"OF,DH",1.0,427.0,0.0,1.0,0.0,-0.9,1.7,0.0,-1.5
10324,Marcell Ozuna,"OF,DH",1.0,413.0,0.0,1.0,0.0,-0.7,1.7,0.0,-1.2
10200,Tucker Barnhart,"C,DH",1.0,326.0,0.0,1.0,0.0,-1.9,2.1,0.0,-4.1
2136,David Peralta,"OF,DH",1.0,420.0,0.0,1.0,0.0,-1.3,1.6,0.0,-2.2
9847,Andrew McCutchen,"OF,DH",1.0,504.0,0.0,1.0,0.0,-1.2,1.4,0.0,-1.7
17992,David Fletcher,"2B,SS,DH",1.0,350.0,0.0,1.0,0.0,-1.4,2.0,0.0,-2.8
20369,Matt Manning,P,1.0,0.0,124.0,0.0,1.0,0.0,0.0,1.7,0.0
13602,Patrick Wisdom,"1B,3B,DH",1.0,350.0,0.0,1.0,0.0,-0.9,2.1,0.0,-1.8
26396,Josh H. Smith,"3B,OF,DH",1.0,378.0,0.0,1.0,0.0,-0.9,1.9,0.0,-1.7
15794,Yonathan Daza,"OF,DH",1.0,448.0,0.0,1.0,0.0,-1.8,1.6,0.0,-2.8
25880,Hunter Brown,P,1.0,0.0,101.0,0.0,1.0,0.0,0.0,2.0,0.0
25961,Kerry Carpenter,"OF,DH",1.0,406.0,0.0,1.0,0.0,-0.8,1.7,0.0,-1.4
8623,Donovan Solano,"1B,3B,DH",1.0,259.0,0.0,1.0,0.0,-0.6,2.8,0.0,-1.6
21524,Joey Bart,"C,DH",1.0,371.0,0.0,1.0,0.0,-1.6,1.8,0.0,-3.0
16502,Ryan Yarbrough,P,1.0,0.0,131.0,0.0,1.0,0.0,0.0,1.5,0.0
16530,Mauricio Dubón,"OF,SS,DH",1.0,322.0,0.0,1.0,0.0,-1.1,2.1,0.0,-2.4
27646,Luis Ortiz,P,1.0,0.0,81.0,0.0,1.0,0.0,0.0,2.4,0.0
15149,Trey Mancini,"1B,OF,DH",1.0,532.0,0.0,1.0,0.0,-1.2,1.3,0.0,-1.6
14111,Eric Haase,"C,DH",0.9,299.0,0.0,0.9,0.0,-0.9,2.0,0.0,-2.1
22267,Tarik Skubal,P,0.9,0.0,69.0,0.0,0.9,0.0,0.0,2.5,0.0
20325,Alex Kirilloff,"1B,OF,DH",0.9,420.0,0.0,0.9,0.0,-0.9,1.6,0.0,-1.5
21707,Oswaldo Cabrera,"OF,DH",0.9,371.0,0.0,0.9,0.0,-1.2,1.7,0.0,-2.3
19896,Connor Wong,"C,DH",0.9,179.0,0.0,0.9,0.0,-0.5,3.5,0.0,-2.0
14387,Harold Ramírez,"1B,OF,DH",0.9,462.0,0.0,0.9,0.0,-0.8,1.3,0.0,-1.2
18383,Michael Soroka,P,0.9,0.0,107.0,0.0,0.9,0.0,0.0,1.7,0.0
19913,Jesús Sánchez,"OF,DH",0.9,287.0,0.0,0.9,0.0,-0.5,2.2,0.0,-1.2
19522,TJ Friedl,"OF,DH",0.9,434.0,0.0,0.9,0.0,-1.0,1.5,0.0,-1.6
21224,Bailey Ober,P,0.9,0.0,93.0,0.0,0.9,0.0,0.0,1.9,0.0
16572,Connor Joe,"1B,OF,DH",0.9,266.0,0.0,0.9,0.0,-0.5,2.4,0.0,-1.3
21844,Braxton Garrett,P,0.9,0.0,105.0,0.0,0.9,0.0,0.0,1.7,0.0
14986,Giovanny Gallegos,P,0.9,0.0,66.0,0.0,0.9,0.0,0.0,2.7,0.0
7115,Daniel Bard,P,0.9,0.0,66.0,0.0,0.9,0.0,0.0,2.7,0.0
20151,James Karinchak,P,0.9,0.0,66.0,0.0,0.9,0.0,0.0,2.6,0.0
19953,Josh Lowe,"OF,DH",0.9,308.0,0.0,0.9,0.0,-0.6,2.2,0.0,-1.4
22217,Luis Campusano,DH,0.9,271.0,0.0,0.9,0.0,-0.9,2.4,0.0,-2.3
12160,Ben Gamel,"OF,DH",0.9,308.0,0.0,0.9,0.0,-0.7,2.0,0.0,-1.6
13649,Clay Holmes,P,0.8,0.0,64.0,0.0,0.8,0.0,0.0,2.4,0.0
22458,Taylor Walls,"2B,3B,SS,DH",0.8,245.0,0.0,0.8,0.0,-0.9,2.2,0.0,-2.6
12049,Kyle Hendricks,P,0.8,0.0,128.0,0.0,0.8,0.0,0.0,1.2,0.0
5297,Aaron Hicks,"OF,DH",0.8,406.0,0.0,0.8,0.0,-1.0,1.4,0.0,-1.7
19249,Seranthony Domínguez,P,0.8,0.0,67.0,0.0,0.8,0.0,0.0,2.5,0.0
23429,JP Sears,P,0.8,0.0,90.0,0.0,0.8,0.0,0.0,1.8,0.0
21865,Bo Naylor,DH,0.8,221.0,0.0,0.8,0.0,-0.7,2.7,0.0,-2.2
13755,Tomás Nido,"C,DH",0.8,230.0,0.0,0.8,0.0,-1.5,2.6,0.0,-4.6
11861,Jason Adam,P,0.8,0.0,68.0,0.0,0.8,0.0,0.0,2.3,0.0
18603,Donny Sands,DH,0.8,224.0,0.0,0.8,0.0,-0.8,2.4,0.0,-2.5
16561,Austin Gomber,P,0.8,0.0,117.0,0.0,0.8,0.0,0.0,1.4,0.0
12917,Dylan Bundy,P,0.8,0.0,127.0,0.0,0.8,0.0,0.0,1.2,0.0
19296,Alex Call,"OF,DH",0.8,329.0,0.0,0.8,0.0,-0.8,1.8,0.0,-1.7
12859,James McCann,"C,DH",0.8,261.0,0.0,0.8,0.0,-1.0,2.2,0.0,-2.7
14813,Kyle Farmer,"3B,SS,DH",0.8,273.0,0.0,0.8,0.0,-1.0,2.1,0.0,-2.6
20308,Jake Meyers,"OF,DH",0.8,231.0,0.0,0.8,0.0,-0.7,2.5,0.0,-2.1
16337,Nick Gordon,"2B,OF,DH",0.8,315.0,0.0,0.8,0.0,-0.8,1.9,0.0,-1.8
23733,Ezequiel Duran,"3B,DH",0.8,343.0,0.0,0.8,0.0,-1.2,1.7,0.0,-2.4
20039,Adrian Morejon,P,0.8,0.0,87.0,0.0,0.8,0.0,0.0,1.8,0.0
14993,Scott Barlow,P,0.8,0.0,72.0,0.0,0.8,0.0,0.0,2.1,0.0
13355,Luke Maile,"C,DH",0.8,211.0,0.0,0.8,0.0,-1.0,2.6,0.0,-3.3
6887,Martín Maldonado,"C,DH",0.8,429.0,0.0,0.8,0.0,-2.8,1.3,0.0,-4.6
19753,Jonathan Loáisiga,P,0.8,0.0,66.0,0.0,0.8,0.0,0.0,2.5,0.0
17149,Domingo Germán,P,0.8,0.0,94.0,0.0,0.8,0.0,0.0,1.7,0.0
3516,Eric Hosmer,"1B,DH",0.8,455.0,0.0,0.8,0.0,-1.0,1.2,0.0,-1.5
16918,Luke Weaver,P,0.8,0.0,115.0,0.0,0.8,0.0,0.0,1.5,0.0
18126,LaMonte Wade Jr.,"1B,OF,DH",0.8,434.0,0.0,0.8,0.0,-0.8,1.4,0.0,-1.3
7593,Jordan Lyles,P,0.8,0.0,166.0,0.0,0.8,0.0,0.0,1.0,0.0
15009,Kyle Finnegan,P,0.8,0.0,66.0,0.0,0.8,0.0,0.0,2.3,0.0
sa3017880,Andrew Painter,P,0.8,0.0,79.0,0.0,0.8,0.0,0.0,2.0,0.0
20070,Bailey Falter,P,0.8,0.0,98.0,0.0,0.8,0.0,0.0,1.7,0.0
18015,Paul DeJong,"SS,DH",0.8,182.0,0.0,0.8,0.0,-0.6,3.0,0.0,-2.3
19979,Zach Plesac,P,0.8,0.0,136.0,0.0,0.8,0.0,0.0,1.2,0.0
4806,Rich Hill,P,0.8,0.0,106.0,0.0,0.8,0.0,0.0,1.6,0.0
21318,Tylor Megill,P,0.7,0.0,67.0,0.0,0.7,0.0,0.0,2.0,0.0
22896,Lenyn Sosa,DH,0.7,280.0,0.0,0.7,0.0,-1.2,1.8,0.0,-3.0
25660,Will Brennan,DH,0.7,301.0,0.0,0.7,0.0,-0.7,1.5,0.0,-1.6
sa3014464,Jordan Walker,DH,0.7,420.0,0.0,0.7,0.0,-1.2,1.1,0.0,-2.0
11760,Drew Smyly,P,0.7,0.0,126.0,0.0,0.7,0.0,0.0,1.1,0.0
sa3018099,Oscar Colas,DH,0.7,469.0,0.0,0.7,0.0,-1.4,1.1,0.0,-2.1
sa3015051,Matt Mervis,DH,0.7,308.0,0.0,0.7,0.0,-0.5,1.6,0.0,-1.1
6984,Luis García,P,0.7,0.0,62.0,0.0,0.7,0.0,0.0,2.4,0.0
7531,Collin McHugh,P,0.7,0.0,66.0,0.0,0.7,0.0,0.0,2.2,0.0
25007,Alex Vesia,P,0.7,0.0,63.0,0.0,0.7,0.0,0.0,2.1,0.0
23794,Jordan Groshans,"3B,DH",0.7,266.0,0.0,0.7,0.0,-0.9,1.8,0.0,-2.4
21537,Daniel Lynch,P,0.7,0.0,89.0,0.0,0.7,0.0,0.0,1.5,0.0
11847,Chris Martin,P,0.7,0.0,62.0,0.0,0.7,0.0,0.0,2.1,0.0
13050,Anthony DeSclafani,P,0.7,0.0,128.0,0.0,0.7,0.0,0.0,1.1,0.0
18887,Seby Zavala,"C,DH",0.7,205.0,0.0,0.7,0.0,-1.2,2.4,0.0,-4.1
20633,Yusei Kikuchi,P,0.7,0.0,115.0,0.0,0.7,0.0,0.0,1.2,0.0
16587,Erik Swanson,P,0.7,0.0,65.0,0.0,0.7,0.0,0.0,2.0,0.0
9256,AJ Pollock,"OF,DH",0.7,420.0,0.0,0.7,0.0,-0.9,1.2,0.0,-1.5
22169,Cal Mitchell,"OF,DH",0.7,301.0,0.0,0.7,0.0,-0.7,1.5,0.0,-1.6
19883,Alex Lange,P,0.7,0.0,65.0,0.0,0.7,0.0,0.0,2.1,0.0
16424,Jordan Luplow,"OF,DH",0.7,210.0,0.0,0.7,0.0,-0.4,2.3,0.0,-1.3
20020,John Schreiber,P,0.7,0.0,68.0,0.0,0.7,0.0,0.0,2.0,0.0
16122,Jordan Romano,P,0.7,0.0,66.0,0.0,0.7,0.0,0.0,2.1,0.0
19452,Jake Rogers,DH,0.7,154.0,0.0,0.7,0.0,-0.7,3.0,0.0,-3.2
4314,Joey Votto,"1B,DH",0.7,511.0,0.0,0.7,0.0,-1.5,0.9,0.0,-2.1
22294,Matthew Liberatore,P,0.7,0.0,69.0,0.0,0.7,0.0,0.0,2.0,0.0
19198,Yuli Gurriel,"1B,DH",0.7,364.0,0.0,0.7,0.0,-0.9,1.3,0.0,-1.7
15653,Dominic Smith,"1B,DH",0.7,476.0,0.0,0.7,0.0,-1.3,1.1,0.0,-1.9
19293,Nick Senzel,"OF,DH",0.7,469.0,0.0,0.7,0.0,-2.0,1.1,0.0,-3.0
12282,Rougned Odor,"2B,DH",0.7,294.0,0.0,0.7,0.0,-1.0,1.6,0.0,-2.4
5254,Robbie Grossman,"OF,DH",0.7,385.0,0.0,0.7,0.0,-1.1,1.4,0.0,-2.0
26121,Francisco Álvarez,DH,0.6,139.0,0.0,0.6,0.0,-0.3,3.2,0.0,-1.5
2967,Tommy Pham,"OF,DH",0.6,371.0,0.0,0.6,0.0,-0.9,1.1,0.0,-1.7
27581,Hayden Wesneski,P,0.6,0.0,69.0,0.0,0.6,0.0,0.0,1.9,0.0
19951,Ian Anderson,P,0.6,0.0,69.0,0.0,0.6,0.0,0.0,1.6,0.0
25055,Nate Eaton,"3B,OF,DH",0.6,315.0,0.0,0.6,0.0,-1.1,1.3,0.0,-2.4
5372,Michael Pineda,P,0.6,0.0,82.0,0.0,0.6,0.0,0.0,1.6,0.0
21270,Sean Bouchard,"OF,DH",0.6,203.0,0.0,0.6,0.0,-0.4,2.1,0.0,-1.4
18376,Connor Overton,P,0.6,0.0,104.0,0.0,0.6,0.0,0.0,1.2,0.0
19244,Cole Irvin,P,0.6,0.0,166.0,0.0,0.6,0.0,0.0,0.7,0.0
19252,Cavan Biggio,"1B,2B,DH",0.6,203.0,0.0,0.6,0.0,-0.4,2.1,0.0,-1.4
26368,JJ Bleday,"OF,DH",0.6,462.0,0.0,0.6,0.0,-1.4,0.9,0.0,-2.1
19508,Kyle Lewis,DH,0.6,280.0,0.0,0.6,0.0,-0.7,1.6,0.0,-1.8
3096,Kenley Jansen,P,0.6,0.0,63.0,0.0,0.6,0.0,0.0,1.9,0.0
20529,Nolan Jones,"OF,DH",0.6,287.0,0.0,0.6,0.0,-0.8,1.4,0.0,-2.0
20321,Stuart Fairchild,"OF,DH",0.6,224.0,0.0,0.6,0.0,-0.8,1.8,0.0,-2.5
22487,Johan Oviedo,P,0.6,0.0,88.0,0.0,0.6,0.0,0.0,1.4,0.0
22117,Nick Pratto,"1B,DH",0.6,343.0,0.0,0.6,0.0,-0.8,1.2,0.0,-1.6
21992,Camilo Doval,P,0.6,0.0,64.0,0.0,0.6,0.0,0.0,2.0,0.0
20367,Brusdar Graterol,P,0.6,0.0,62.0,0.0,0.6,0.0,0.0,1.8,0.0
4892,Mike Moustakas,"1B,3B,DH",0.6,301.0,0.0,0.6,0.0,-0.9,1.5,0.0,-2.1
8202,Josh Harrison,"2B,3B,DH",0.6,238.0,0.0,0.6,0.0,-1.0,1.7,0.0,-2.9
18548,Sam Hentges,P,0.6,0.0,62.0,0.0,0.6,0.0,0.0,1.9,0.0
26151,Kyle Stowers,"OF,DH",0.6,371.0,0.0,0.6,0.0,-0.8,1.0,0.0,-1.5
26260,Drey Jameson,P,0.6,0.0,62.0,0.0,0.6,0.0,0.0,2.1,0.0
10021,Mike Minor,P,0.6,0.0,107.0,0.0,0.6,0.0,0.0,1.1,0.0
15734,Brad Keller,P,0.6,0.0,103.0,0.0,0.6,0.0,0.0,1.1,0.0
16400,Reynaldo López,P,0.6,0.0,64.0,0.0,0.6,0.0,0.0,1.8,0.0
12988,Andrew Chafin,P,0.6,0.0,62.0,0.0,0.6,0.0,0.0,2.1,0.0
15514,Kendall Graveman,P,0.6,0.0,68.0,0.0,0.6,0.0,0.0,1.6,0.0
11487,Joely Rodríguez,P,0.6,0.0,63.0,0.0,0.6,0.0,0.0,1.9,0.0
12760,Rafael Montero,P,0.6,0.0,65.0,0.0,0.6,0.0,0.0,1.9,0.0
15117,Hunter Dozier,"1B,3B,OF,DH",0.6,483.0,0.0,0.6,0.0,-1.7,0.8,0.0,-2.5
13892,Paul Sewald,P,0.6,0.0,67.0,0.0,0.6,0.0,0.0,1.7,0.0
14524,José Leclerc,P,0.6,0.0,67.0,0.0,0.6,0.0,0.0,1.8,0.0
12510,Curt Casali,"C,DH",0.6,221.0,0.0,0.6,0.0,-1.0,2.0,0.0,-3.2
10847,Andrelton Simmons,"2B,SS,DH",0.6,224.0,0.0,0.6,0.0,-1.2,2.0,0.0,-3.8
17586,Tanner Scott,P,0.6,0.0,63.0,0.0,0.6,0.0,0.0,2.1,0.0
14857,Joe Mantiply,P,0.6,0.0,64.0,0.0,0.6,0.0,0.0,1.9,0.0
13345,Luis Cessa,P,0.6,0.0,103.0,0.0,0.6,0.0,0.0,1.2,0.0
17859,Adbert Alzolay,P,0.6,0.0,65.0,0.0,0.6,0.0,0.0,1.7,0.0
16512,Isiah Kiner-Falefa,"SS,DH",0.6,266.0,0.0,0.6,0.0,-0.9,1.5,0.0,-2.4
15761,Joe Jiménez,P,0.6,0.0,63.0,0.0,0.6,0.0,0.0,1.9,0.0
21455,Kris Bubic,P,0.5,0.0,93.0,0.0,0.5,0.0,0.0,1.1,0.0
30115,Robert Suarez,P,0.5,0.0,65.0,0.0,0.5,0.0,0.0,1.5,0.0
sa3014499,Jordan Westburg,DH,0.5,133.0,0.0,0.5,0.0,-0.4,2.5,0.0,-2.1
sa3014810,Gavin Stone,P,0.5,0.0,55.0,0.0,0.5,0.0,0.0,1.9,0.0
sa3014807,Eury Pérez,P,0.5,0.0,48.0,0.0,0.5,0.0,0.0,2.0,0.0
13770,Rob Refsnyder,"OF,DH",0.5,147.0,0.0,0.5,0.0,-0.2,2.4,0.0,-1.0
sa3014983,Brandon Pfaadt,P,0.5,0.0,37.0,0.0,0.5,0.0,0.0,2.9,0.0
27779,Bryce Elder,P,0.5,0.0,58.0,0.0,0.5,0.0,0.0,1.7,0.0
19225,Mitch White,P,0.5,0.0,76.0,0.0,0.5,0.0,0.0,1.3,0.0
9761,Joe Kelly,P,0.5,0.0,63.0,0.0,0.5,0.0,0.0,1.7,0.0
sa3014513,Kyle Harrison,P,0.5,0.0,48.0,0.0,0.5,0.0,0.0,1.9,0.0
21132,Alexis Díaz,P,0.5,0.0,68.0,0.0,0.5,0.0,0.0,1.6,0.0
10078,Caleb Thielbar,P,0.5,0.0,64.0,0.0,0.5,0.0,0.0,1.6,0.0
sa3017047,Sal Frelick,DH,0.5,119.0,0.0,0.5,0.0,-0.3,2.9,0.0,-1.8
12718,Adrian Houser,P,0.5,0.0,106.0,0.0,0.5,0.0,0.0,0.9,0.0
1247,Adam Ottavino,P,0.5,0.0,64.0,0.0,0.5,0.0,0.0,1.7,0.0
17022,Edmundo Sosa,"3B,SS,DH",0.5,154.0,0.0,0.5,0.0,-0.6,2.2,0.0,-2.7
20003,Keston Hiura,"1B,DH",0.5,273.0,0.0,0.5,0.0,-0.6,1.3,0.0,-1.5
1246,Matt Bush,P,0.5,0.0,63.0,0.0,0.5,0.0,0.0,1.6,0.0
20000,Tyler Wells,P,0.5,0.0,111.0,0.0,0.5,0.0,0.0,1.0,0.0
22799,Geraldo Perdomo,"SS,DH",0.5,238.0,0.0,0.5,0.0,-1.1,1.6,0.0,-3.2
14811,Luke Voit,"1B,DH",0.5,399.0,0.0,0.5,0.0,-0.9,0.9,0.0,-1.6
sa3010009,Jake Alu,DH,0.5,189.0,0.0,0.5,0.0,-0.5,1.8,0.0,-1.9
19958,Carter Kieboom,DH,0.5,245.0,0.0,0.5,0.0,-0.8,1.5,0.0,-2.3
22532,Tyler Freeman,"3B,DH",0.5,154.0,0.0,0.5,0.0,-0.4,2.5,0.0,-1.8
16609,Bryan Abreu,P,0.5,0.0,64.0,0.0,0.5,0.0,0.0,1.6,0.0
19901,Gavin Sheets,"OF,DH",0.5,294.0,0.0,0.5,0.0,-0.7,1.2,0.0,-1.7
19531,Jason Foley,P,0.5,0.0,64.0,0.0,0.5,0.0,0.0,1.5,0.0
21562,Romy Gonzalez,"2B,DH",0.5,287.0,0.0,0.5,0.0,-1.3,1.2,0.0,-3.2
17968,Brock Burke,P,0.5,0.0,69.0,0.0,0.5,0.0,0.0,1.6,0.0
11189,Vince Velasquez,P,0.5,0.0,111.0,0.0,0.5,0.0,0.0,0.9,0.0
13183,Zach Davies,P,0.5,0.0,116.0,0.0,0.5,0.0,0.0,0.8,0.0
13594,Robert Stephenson,P,0.5,0.0,63.0,0.0,0.5,0.0,0.0,1.5,0.0
10762,Corey Dickerson,"OF,DH",0.5,385.0,0.0,0.5,0.0,-1.2,0.9,0.0,-2.2
13394,Dylan Floro,P,0.5,0.0,64.0,0.0,0.5,0.0,0.0,1.5,0.0
26123,Brett Baty,"3B,DH",0.5,98.0,0.0,0.5,0.0,-0.1,3.7,0.0,-0.7
13324,Ildemaro Vargas,"3B,SS,DH",0.5,259.0,0.0,0.5,0.0,-1.2,1.3,0.0,-3.2
25867,Ryan Kreidler,"3B,DH",0.5,182.0,0.0,0.5,0.0,-0.7,1.9,0.0,-2.7
13435,Pierce Johnson,P,0.5,0.0,62.0,0.0,0.5,0.0,0.0,1.7,0.0
19683,Mike Brosseau,"3B,DH",0.4,140.0,0.0,0.4,0.0,-0.5,1.8,0.0,-2.5
sa3009289,Elly De La Cruz,DH,0.4,196.0,0.0,0.4,0.0,-0.6,1.5,0.0,-2.1
19695,Connor Seabold,P,0.4,0.0,77.0,0.0,0.4,0.0,0.0,1.2,0.0
19343,A.J. Puk,P,0.4,0.0,62.0,0.0,0.4,0.0,0.0,1.4,0.0
17897,Garrett Cleavinger,P,0.4,0.0,62.0,0.0,0.4,0.0,0.0,1.3,0.0
20805,Carlos Pérez,DH,0.4,109.0,0.0,0.4,0.0,-0.4,2.6,0.0,-2.6
20302,David Peterson,P,0.4,0.0,62.0,0.0,0.4,0.0,0.0,1.4,0.0
2434,Nelson Cruz,DH,0.4,280.0,0.0,0.4,0.0,-0.6,1.0,0.0,-1.5
11804,Héctor Neris,P,0.4,0.0,66.0,0.0,0.4,0.0,0.0,1.3,0.0
18067,Garrett Stubbs,"C,DH",0.4,128.0,0.0,0.4,0.0,-0.5,2.0,0.0,-2.7
26221,Ryan Pepiot,P,0.4,0.0,58.0,0.0,0.4,0.0,0.0,1.3,0.0
18054,Sam Haggerty,"OF,DH",0.4,217.0,0.0,0.4,0.0,-0.6,1.4,0.0,-1.9
21840,Freddy Fermin,DH,0.4,102.0,0.0,0.4,0.0,-0.4,2.6,0.0,-2.7
16269,John Means,P,0.4,0.0,44.0,0.0,0.4,0.0,0.0,1.8,0.0
17192,Jalen Beeks,P,0.4,0.0,63.0,0.0,0.4,0.0,0.0,1.1,0.0
19514,Andrew Knizner,"C,DH",0.4,192.0,0.0,0.4,0.0,-0.8,1.3,0.0,-2.9
17186,Dinelson Lamet,P,0.4,0.0,60.0,0.0,0.4,0.0,0.0,1.2,0.0
6398,Trevor May,P,0.4,0.0,62.0,0.0,0.4,0.0,0.0,1.2,0.0
sa917925,Jay Groome,P,0.4,0.0,62.0,0.0,0.4,0.0,0.0,1.2,0.0
20332,Luis González,"OF,DH",0.4,147.0,0.0,0.4,0.0,-0.5,1.8,0.0,-2.4
19876,Kevin Ginkel,P,0.4,0.0,61.0,0.0,0.4,0.0,0.0,1.4,0.0
11384,Tommy Kahnle,P,0.4,0.0,60.0,0.0,0.4,0.0,0.0,1.3,0.0
21446,Ryan Feltner,P,0.4,0.0,85.0,0.0,0.4,0.0,0.0,1.0,0.0
22276,Dylan Coleman,P,0.4,0.0,68.0,0.0,0.4,0.0,0.0,1.2,0.0
21448,Davis Martin,P,0.4,0.0,62.0,0.0,0.4,0.0,0.0,1.3,0.0
sa3008517,Mike Burrows,P,0.4,0.0,57.0,0.0,0.4,0.0,0.0,1.2,0.0
18331,James Kaprielian,P,0.4,0.0,142.0,0.0,0.4,0.0,0.0,0.5,0.0
30074,Chase Silseth,P,0.4,0.0,42.0,0.0,0.4,0.0,0.0,2.1,0.0
sa918192,Samad Taylor,DH,0.4,154.0,0.0,0.4,0.0,-0.5,1.9,0.0,-2.3
11342,Jesús Aguilar,"1B,DH",0.4,476.0,0.0,0.4,0.0,-1.4,0.7,0.0,-2.1
15467,Marco Gonzales,P,0.4,0.0,168.0,0.0,0.4,0.0,0.0,0.5,0.0
19879,Tanner Houck,P,0.4,0.0,80.0,0.0,0.4,0.0,0.0,1.1,0.0
25756,Matt Brash,P,0.4,0.0,63.0,0.0,0.4,0.0,0.0,1.3,0.0
20536,Vidal Bruján,"2B,OF,DH",0.4,154.0,0.0,0.4,0.0,-0.5,1.8,0.0,-2.3
13607,Carl Edwards Jr.,P,0.4,0.0,64.0,0.0,0.4,0.0,0.0,1.1,0.0
19932,Trevor Stephan,P,0.4,0.0,64.0,0.0,0.4,0.0,0.0,1.3,0.0
20521,Nick Madrigal,"2B,DH",0.4,105.0,0.0,0.4,0.0,-0.4,2.5,0.0,-2.7
12180,Jorge Alfaro,"C,DH",0.3,190.0,0.0,0.3,0.0,-0.8,1.1,0.0,-2.9
19890,Emmanuel Rivera,"3B,DH",0.3,182.0,0.0,0.3,0.0,-0.6,1.1,0.0,-2.3
12164,Miguel Sanó,"1B,DH",0.3,252.0,0.0,0.3,0.0,-0.6,0.7,0.0,-1.7
14542,Carlos Estévez,P,0.3,0.0,63.0,0.0,0.3,0.0,0.0,0.8,0.0
16703,Julian Merryweather,P,0.3,0.0,58.0,0.0,0.3,0.0,0.0,1.0,0.0
19948,Cristian Pache,"OF,DH",0.3,266.0,0.0,0.3,0.0,-1.4,0.7,0.0,-3.7
11589,José Ureña,P,0.3,0.0,110.0,0.0,0.3,0.0,0.0,0.6,0.0
20056,Alan Trejo,"2B,SS,DH",0.3,133.0,0.0,0.3,0.0,-0.6,1.5,0.0,-3.2
21205,Connor Brogdon,P,0.3,0.0,58.0,0.0,0.3,0.0,0.0,1.1,0.0
6012,Didi Gregorius,"SS,DH",0.3,154.0,0.0,0.3,0.0,-0.6,1.3,0.0,-2.7
8337,Lucas Luetge,P,0.3,0.0,58.0,0.0,0.3,0.0,0.0,1.2,0.0
14773,Yu Chang,"2B,SS,DH",0.3,112.0,0.0,0.3,0.0,-0.4,1.9,0.0,-2.5
16401,Yonny Chirinos,P,0.3,0.0,67.0,0.0,0.3,0.0,0.0,0.9,0.0
19618,Jordan Hicks,P,0.3,0.0,62.0,0.0,0.3,0.0,0.0,1.1,0.0
19853,Michael King,P,0.3,0.0,58.0,0.0,0.3,0.0,0.0,1.1,0.0
22563,Gabriel Arias,DH,0.3,161.0,0.0,0.3,0.0,-0.5,1.4,0.0,-2.2
19804,Bryan Baker,P,0.3,0.0,64.0,0.0,0.3,0.0,0.0,0.8,0.0
13218,Michael Fulmer,P,0.3,0.0,62.0,0.0,0.3,0.0,0.0,0.8,0.0
19795,Keegan Thompson,P,0.3,0.0,95.0,0.0,0.3,0.0,0.0,0.6,0.0
13346,Hoby Milner,P,0.3,0.0,62.0,0.0,0.3,0.0,0.0,1.0,0.0
sa3006872,George Valera,DH,0.3,105.0,0.0,0.3,0.0,-0.2,1.7,0.0,-1.3
10233,Aroldis Chapman,P,0.3,0.0,63.0,0.0,0.3,0.0,0.0,1.0,0.0
13359,Tyler Naquin,"OF,DH",0.3,287.0,0.0,0.3,0.0,-1.0,0.8,0.0,-2.4
8241,David Robertson,P,0.3,0.0,62.0,0.0,0.3,0.0,0.0,0.8,0.0
14566,Franmil Reyes,"OF,DH",0.3,196.0,0.0,0.3,0.0,-0.4,1.1,0.0,-1.4
26285,Tommy Henry,P,0.3,0.0,53.0,0.0,0.3,0.0,0.0,1.0,0.0
19680,Sixto Sánchez,P,0.3,0.0,56.0,0.0,0.3,0.0,0.0,0.9,0.0
22207,DL Hall,P,0.3,0.0,64.0,0.0,0.3,0.0,0.0,1.1,0.0
19844,Abraham Toro,"2B,3B,DH",0.3,77.0,0.0,0.3,0.0,-0.2,2.5,0.0,-1.8
5524,Madison Bumgarner,P,0.3,0.0,142.0,0.0,0.3,0.0,0.0,0.4,0.0
23003,Yainer Diaz,DH,0.3,72.0,0.0,0.3,0.0,-0.2,2.9,0.0,-1.9
13470,Lucas Sims,P,0.3,0.0,62.0,0.0,0.3,0.0,0.0,0.9,0.0
19493,Zach Jackson,P,0.3,0.0,65.0,0.0,0.3,0.0,0.0,0.8,0.0
25388,Cody Morris,P,0.3,0.0,60.0,0.0,0.3,0.0,0.0,0.8,0.0
19349,Caleb Ferguson,P,0.3,0.0,58.0,0.0,0.3,0.0,0.0,1.0,0.0
15507,Hunter Harvey,P,0.3,0.0,62.0,0.0,0.3,0.0,0.0,1.1,0.0
17922,Isan Díaz,DH,0.3,119.0,0.0,0.3,0.0,-0.4,1.5,0.0,-2.4
14295,Wandy Peralta,P,0.3,0.0,64.0,0.0,0.3,0.0,0.0,0.8,0.0
9929,Darin Ruf,"1B,OF,DH",0.3,133.0,0.0,0.3,0.0,-0.2,1.5,0.0,-1.1
19273,Stone Garrett,"OF,DH",0.3,217.0,0.0,0.3,0.0,-0.8,0.9,0.0,-2.6
7146,Daniel Hudson,P,0.3,0.0,62.0,0.0,0.3,0.0,0.0,0.9,0.0
13896,Chris Flexen,P,0.3,0.0,100.0,0.0,0.3,0.0,0.0,0.5,0.0
11476,Odúbel Herrera,"OF,DH",0.3,112.0,0.0,0.3,0.0,-0.3,1.7,0.0,-1.9
21501,Trevor Larnach,"OF,DH",0.3,315.0,0.0,0.3,0.0,-1.0,0.7,0.0,-2.2
24703,Jonah Bride,"2B,3B,DH",0.3,91.0,0.0,0.3,0.0,-0.2,2.5,0.0,-1.5
13807,Kevin Plawecki,"C,DH",0.3,96.0,0.0,0.3,0.0,-0.4,2.2,0.0,-2.9
17556,Jimmy Herget,P,0.3,0.0,70.0,0.0,0.3,0.0,0.0,0.9,0.0
17496,Diego Castillo,P,0.3,0.0,63.0,0.0,0.3,0.0,0.0,1.0,0.0
19320,Joey Lucchesi,P,0.3,0.0,46.0,0.0,0.3,0.0,0.0,1.1,0.0
19409,Dane Dunning,P,0.3,0.0,69.0,0.0,0.3,0.0,0.0,0.9,0.0
20353,Steven Wilson,P,0.3,0.0,61.0,0.0,0.3,0.0,0.0,1.1,0.0
21023,Adrián Martínez,P,0.3,0.0,64.0,0.0,0.3,0.0,0.0,1.0,0.0
20422,Jovani Moran,P,0.3,0.0,56.0,0.0,0.3,0.0,0.0,1.0,0.0
18032,Mark Mathias,DH,0.3,91.0,0.0,0.3,0.0,-0.2,2.0,0.0,-1.5
20543,Elehuris Montero,"1B,3B,DH",0.3,161.0,0.0,0.3,0.0,-0.5,1.1,0.0,-2.2
27615,Alec Burleson,DH,0.3,84.0,0.0,0.3,0.0,-0.1,2.9,0.0,-0.8
10556,César Hernández,"2B,DH",0.3,140.0,0.0,0.3,0.0,-0.5,1.6,0.0,-2.5
25543,Korey Lee,DH,0.3,160.0,0.0,0.3,0.0,-0.7,1.3,0.0,-3.1
7982,Anthony Bass,P,0.3,0.0,62.0,0.0,0.3,0.0,0.0,0.8,0.0
6655,Craig Kimbrel,P,0.3,0.0,62.0,0.0,0.3,0.0,0.0,1.1,0.0
24400,Terrin Vavra,DH,0.3,91.0,0.0,0.3,0.0,-0.2,2.0,0.0,-1.5
15082,Adam Engel,"OF,DH",0.3,294.0,0.0,0.3,0.0,-1.2,0.7,0.0,-2.9
sa3008513,Reese Olson,P,0.2,0.0,41.0,0.0,0.2,0.0,0.0,1.1,0.0
10657,Andrew Bellatti,P,0.2,0.0,60.0,0.0,0.2,0.0,0.0,0.8,0.0
21170,Dany Jiménez,P,0.2,0.0,62.0,0.0,0.2,0.0,0.0,0.7,0.0
22275,Jake Burger,"3B,DH",0.2,147.0,0.0,0.2,0.0,-0.5,1.2,0.0,-2.4
15487,Victor Reyes,"OF,DH",0.2,105.0,0.0,0.2,0.0,-0.4,1.3,0.0,-2.7
9434,Dallas Keuchel,P,0.2,0.0,58.0,0.0,0.2,0.0,0.0,0.7,0.0
15915,Víctor Arano,P,0.2,0.0,58.0,0.0,0.2,0.0,0.0,0.9,0.0
20531,Kutter Crawford,P,0.2,0.0,51.0,0.0,0.2,0.0,0.0,0.7,0.0
21293,Dalton Guthrie,DH,0.2,203.0,0.0,0.2,0.0,-0.9,0.7,0.0,-3.1
9073,Kirby Yates,P,0.2,0.0,56.0,0.0,0.2,0.0,0.0,0.8,0.0
sa3006910,Addison Barger,DH,0.2,49.0,0.0,0.2,0.0,-0.1,3.1,0.0,-1.4
12056,Scott McGough,P,0.2,0.0,56.0,0.0,0.2,0.0,0.0,0.6,0.0
22261,Bubba Thompson,"OF,DH",0.2,322.0,0.0,0.2,0.0,-1.1,0.4,0.0,-2.4
5615,Ryan Brasier,P,0.2,0.0,60.0,0.0,0.2,0.0,0.0,0.6,0.0
sa3007248,Shawn Dubin,P,0.2,0.0,28.0,0.0,0.2,0.0,0.0,1.2,0.0
6345,Chris Archer,P,0.2,0.0,82.0,0.0,0.2,0.0,0.0,0.4,0.0
15684,Miguel Castro,P,0.2,0.0,63.0,0.0,0.2,0.0,0.0,0.5,0.0
15042,Tim Mayza,P,0.2,0.0,57.0,0.0,0.2,0.0,0.0,0.8,0.0
20160,Nate Pearson,P,0.2,0.0,67.0,0.0,0.2,0.0,0.0,0.6,0.0
14975,Chad Kuhl,P,0.2,0.0,75.0,0.0,0.2,0.0,0.0,0.4,0.0
sa3005081,Jacob Amaya,DH,0.2,70.0,0.0,0.2,0.0,-0.3,2.1,0.0,-3.0
21741,Javier Assad,P,0.2,0.0,43.0,0.0,0.2,0.0,0.0,0.7,0.0
15068,Yency Almonte,P,0.2,0.0,60.0,0.0,0.2,0.0,0.0,0.8,0.0
11902,Hanser Alberto,"2B,3B,DH",0.2,105.0,0.0,0.2,0.0,-0.5,1.1,0.0,-3.3
14814,Buck Farmer,P,0.2,0.0,60.0,0.0,0.2,0.0,0.0,0.5,0.0
20242,Kevin Smith,"3B,DH",0.2,119.0,0.0,0.2,0.0,-0.6,1.5,0.0,-3.5
21620,Jake Cousins,P,0.2,0.0,58.0,0.0,0.2,0.0,0.0,0.7,0.0
14735,Brett Phillips,"OF,DH",0.2,126.0,0.0,0.2,0.0,-0.5,0.9,0.0,-2.8
20287,Ben Rortvedt,DH,0.2,51.0,0.0,0.2,0.0,-0.3,2.2,0.0,-4.1
21558,Matt Vierling,"OF,DH",0.2,357.0,0.0,0.2,0.0,-1.1,0.5,0.0,-2.2
19996,Dylan Lee,P,0.2,0.0,52.0,0.0,0.2,0.0,0.0,0.6,0.0
6397,Jake Odorizzi,P,0.2,0.0,80.0,0.0,0.2,0.0,0.0,0.6,0.0
15214,Brandon Dixon,DH,0.2,112.0,0.0,0.2,0.0,-0.2,1.5,0.0,-1.3
19966,Bobby Dalbec,"1B,3B,DH",0.2,154.0,0.0,0.2,0.0,-0.5,0.8,0.0,-2.3
7859,Charlie Blackmon,"OF,DH",0.2,553.0,0.0,0.2,0.0,-1.9,0.3,0.0,-2.4
19717,Darick Hall,DH,0.2,217.0,0.0,0.2,0.0,-0.6,0.7,0.0,-1.9
12095,Yimi Garcia,P,0.2,0.0,70.0,0.0,0.2,0.0,0.0,0.6,0.0
25595,Xzavion Curry,P,0.2,0.0,70.0,0.0,0.2,0.0,0.0,0.5,0.0
13761,Chris Stratton,P,0.2,0.0,60.0,0.0,0.2,0.0,0.0,0.6,0.0
23264,Canaan Smith-Njigba,DH,0.2,84.0,0.0,0.2,0.0,-0.3,1.4,0.0,-2.5
18889,Danny Mendick,"SS,DH",0.2,91.0,0.0,0.2,0.0,-0.4,1.8,0.0,-3.1
13834,Alec Mills,P,0.2,0.0,35.0,0.0,0.2,0.0,0.0,1.2,0.0
3548,Liam Hendriks,P,0.2,0.0,38.0,0.0,0.2,0.0,0.0,1.0,0.0
23460,Brandon Hughes,P,0.2,0.0,64.0,0.0,0.2,0.0,0.0,0.6,0.0
27691,Louie Varland,P,0.2,0.0,38.0,0.0,0.2,0.0,0.0,1.0,0.0
14527,Jorge López,P,0.2,0.0,70.0,0.0,0.2,0.0,0.0,0.7,0.0
3542,Danny Duffy,P,0.2,0.0,55.0,0.0,0.2,0.0,0.0,0.6,0.0
14477,Jake Cave,"OF,DH",0.2,98.0,0.0,0.2,0.0,-0.3,1.1,0.0,-2.1
sa3014422,Bobby Miller,P,0.2,0.0,27.0,0.0,0.2,0.0,0.0,1.6,0.0
17755,Drew Smith,P,0.2,0.0,59.0,0.0,0.2,0.0,0.0,0.7,0.0
19200,José Quijada,P,0.2,0.0,56.0,0.0,0.2,0.0,0.0,0.8,0.0
18819,Andy Ibáñez,"3B,DH",0.2,77.0,0.0,0.2,0.0,-0.2,2.2,0.0,-1.8
3284,Aníbal Sánchez,P,0.2,0.0,84.0,0.0,0.2,0.0,0.0,0.4,0.0
14375,Amir Garrett,P,0.2,0.0,60.0,0.0,0.2,0.0,0.0,0.6,0.0
19458,Cooper Hummel,"C,OF,DH",0.2,71.0,0.0,0.2,0.0,-0.2,2.4,0.0,-2.0
sa3014444,Logan Allen,P,0.2,0.0,26.0,0.0,0.2,0.0,0.0,1.8,0.0
sa3014483,Jared Shuster,P,0.2,0.0,26.0,0.0,0.2,0.0,0.0,1.5,0.0
19403,Colin Poche,P,0.2,0.0,60.0,0.0,0.2,0.0,0.0,0.7,0.0
19392,Zach McKinstry,"2B,3B,DH",0.2,77.0,0.0,0.2,0.0,-0.2,1.6,0.0,-1.8
25111,David Hensley,DH,0.2,154.0,0.0,0.2,0.0,-0.5,1.0,0.0,-2.3
12775,Brad Miller,"3B,OF,DH",0.2,329.0,0.0,0.2,0.0,-1.1,0.4,0.0,-2.3
24617,Jarren Duran,"OF,DH",0.2,105.0,0.0,0.2,0.0,-0.3,1.5,0.0,-2.0
17639,Justin Lawrence,P,0.2,0.0,58.0,0.0,0.2,0.0,0.0,0.6,0.0
19294,Nick Solak,"OF,DH",0.2,70.0,0.0,0.2,0.0,-0.1,1.8,0.0,-1.0
sa3017286,Zack Gelof,DH,0.2,98.0,0.0,0.2,0.0,-0.4,1.2,0.0,-2.9
sa3017018,Colton Cowser,DH,0.2,91.0,0.0,0.2,0.0,-0.2,1.2,0.0,-1.5
10061,Brooks Raley,P,0.2,0.0,62.0,0.0,0.2,0.0,0.0,0.7,0.0
17893,Tyler Nevin,"3B,DH",0.2,133.0,0.0,0.2,0.0,-0.5,1.0,0.0,-2.6
19899,Clarke Schmidt,P,0.2,0.0,61.0,0.0,0.2,0.0,0.0,0.8,0.0
14691,Harold Castro,"1B,2B,3B,SS,DH",0.2,168.0,0.0,0.2,0.0,-0.7,0.7,0.0,-2.9
18316,Edwin Ríos,DH,0.2,210.0,0.0,0.2,0.0,-0.7,0.5,0.0,-2.3
27463,Garrett Crochet,P,0.2,0.0,48.0,0.0,0.2,0.0,0.0,0.8,0.0
19871,Tucker Davidson,P,0.2,0.0,57.0,0.0,0.2,0.0,0.0,0.6,0.0
19867,Griffin Canning,P,0.2,0.0,31.0,0.0,0.2,0.0,0.0,1.0,0.0
19859,René Pinto,"C,DH",0.2,51.0,0.0,0.2,0.0,-0.2,2.6,0.0,-2.7
12371,Tommy La Stella,DH,0.2,217.0,0.0,0.2,0.0,-0.7,0.6,0.0,-2.3
19769,Will Vest,P,0.2,0.0,60.0,0.0,0.2,0.0,0.0,0.6,0.0
18519,Phil Bickford,P,0.2,0.0,48.0,0.0,0.2,0.0,0.0,0.7,0.0
26079,Beau Brieske,P,0.2,0.0,56.0,0.0,0.2,0.0,0.0,0.6,0.0
sa873960,Ryan Noda,DH,0.2,273.0,0.0,0.2,0.0,-0.7,0.6,0.0,-1.8
14646,Rowan Wick,P,0.2,0.0,60.0,0.0,0.2,0.0,0.0,0.5,0.0
12777,John Brebbia,P,0.2,0.0,64.0,0.0,0.2,0.0,0.0,0.7,0.0
19754,Reiver Sanmartin,P,0.2,0.0,61.0,0.0,0.2,0.0,0.0,0.8,0.0
12981,Cam Gallagher,"C,DH",0.2,90.0,0.0,0.2,0.0,-0.6,1.8,0.0,-4.7
12984,Jackie Bradley Jr.,"OF,DH",0.2,175.0,0.0,0.2,0.0,-1.1,0.8,0.0,-4.4
22871,Tucupita Marcano,"2B,OF,DH",0.2,126.0,0.0,0.2,0.0,-0.6,1.1,0.0,-3.3
sa3010784,Connor Thomas,P,0.2,0.0,30.0,0.0,0.2,0.0,0.0,1.3,0.0
13619,Jakob Junis,P,0.2,0.0,73.0,0.0,0.2,0.0,0.0,0.7,0.0
12828,Andrew Kittredge,P,0.1,0.0,21.0,0.0,0.1,0.0,0.0,0.5,0.0
15256,Cole Sulser,P,0.1,0.0,50.0,0.0,0.1,0.0,0.0,0.4,0.0
13763,Dominic Leone,P,0.1,0.0,54.0,0.0,0.1,0.0,0.0,0.5,0.0
15288,Adam Cimber,P,0.1,0.0,60.0,0.0,0.1,0.0,0.0,0.4,0.0
25665,Cole Waites,P,0.1,0.0,48.0,0.0,0.1,0.0,0.0,0.3,0.0
25918,Zack Thompson,P,0.1,0.0,43.0,0.0,0.1,0.0,0.0,0.3,0.0
25174,Penn Murfee,P,0.1,0.0,62.0,0.0,0.1,0.0,0.0,0.2,0.0
26231,Tyler Holton,P,0.1,0.0,38.0,0.0,0.1,0.0,0.0,0.3,0.0
21366,Glenn Otto,P,0.1,0.0,17.0,0.0,0.1,0.0,0.0,1.3,0.0
12857,Shawn Armstrong,P,0.1,0.0,59.0,0.0,0.1,0.0,0.0,0.3,0.0
13580,Steven Okert,P,0.1,0.0,58.0,0.0,0.1,0.0,0.0,0.5,0.0
13768,Travis Jankowski,"OF,DH",0.1,49.0,0.0,0.1,0.0,-0.2,0.9,0.0,-2.9
26213,Caleb Kilian,P,0.1,0.0,20.0,0.0,0.1,0.0,0.0,0.9,0.0
25459,Peyton Burdick,"OF,DH",0.1,77.0,0.0,0.1,0.0,-0.3,1.0,0.0,-2.7
21420,Yerry De Los Santos,P,0.1,0.0,52.0,0.0,0.1,0.0,0.0,0.3,0.0
21367,Peter Strzelecki,P,0.1,0.0,63.0,0.0,0.1,0.0,0.0,0.4,0.0
8048,Will Smith,P,0.1,0.0,60.0,0.0,0.1,0.0,0.0,0.4,0.0
26108,Andre Pallante,P,0.1,0.0,70.0,0.0,0.1,0.0,0.0,0.2,0.0
7803,Richard Bleier,P,0.1,0.0,56.0,0.0,0.1,0.0,0.0,0.5,0.0
25636,Hunter Gaddis,P,0.1,0.0,53.0,0.0,0.1,0.0,0.0,0.3,0.0
13799,Matt Strahm,P,0.1,0.0,55.0,0.0,0.1,0.0,0.0,0.2,0.0
24491,Travis Swaggerty,DH,0.1,70.0,0.0,0.1,0.0,-0.3,1.1,0.0,-3.0
13836,Matt Duffy,"1B,3B,DH",0.1,91.0,0.0,0.1,0.0,-0.4,1.1,0.0,-3.1
5913,Leury Garcia,"2B,OF,SS,DH",0.1,175.0,0.0,0.1,0.0,-0.8,0.4,0.0,-3.2
11752,Luke Jackson,P,0.1,0.0,46.0,0.0,0.1,0.0,0.0,0.2,0.0
14950,Johan Camargo,"3B,SS,DH",0.1,35.0,0.0,0.1,0.0,-0.1,2.2,0.0,-2.0
23191,Michael Plassmeyer,P,0.1,0.0,40.0,0.0,0.1,0.0,0.0,0.4,0.0
22925,Joan Adon,P,0.1,0.0,24.0,0.0,0.1,0.0,0.0,1.1,0.0
22906,Israel Pineda,DH,0.1,64.0,0.0,0.1,0.0,-0.4,1.6,0.0,-4.4
14552,José Ruiz,P,0.1,0.0,56.0,0.0,0.1,0.0,0.0,0.3,0.0
14553,Nomar Mazara,"OF,DH",0.1,112.0,0.0,0.1,0.0,-0.3,0.8,0.0,-1.9
22209,Sam Huff,"C,DH",0.1,66.0,0.0,0.1,0.0,-0.3,1.6,0.0,-3.2
22717,Angel Zerpa,P,0.1,0.0,28.0,0.0,0.1,0.0,0.0,0.6,0.0
22715,Maikel Garcia,DH,0.1,35.0,0.0,0.1,0.0,-0.1,2.2,0.0,-2.0
14874,Sam Moll,P,0.1,0.0,60.0,0.0,0.1,0.0,0.0,0.4,0.0
22224,Jonathan Heasley,P,0.1,0.0,50.0,0.0,0.1,0.0,0.0,0.6,0.0
12434,Kevin Pillar,DH,0.1,49.0,0.0,0.1,0.0,-0.2,1.3,0.0,-2.9
4940,Jason Heyward,"OF,DH",0.1,49.0,0.0,0.1,0.0,-0.2,1.4,0.0,-2.9
22650,Jordan Diaz,DH,0.1,49.0,0.0,0.1,0.0,-0.2,1.2,0.0,-2.9
22557,Michael Siani,DH,0.1,112.0,0.0,0.1,0.0,-0.6,0.5,0.0,-3.8
4972,Cole Hamels,P,0.1,0.0,70.0,0.0,0.1,0.0,0.0,0.4,0.0
14677,Duane Underwood Jr.,P,0.1,0.0,58.0,0.0,0.1,0.0,0.0,0.2,0.0
22361,Colin Holderman,P,0.1,0.0,48.0,0.0,0.1,0.0,0.0,0.4,0.0
23221,Michael Grove,P,0.1,0.0,50.0,0.0,0.1,0.0,0.0,0.5,0.0
23324,Freddy Tarnok,P,0.1,0.0,35.0,0.0,0.1,0.0,0.0,0.5,0.0
15191,Chad Pinder,"OF,DH",0.1,357.0,0.0,0.1,0.0,-2.1,0.1,0.0,-4.1
23359,Nelson Velázquez,"OF,DH",0.1,196.0,0.0,0.1,0.0,-0.7,0.2,0.0,-2.5
24655,Owen Miller,"1B,2B,DH",0.1,35.0,0.0,0.1,0.0,-0.2,1.5,0.0,-4.0
11426,Drew Pomeranz,P,0.1,0.0,53.0,0.0,0.1,0.0,0.0,0.3,0.0
13897,Tyler Heineman,"C,DH",0.1,19.0,0.0,0.1,0.0,-0.1,3.6,0.0,-3.7
24606,Josh Winder,P,0.1,0.0,59.0,0.0,0.1,0.0,0.0,0.3,0.0
24589,Richie Palacios,"OF,DH",0.1,49.0,0.0,0.1,0.0,-0.1,1.7,0.0,-1.4
21646,Rafael Marchan,DH,0.1,32.0,0.0,0.1,0.0,-0.2,1.4,0.0,-4.4
24494,Simeon Woods Richardson,P,0.1,0.0,16.0,0.0,0.1,0.0,0.0,1.0,0.0
14771,Emilio Pagán,P,0.1,0.0,62.0,0.0,0.1,0.0,0.0,0.3,0.0
14332,Joel Payamps,P,0.1,0.0,50.0,0.0,0.1,0.0,0.0,0.3,0.0
14350,Raimel Tapia,"OF,DH",0.1,70.0,0.0,0.1,0.0,-0.2,1.2,0.0,-2.0
15047,Austin Voth,P,0.1,0.0,62.0,0.0,0.1,0.0,0.0,0.3,0.0
15046,Trevor Gott,P,0.1,0.0,58.0,0.0,0.1,0.0,0.0,0.2,0.0
21846,Cole Ragans,P,0.1,0.0,28.0,0.0,0.1,0.0,0.0,0.7,0.0
23796,Ryan Weathers,P,0.1,0.0,25.0,0.0,0.1,0.0,0.0,0.6,0.0
21853,Will Benson,"OF,DH",0.1,133.0,0.0,0.1,0.0,-0.5,0.8,0.0,-2.6
14444,Hyun Jin Ryu,P,0.1,0.0,21.0,0.0,0.1,0.0,0.0,1.2,0.0
14523,Pedro Severino,DH,0.1,64.0,0.0,0.1,0.0,-0.3,0.6,0.0,-3.3
21956,Max Castillo,P,0.1,0.0,35.0,0.0,0.1,0.0,0.0,0.5,0.0
23488,Ron Marinaccio,P,0.1,0.0,55.0,0.0,0.1,0.0,0.0,0.3,0.0
22815,Luis Patiño,P,0.1,0.0,78.0,0.0,0.1,0.0,0.0,0.3,0.0
26466,Matt Wallner,"OF,DH",0.1,140.0,0.0,0.1,0.0,-0.4,0.5,0.0,-2.0
sa3017386,Ky Bush,P,0.1,0.0,8.0,0.0,0.1,0.0,0.0,1.7,0.0
sa3005581,Ceddanne Rafaela,DH,0.1,35.0,0.0,0.1,0.0,-0.1,2.1,0.0,-2.0
17732,Nabil Crismatt,P,0.1,0.0,55.0,0.0,0.1,0.0,0.0,0.4,0.0
sa3010299,Nic Enright,P,0.1,0.0,48.0,0.0,0.1,0.0,0.0,0.5,0.0
sa3014433,Connor Phillips,P,0.1,0.0,24.0,0.0,0.1,0.0,0.0,0.7,0.0
20153,Nick Nelson,P,0.1,0.0,48.0,0.0,0.1,0.0,0.0,0.4,0.0
19206,Dakota Hudson,P,0.1,0.0,97.0,0.0,0.1,0.0,0.0,0.2,0.0
10071,Jonathan Villar,"2B,3B,DH",0.1,98.0,0.0,0.1,0.0,-0.3,0.9,0.0,-2.1
16933,Elieser Hernandez,P,0.1,0.0,60.0,0.0,0.1,0.0,0.0,0.4,0.0
19179,Kirby Snead,P,0.1,0.0,56.0,0.0,0.1,0.0,0.0,0.3,0.0
sa3005246,Joey Cantillo,P,0.1,0.0,16.0,0.0,0.1,0.0,0.0,1.7,0.0
19964,Eguy Rosario,DH,0.1,42.0,0.0,0.1,0.0,-0.1,1.9,0.0,-1.7
19151,Estevan Florial,"OF,DH",0.1,77.0,0.0,0.1,0.0,-0.3,0.6,0.0,-2.7
sa3017073,Justyn-Henry Malloy,DH,0.1,91.0,0.0,0.1,0.0,-0.3,0.7,0.0,-2.3
sa3017130,Griff McGarry,P,0.1,0.0,22.0,0.0,0.1,0.0,0.0,0.5,0.0
19892,Pavin Smith,"OF,DH",0.1,98.0,0.0,0.1,0.0,-0.3,0.8,0.0,-2.1
20220,Jo Adell,"OF,DH",0.1,77.0,0.0,0.1,0.0,-0.3,0.8,0.0,-2.7
sa3014531,Joey Wiemer,DH,0.1,56.0,0.0,0.1,0.0,-0.2,1.5,0.0,-2.5
sa3014511,Nick Loftin,DH,0.1,35.0,0.0,0.1,0.0,-0.1,1.5,0.0,-2.0
20233,Gilberto Celestino,"OF,DH",0.1,91.0,0.0,0.1,0.0,-0.4,0.7,0.0,-3.1
17722,Trevor Megill,P,0.1,0.0,48.0,0.0,0.1,0.0,0.0,0.5,0.0
sa3014982,Taylor Dollard,P,0.1,0.0,9.0,0.0,0.1,0.0,0.0,1.2,0.0
sa3010272,Jared Triolo,DH,0.1,42.0,0.0,0.1,0.0,-0.2,2.0,0.0,-3.3
sa3010269,Blake Sabol,DH,0.1,32.0,0.0,0.1,0.0,-0.1,2.3,0.0,-2.2
19983,Conner Capel,"OF,DH",0.1,56.0,0.0,0.1,0.0,-0.2,1.6,0.0,-2.5
19337,Richard Lovelady,P,0.1,0.0,44.0,0.0,0.1,0.0,0.0,0.4,0.0
sa3014545,Levi Stoudt,P,0.1,0.0,47.0,0.0,0.1,0.0,0.0,0.5,0.0
sa3014446,Cole Henry,P,0.1,0.0,8.0,0.0,0.1,0.0,0.0,2.0,0.0
sa3014739,Slade Cecconi,P,0.1,0.0,18.0,0.0,0.1,0.0,0.0,1.1,0.0
20017,Miles Mastrobuoni,DH,0.1,35.0,0.0,0.1,0.0,-0.1,2.2,0.0,-2.0
sa3014445,Edouard Julien,DH,0.1,28.0,0.0,0.1,0.0,-0.1,2.2,0.0,-2.5
19962,Joey Wentz,P,0.1,0.0,86.0,0.0,0.1,0.0,0.0,0.2,0.0
sa3009982,Hogan Harris,P,0.1,0.0,48.0,0.0,0.1,0.0,0.0,0.2,0.0
sa3007828,Willie MacIver,DH,0.1,38.0,0.0,0.1,0.0,-0.3,1.5,0.0,-5.5
17611,Taylor Clarke,P,0.1,0.0,66.0,0.0,0.1,0.0,0.0,0.2,0.0
19864,Riley Adams,"C,DH",0.1,179.0,0.0,0.1,0.0,-0.7,0.3,0.0,-2.7
sa3014838,Pedro Leon,DH,0.1,28.0,0.0,0.1,0.0,-0.1,1.7,0.0,-2.5
sa3009999,Kevin Kelly,P,0.1,0.0,52.0,0.0,0.1,0.0,0.0,0.2,0.0
sa3014434,David Hamilton,DH,0.1,35.0,0.0,0.1,0.0,-0.1,1.8,0.0,-2.0
19960,Taylor Trammell,"OF,DH",0.1,70.0,0.0,0.1,0.0,-0.2,1.4,0.0,-2.0
20078,Evan White,DH,0.1,126.0,0.0,0.1,0.0,-0.5,0.7,0.0,-2.8
16953,Chadwick Tromp,DH,0.1,32.0,0.0,0.1,0.0,-0.2,1.4,0.0,-4.4
sa3008223,Jake Irvin,P,0.1,0.0,16.0,0.0,0.1,0.0,0.0,1.2,0.0
19677,Gregory Soto,P,0.1,0.0,64.0,0.0,0.1,0.0,0.0,0.4,0.0
sa3017461,Sean Burke,P,0.1,0.0,28.0,0.0,0.1,0.0,0.0,0.7,0.0
10323,Rafael Ortega,"OF,DH",0.1,49.0,0.0,0.1,0.0,-0.1,2.1,0.0,-1.4
18088,Cody Stashak,P,0.1,0.0,30.0,0.0,0.1,0.0,0.0,0.5,0.0
sa3011540,Michael Busch,DH,0.1,35.0,0.0,0.1,0.0,-0.1,2.1,0.0,-2.0
15730,Tyler Wade,"2B,DH",0.1,42.0,0.0,0.1,0.0,-0.1,1.8,0.0,-1.7
18365,Lewin Díaz,"1B,DH",0.1,42.0,0.0,0.1,0.0,-0.1,1.4,0.0,-1.7
sa3011494,Brandon Williamson,P,0.1,0.0,25.0,0.0,0.1,0.0,0.0,0.4,0.0
19362,Keegan Akin,P,0.1,0.0,58.0,0.0,0.1,0.0,0.0,0.2,0.0
20572,Kody Clemens,"3B,DH",0.1,49.0,0.0,0.1,0.0,-0.2,1.0,0.0,-2.9
20599,Iván Herrera,DH,0.1,45.0,0.0,0.1,0.0,-0.2,2.3,0.0,-3.1
10591,Scott Alexander,P,0.1,0.0,60.0,0.0,0.1,0.0,0.0,0.4,0.0
20778,Cristopher Sánchez,P,0.1,0.0,32.0,0.0,0.1,0.0,0.0,0.6,0.0
19562,Zack Short,DH,0.1,56.0,0.0,0.1,0.0,-0.3,1.4,0.0,-3.8
sa917288,Enmanuel Valdez,DH,0.1,42.0,0.0,0.1,0.0,-0.1,2.2,0.0,-1.7
sa917784,Bryan Mata,P,0.1,0.0,16.0,0.0,0.1,0.0,0.0,1.2,0.0
17169,José Castillo,P,0.1,0.0,48.0,0.0,0.1,0.0,0.0,0.4,0.0
sa3011471,Yolbert Sanchez,DH,0.1,84.0,0.0,0.1,0.0,-0.5,0.6,0.0,-4.2
18323,Josh Sborz,P,0.1,0.0,48.0,0.0,0.1,0.0,0.0,0.5,0.0
20418,Josh Fleming,P,0.1,0.0,20.0,0.0,0.1,0.0,0.0,1.2,0.0
17040,Jose Herrera,"C,DH",0.1,45.0,0.0,0.1,0.0,-0.2,2.3,0.0,-3.1
18064,Phil Maton,P,0.1,0.0,58.0,0.0,0.1,0.0,0.0,0.4,0.0
10314,Erasmo Ramírez,P,0.1,0.0,60.0,0.0,0.1,0.0,0.0,0.5,0.0
19666,Jason Alexander,P,0.1,0.0,45.0,0.0,0.1,0.0,0.0,0.2,0.0
19928,Ryan McKenna,"OF,DH",0.1,77.0,0.0,0.1,0.0,-0.4,0.8,0.0,-3.6
18694,Kolby Allard,P,0.1,0.0,29.0,0.0,0.1,0.0,0.0,0.7,0.0
17871,Ian Gibaut,P,0.1,0.0,56.0,0.0,0.1,0.0,0.0,0.5,0.0
sa1170003,Brett Wisely,DH,0.1,42.0,0.0,0.1,0.0,-0.1,2.3,0.0,-1.7
sa737535,Matt Krook,P,0.1,0.0,19.0,0.0,0.1,0.0,0.0,0.8,0.0
18674,Jake Woodford,P,0.1,0.0,66.0,0.0,0.1,0.0,0.0,0.4,0.0
19926,Tony Santillan,P,0.1,0.0,58.0,0.0,0.1,0.0,0.0,0.3,0.0
17954,Sam Hilliard,"OF,DH",0.1,56.0,0.0,0.1,0.0,-0.2,1.0,0.0,-2.5
15947,Ryne Stanek,P,0.1,0.0,60.0,0.0,0.1,0.0,0.0,0.3,0.0
17969,Peter Lambert,P,0.1,0.0,37.0,0.0,0.1,0.0,0.0,0.7,0.0
15905,Luis Torrens,"C,DH",0.1,32.0,0.0,0.1,0.0,-0.1,1.9,0.0,-2.2
sa3010826,Brandon Walter,P,0.1,0.0,21.0,0.0,0.1,0.0,0.0,1.4,0.0
19614,Cionel Pérez,P,0.1,0.0,61.0,0.0,0.1,0.0,0.0,0.5,0.0
sa875215,Nathan Lukes,DH,0.1,70.0,0.0,0.1,0.0,-0.3,0.6,0.0,-3.0
17359,Josh Taylor,P,0.1,0.0,52.0,0.0,0.1,0.0,0.0,0.3,0.0
18403,Enyel De Los Santos,P,0.1,0.0,58.0,0.0,0.1,0.0,0.0,0.4,0.0
sa3014489,Tyler Soderstrom,DH,-0.0,28.0,0.0,-0.0,0.0,-0.1,-0.6,0.0,-2.5
3192,Will Harris,P,0.0,0.0,18.0,0.0,0.0,0.0,0.0,0.2,0.0
8246,Paolo Espino,P,-0.0,0.0,64.0,0.0,-0.0,0.0,0.0,-0.1,0.0
sa3014432,Isaiah Campbell,P,0.0,0.0,34.0,0.0,0.0,0.0,0.0,0.0,0.0
sa3014456,Emerson Hancock,P,0.0,0.0,8.0,0.0,0.0,0.0,0.0,0.1,0.0
3237,T.J. McFarland,P,-0.0,0.0,12.0,0.0,-0.0,0.0,0.0,-0.3,0.0
3269,Robinson Canó,"2B,DH",0.0,140.0,0.0,0.0,0.0,-0.7,0.0,0.0,-3.5
3281,Joe Smith,P,-0.0,0.0,28.0,0.0,-0.0,0.0,0.0,-0.4,0.0
3298,Charlie Culberson,"3B,DH",0.0,28.0,0.0,0.0,0.0,-0.1,0.6,0.0,-2.5
sa3014431,R.J. Dabovich,P,0.0,0.0,12.0,0.0,0.0,0.0,0.0,0.1,0.0
sa3011890,Davis Wendzel,DH,0.0,14.0,0.0,0.0,0.0,-0.1,0.5,0.0,-5.0
sa3011889,Noah Denoyer,P,-0.0,0.0,12.0,0.0,-0.0,0.0,0.0,-0.2,0.0
sa3011887,Brent Headrick,P,-0.0,0.0,10.0,0.0,-0.0,0.0,0.0,-0.0,0.0
sa3011726,Indigo Diaz,P,-0.0,0.0,20.0,0.0,-0.0,0.0,0.0,-0.1,0.0
sa3011481,Trevor Brigden,P,0.0,0.0,14.0,0.0,0.0,0.0,0.0,0.0,0.0
12763,Chris Devenski,P,-0.0,0.0,42.0,0.0,-0.0,0.0,0.0,-0.0,0.0
sa3014863,Carson Spiers,P,0.0,0.0,17.0,0.0,0.0,0.0,0.0,0.1,0.0
sa3014518,Landon Knack,P,0.0,0.0,24.0,0.0,0.0,0.0,0.0,0.1,0.0
sa3014523,Kyle Nicolas,P,0.0,0.0,8.0,0.0,0.0,0.0,0.0,0.3,0.0
12910,Ken Giles,P,0.0,0.0,40.0,0.0,0.0,0.0,0.0,0.1,0.0
12918,Archie Bradley,P,-0.0,0.0,49.0,0.0,-0.0,0.0,0.0,-0.2,0.0
12972,Joe Ross,P,0.0,0.0,10.0,0.0,0.0,0.0,0.0,0.1,0.0
10030,Chris Owings,DH,0.0,35.0,0.0,0.0,0.0,-0.2,0.2,0.0,-4.0
sa3020078,Ben Joyce,P,0.0,0.0,20.0,0.0,0.0,0.0,0.0,0.5,0.0
sa828707,Trey Supak,P,-0.0,0.0,10.0,0.0,-0.0,0.0,0.0,-0.5,0.0
sa874806,Blake Perkins,DH,0.0,14.0,0.0,0.0,0.0,-0.1,0.1,0.0,-5.0
13133,Derek Law,P,-0.0,0.0,4.0,0.0,-0.0,0.0,0.0,-0.0,0.0
sa876068,Hobie Harris,P,-0.0,0.0,10.0,0.0,-0.0,0.0,0.0,-0.4,0.0
sa879559,Jasseel De La Cruz,P,-0.0,0.0,4.0,0.0,-0.0,0.0,0.0,-0.5,0.0
sa881181,Angel Felipe,P,-0.0,0.0,12.0,0.0,-0.0,0.0,0.0,-0.1,0.0
13190,Jordan Weems,P,0.0,0.0,36.0,0.0,0.0,0.0,0.0,0.2,0.0
sa915675,Tom Cosgrove,P,0.0,0.0,10.0,0.0,0.0,0.0,0.0,0.1,0.0
sa915693,Matt Ruppenthal,P,-0.0,0.0,6.0,0.0,-0.0,0.0,0.0,-0.8,0.0
sa916962,Jhony Brito,P,-0.0,0.0,18.0,0.0,-0.0,0.0,0.0,-0.1,0.0
sa918848,Darius Vines,P,-0.0,0.0,14.0,0.0,-0.0,0.0,0.0,-0.1,0.0
27459,Yoshi Tsutsugo,"1B,DH",0.0,49.0,0.0,0.0,0.0,-0.2,0.1,0.0,-2.9
12890,Alex Claudio,P,-0.0,0.0,10.0,0.0,-0.0,0.0,0.0,-0.1,0.0
sa3017262,Eric Torres,P,0.0,0.0,36.0,0.0,0.0,0.0,0.0,0.1,0.0
sa3015086,Cade Smith,P,-0.0,0.0,12.0,0.0,-0.0,0.0,0.0,-0.3,0.0
sa3014792,Jonathan Sprinkle,P,-0.0,0.0,10.0,0.0,-0.0,0.0,0.0,-0.3,0.0
sa3014526,Karl Kauffmann,P,0.0,0.0,9.0,0.0,0.0,0.0,0.0,0.3,0.0
sa3014528,Dillon Dingler,DH,0.0,19.0,0.0,0.0,0.0,-0.1,1.8,0.0,-3.7
sa3014534,Mick Abel,P,0.0,0.0,20.0,0.0,0.0,0.0,0.0,0.3,0.0
sa3014536,Clayton Beeter,P,0.0,0.0,8.0,0.0,0.0,0.0,0.0,0.1,0.0
12791,Michael Kelly,P,-0.0,0.0,14.0,0.0,-0.0,0.0,0.0,-0.2,0.0
12800,Noé Ramirez,P,-0.0,0.0,30.0,0.0,-0.0,0.0,0.0,-0.1,0.0
12804,Matt Wisler,P,0.0,0.0,38.0,0.0,0.0,0.0,0.0,0.1,0.0
sa3014830,Micah Pries,DH,0.0,14.0,0.0,0.0,0.0,0.0,0.4,0.0,0.0
sa3015037,Davis Daniel,P,0.0,0.0,19.0,0.0,0.0,0.0,0.0,0.3,0.0
sa3014857,Carson Coleman,P,-0.0,0.0,12.0,0.0,-0.0,0.0,0.0,-0.1,0.0
sa3011431,Chris Murphy,P,-0.0,0.0,14.0,0.0,-0.0,0.0,0.0,-0.3,0.0
sa3014864,Justin Sterner,P,-0.0,0.0,8.0,0.0,-0.0,0.0,0.0,-0.4,0.0
sa3014869,Yosver Zulueta,P,0.0,0.0,16.0,0.0,0.0,0.0,0.0,0.6,0.0
sa3014907,Ben Leeper,P,-0.0,0.0,14.0,0.0,-0.0,0.0,0.0,-0.1,0.0
12863,Matt Barnes,P,0.0,0.0,61.0,0.0,0.0,0.0,0.0,0.1,0.0
sa3014984,Zach Brzykcy,P,-0.0,0.0,16.0,0.0,-0.0,0.0,0.0,-0.0,0.0
sa3011463,Matt Cronin,P,-0.0,0.0,18.0,0.0,-0.0,0.0,0.0,-0.0,0.0
sa3010332,Braden Shewmake,DH,0.0,14.0,0.0,0.0,0.0,-0.1,1.1,0.0,-5.0
sa3011411,Chris Clarke,P,0.0,0.0,24.0,0.0,0.0,0.0,0.0,0.1,0.0
sa3005024,Michael Mercado,P,0.0,0.0,8.0,0.0,0.0,0.0,0.0,0.2,0.0
sa3003138,Osvaldo Bido,P,-0.0,0.0,10.0,0.0,-0.0,0.0,0.0,-0.4,0.0
11437,Jesse Biddle,P,0.0,0.0,12.0,0.0,0.0,0.0,0.0,0.0,0.0
11470,Tony Wolters,DH,-0.0,19.0,0.0,-0.0,0.0,-0.1,-0.3,0.0,-3.7
sa3003326,Wenceel Perez,DH,0.0,7.0,0.0,0.0,0.0,0.0,1.8,0.0,0.0
11472,Dixon Machado,DH,0.0,7.0,0.0,0.0,0.0,0.0,1.5,0.0,0.0
sa3004222,Sam Delaplane,P,0.0,0.0,14.0,0.0,0.0,0.0,0.0,0.2,0.0
6895,Chase Anderson,P,-0.0,0.0,15.0,0.0,-0.0,0.0,0.0,-0.6,0.0
sa3004501,Hagen Danner,P,-0.0,0.0,8.0,0.0,-0.0,0.0,0.0,-0.5,0.0
sa3004584,Drew Strotman,P,-0.0,0.0,8.0,0.0,-0.0,0.0,0.0,-0.4,0.0
sa3004975,Cody Bolton,P,0.0,0.0,20.0,0.0,0.0,0.0,0.0,0.4,0.0
6797,Julio Teheran,P,-0.0,0.0,27.0,0.0,-0.0,0.0,0.0,-0.2,0.0
sa3011248,Nick Robertson,P,0.0,0.0,4.0,0.0,0.0,0.0,0.0,0.0,0.0
sa3005216,Cam Robinson,P,-0.0,0.0,23.0,0.0,-0.0,0.0,0.0,-0.0,0.0
sa3005864,Justin Martinez,P,-0.0,0.0,21.0,0.0,-0.0,0.0,0.0,-0.2,0.0
sa3006164,Freddy Pacheco,P,-0.0,0.0,16.0,0.0,-0.0,0.0,0.0,-0.2,0.0
11490,Aaron Sanchez,P,-0.0,0.0,18.0,0.0,-0.0,0.0,0.0,-0.3,0.0
sa3006787,David Fry,DH,0.0,7.0,0.0,0.0,0.0,0.0,1.4,0.0,0.0
6576,Robert Stock,P,-0.0,0.0,8.0,0.0,-0.0,0.0,0.0,-0.4,0.0
1157,Tommy Hunter,P,-0.0,0.0,16.0,0.0,-0.0,0.0,0.0,-0.0,0.0
sa3006811,Chris Muller,P,-0.0,0.0,10.0,0.0,-0.0,0.0,0.0,-0.4,0.0
sa3006966,Brooks Wilson,P,-0.0,0.0,8.0,0.0,-0.0,0.0,0.0,-0.1,0.0
sa3007243,Andrew Politi,P,-0.0,0.0,28.0,0.0,-0.0,0.0,0.0,-0.3,0.0
7048,Fernando Cruz,P,-0.0,0.0,52.0,0.0,-0.0,0.0,0.0,-0.1,0.0
sa1169893,Anthony Maldonado,P,0.0,0.0,12.0,0.0,0.0,0.0,0.0,0.1,0.0
sa1159677,Kyle McCann,DH,-0.0,19.0,0.0,-0.0,0.0,-0.1,-0.4,0.0,-3.7
sa1119415,Zach Greene,P,0.0,0.0,28.0,0.0,0.0,0.0,0.0,0.2,0.0
8418,Ehire Adrianza,"3B,DH",0.0,28.0,0.0,0.0,0.0,-0.1,0.7,0.0,-2.5
10745,Trevor Rosenthal,P,0.0,0.0,48.0,0.0,0.0,0.0,0.0,0.0,0.0
11121,Casey Lawrence,P,-0.0,0.0,18.0,0.0,-0.0,0.0,0.0,-0.1,0.0
8801,Wilking Rodriguez,P,0.0,0.0,36.0,0.0,0.0,0.0,0.0,0.0,0.0
8110,Bryan Shaw,P,-0.0,0.0,32.0,0.0,-0.0,0.0,0.0,-0.2,0.0
10732,Drew Hutchison,P,-0.0,0.0,10.0,0.0,-0.0,0.0,0.0,-0.4,0.0
10547,Jimmy Nelson,P,-0.0,0.0,42.0,0.0,-0.0,0.0,0.0,-0.0,0.0
10459,Adeiny Hechavarria,DH,0.0,14.0,0.0,0.0,0.0,-0.1,1.0,0.0,-5.0
9646,Brian Moran,P,-0.0,0.0,4.0,0.0,-0.0,0.0,0.0,-0.3,0.0
10343,Aaron Loup,P,0.0,0.0,62.0,0.0,0.0,0.0,0.0,0.1,0.0
11200,Kole Calhoun,"OF,DH",-0.0,245.0,0.0,-0.0,0.0,-1.2,-0.1,0.0,-3.4
13259,Louis Head,P,-0.0,0.0,20.0,0.0,-0.0,0.0,0.0,-0.4,0.0
11209,Casey Sadler,P,0.0,0.0,42.0,0.0,0.0,0.0,0.0,0.1,0.0
7738,Wily Peralta,P,-0.0,0.0,28.0,0.0,-0.0,0.0,0.0,-0.2,0.0
11339,Jake Marisnick,"OF,DH",0.0,35.0,0.0,0.0,0.0,-0.2,0.4,0.0,-4.0
10291,Ryan Tepera,P,0.0,0.0,64.0,0.0,0.0,0.0,0.0,0.1,0.0
7432,Jay Jackson,P,0.0,0.0,6.0,0.0,0.0,0.0,0.0,0.3,0.0
sa1053035,Josh Simpson,P,0.0,0.0,34.0,0.0,0.0,0.0,0.0,0.1,0.0
sa1115496,Spencer Horwitz,DH,0.0,7.0,0.0,0.0,0.0,0.0,2.0,0.0,0.0
7274,Craig Stammen,P,0.0,0.0,6.0,0.0,0.0,0.0,0.0,0.1,0.0
sa1115778,Dominic Fletcher,DH,0.0,14.0,0.0,0.0,0.0,-0.1,0.7,0.0,-5.0
sa3007262,Tim Herrin,P,0.0,0.0,48.0,0.0,0.0,0.0,0.0,0.0,0.0
6310,Alcides Escobar,"SS,DH",0.0,91.0,0.0,0.0,0.0,-0.5,0.2,0.0,-3.8
11632,Heath Hembree,P,-0.0,0.0,18.0,0.0,-0.0,0.0,0.0,-0.4,0.0
sa3009935,Stephen Jones,P,-0.0,0.0,30.0,0.0,-0.0,0.0,0.0,-0.3,0.0
5114,Jeurys Familia,P,-0.0,0.0,24.0,0.0,-0.0,0.0,0.0,-0.2,0.0
12323,Jacob Barnes,P,-0.0,0.0,18.0,0.0,-0.0,0.0,0.0,-0.2,0.0
sa3009965,Brenton Doyle,DH,0.0,14.0,0.0,0.0,0.0,-0.1,1.3,0.0,-5.0
5003,Jake Diekman,P,0.0,0.0,60.0,0.0,0.0,0.0,0.0,0.1,0.0
sa3010005,Michael Stryffeler,P,-0.0,0.0,4.0,0.0,-0.0,0.0,0.0,-0.2,0.0
sa3010118,Andrew Misiaszek,P,-0.0,0.0,22.0,0.0,-0.0,0.0,0.0,-0.1,0.0
sa3010256,Avery Weems,P,0.0,0.0,8.0,0.0,0.0,0.0,0.0,0.1,0.0
sa3010303,Nick Mikolajchak,P,-0.0,0.0,20.0,0.0,-0.0,0.0,0.0,-0.2,0.0
8410,Deolis Guerra,P,-0.0,0.0,20.0,0.0,-0.0,0.0,0.0,-0.4,0.0
sa3010663,Brendan White,P,-0.0,0.0,40.0,0.0,-0.0,0.0,0.0,-0.1,0.0
sa3010787,Evan McKendry,P,-0.0,0.0,4.0,0.0,-0.0,0.0,0.0,-0.0,0.0
sa3010821,Fineas Del Bonta-Smith,P,-0.0,0.0,26.0,0.0,-0.0,0.0,0.0,-0.2,0.0
sa3010825,Justin Yeager,P,-0.0,0.0,12.0,0.0,-0.0,0.0,0.0,-0.2,0.0
10133,Brad Boxberger,P,0.0,0.0,62.0,0.0,0.0,0.0,0.0,0.0,0.0
sa3011149,Kolton Ingram,P,-0.0,0.0,40.0,0.0,-0.0,0.0,0.0,-0.1,0.0
4418,Jed Lowrie,DH,0.0,21.0,0.0,0.0,0.0,-0.1,1.2,0.0,-3.3
4338,Tyler Chatwood,P,-0.0,0.0,20.0,0.0,-0.0,0.0,0.0,-0.1,0.0
sa3011200,Colby White,P,-0.0,0.0,32.0,0.0,-0.0,0.0,0.0,-0.0,0.0
4301,Justin Wilson,P,-0.0,0.0,20.0,0.0,-0.0,0.0,0.0,-0.1,0.0
4264,Mark Melancon,P,0.0,0.0,60.0,0.0,0.0,0.0,0.0,0.1,0.0
12673,Roenis Elías,P,-0.0,0.0,10.0,0.0,-0.0,0.0,0.0,-0.2,0.0
12249,Ryan Sherriff,P,-0.0,0.0,24.0,0.0,-0.0,0.0,0.0,-0.2,0.0
5257,Wilmer Font,P,-0.0,0.0,4.0,0.0,-0.0,0.0,0.0,-0.1,0.0
6107,Huascar Brazoban,P,0.0,0.0,45.0,0.0,0.0,0.0,0.0,0.2,0.0
sa3009928,Travis Kuhn,P,-0.0,0.0,14.0,0.0,-0.0,0.0,0.0,-0.7,0.0
sa3007467,Carlos Vargas,P,-0.0,0.0,14.0,0.0,-0.0,0.0,0.0,-0.1,0.0
11680,Elias Díaz,"C,DH",-0.0,378.0,0.0,-0.0,0.0,-1.7,-0.0,0.0,-3.1
sa3007731,Colin Selby,P,-0.0,0.0,16.0,0.0,-0.0,0.0,0.0,-0.3,0.0
sa3007779,Gus Varland,P,-0.0,0.0,14.0,0.0,-0.0,0.0,0.0,-0.5,0.0
sa3007780,Kody Funderburk,P,-0.0,0.0,4.0,0.0,-0.0,0.0,0.0,-0.2,0.0
sa3007839,Taj Bradley,P,0.0,0.0,8.0,0.0,0.0,0.0,0.0,1.2,0.0
sa3007852,Eddy Demurias,P,-0.0,0.0,10.0,0.0,-0.0,0.0,0.0,-0.6,0.0
sa3007943,Parker Meadows,DH,0.0,35.0,0.0,0.0,0.0,-0.2,0.3,0.0,-4.0
5448,Jesse Chavez,P,0.0,0.0,42.0,0.0,0.0,0.0,0.0,0.1,0.0
sa3007959,Durbin Feltman,P,-0.0,0.0,8.0,0.0,-0.0,0.0,0.0,-0.3,0.0
sa3007997,Eli Villalobos,P,-0.0,0.0,14.0,0.0,-0.0,0.0,0.0,-0.2,0.0
sa3008098,Thad Ward,P,-0.0,0.0,44.0,0.0,-0.0,0.0,0.0,-0.0,0.0
sa3008244,Ryan Rolison,P,0.0,0.0,8.0,0.0,0.0,0.0,0.0,0.3,0.0
10199,Billy Hamilton,DH,-0.0,21.0,0.0,-0.0,0.0,-0.1,-1.1,0.0,-3.3
sa3008310,J.P. France,P,0.0,0.0,41.0,0.0,0.0,0.0,0.0,0.2,0.0
sa3008527,Victor Vodnik,P,0.0,0.0,32.0,0.0,0.0,0.0,0.0,0.0,0.0
12092,Niko Goodrum,DH,0.0,14.0,0.0,0.0,0.0,-0.1,1.4,0.0,-5.0
sa3008662,Cole Winn,P,-0.0,0.0,4.0,0.0,-0.0,0.0,0.0,-0.4,0.0
12155,Eddie Rosario,"OF,DH",-0.0,448.0,0.0,-0.0,0.0,-1.8,-0.0,0.0,-2.8
sa3009889,Joey Ortiz,DH,0.0,7.0,0.0,0.0,0.0,0.0,2.7,0.0,0.0
5273,Sandy Leon,"C,DH",0.0,13.0,0.0,0.0,0.0,-0.1,0.7,0.0,-5.4
10315,Michael Tonkin,P,0.0,0.0,26.0,0.0,0.0,0.0,0.0,0.2,0.0
18297,Tyler Kinley,P,0.0,0.0,20.0,0.0,0.0,0.0,0.0,0.1,0.0
13293,Danny Coulombe,P,-0.0,0.0,32.0,0.0,-0.0,0.0,0.0,-0.1,0.0
16631,Jeff Brigham,P,0.0,0.0,50.0,0.0,0.0,0.0,0.0,0.1,0.0
19866,Brandon Bielak,P,0.0,0.0,48.0,0.0,0.0,0.0,0.0,0.2,0.0
19874,Alex Faedo,P,-0.0,0.0,30.0,0.0,-0.0,0.0,0.0,-0.2,0.0
16814,Tim Hill,P,0.0,0.0,60.0,0.0,0.0,0.0,0.0,0.1,0.0
19884,Corbin Martin,P,-0.0,0.0,55.0,0.0,-0.0,0.0,0.0,-0.1,0.0
16754,Vinny Nittoli,P,0.0,0.0,4.0,0.0,0.0,0.0,0.0,0.1,0.0
16647,Ryan Thompson,P,0.0,0.0,54.0,0.0,0.0,0.0,0.0,0.1,0.0
16610,J.P. Feyereisen,P,0.0,0.0,20.0,0.0,0.0,0.0,0.0,0.1,0.0
19848,Darwinzon Hernandez,P,-0.0,0.0,14.0,0.0,-0.0,0.0,0.0,-0.2,0.0
16537,Dusten Knight,P,-0.0,0.0,10.0,0.0,-0.0,0.0,0.0,-0.2,0.0
19956,Mickey Moniak,"OF,DH",-0.0,91.0,0.0,-0.0,0.0,-0.4,-0.0,0.0,-3.1
16507,Dan Altavilla,P,-0.0,0.0,40.0,0.0,-0.0,0.0,0.0,-0.1,0.0
19961,Colton Welker,DH,0.0,21.0,0.0,0.0,0.0,-0.1,1.3,0.0,-3.3
19976,Tyson Miller,P,-0.0,0.0,6.0,0.0,-0.0,0.0,0.0,-0.0,0.0
16466,Brent Honeywell Jr.,P,-0.0,0.0,22.0,0.0,-0.0,0.0,0.0,-0.1,0.0
16835,Brennan Bernardino,P,-0.0,0.0,20.0,0.0,-0.0,0.0,0.0,-0.0,0.0
19813,Charles Leblanc,"2B,3B,DH",0.0,21.0,0.0,0.0,0.0,-0.1,0.9,0.0,-3.3
19580,Norge Ruiz,P,-0.0,0.0,12.0,0.0,-0.0,0.0,0.0,-0.3,0.0
16958,Jake Jewell,P,-0.0,0.0,10.0,0.0,-0.0,0.0,0.0,-0.0,0.0
17117,Austin Davis,P,0.0,0.0,18.0,0.0,0.0,0.0,0.0,0.1,0.0
17092,Domingo Acevedo,P,0.0,0.0,64.0,0.0,0.0,0.0,0.0,0.1,0.0
19608,Otto Lopez,DH,0.0,14.0,0.0,0.0,0.0,-0.1,2.0,0.0,-5.0
16990,Tanner Banks,P,0.0,0.0,32.0,0.0,0.0,0.0,0.0,0.2,0.0
19627,Brent Rooker,DH,0.0,14.0,0.0,0.0,0.0,0.0,0.5,0.0,0.0
19647,Matt Foster,P,0.0,0.0,46.0,0.0,0.0,0.0,0.0,0.1,0.0
16947,Derek Hill,"OF,DH",0.0,49.0,0.0,0.0,0.0,-0.3,0.1,0.0,-4.3
19805,Daniel Castano,P,-0.0,0.0,4.0,0.0,-0.0,0.0,0.0,-0.1,0.0
19712,Patrick Murphy,P,0.0,0.0,24.0,0.0,0.0,0.0,0.0,0.0,0.0
16943,Sean Newcomb,P,-0.0,0.0,20.0,0.0,-0.0,0.0,0.0,-0.0,0.0
16942,Luis Ortiz,P,0.0,0.0,34.0,0.0,0.0,0.0,0.0,0.2,0.0
16929,Touki Toussaint,P,-0.0,0.0,28.0,0.0,-0.0,0.0,0.0,-0.3,0.0
19766,Seth Elledge,P,-0.0,0.0,34.0,0.0,-0.0,0.0,0.0,-0.1,0.0
19768,Rylan Bannon,DH,0.0,14.0,0.0,0.0,0.0,-0.1,0.9,0.0,-5.0
19990,Bryse Wilson,P,0.0,0.0,63.0,0.0,0.0,0.0,0.0,0.1,0.0
19995,Joel Kuhnel,P,0.0,0.0,44.0,0.0,0.0,0.0,0.0,0.2,0.0
16442,Ryan O'Hearn,DH,0.0,35.0,0.0,0.0,0.0,-0.1,0.2,0.0,-2.0
13329,Jake Lamb,DH,0.0,7.0,0.0,0.0,0.0,0.0,0.6,0.0,0.0
16221,Bradley Zimmer,"OF,DH",0.0,49.0,0.0,0.0,0.0,-0.3,0.4,0.0,-4.3
16209,Jake Reed,P,-0.0,0.0,12.0,0.0,-0.0,0.0,0.0,-0.0,0.0
20203,Eli Morgan,P,-0.0,0.0,60.0,0.0,-0.0,0.0,0.0,-0.1,0.0
20206,Mike Baumann,P,0.0,0.0,34.0,0.0,0.0,0.0,0.0,0.1,0.0
20227,Jake Walsh,P,-0.0,0.0,14.0,0.0,-0.0,0.0,0.0,-0.2,0.0
20231,Zach Logue,P,0.0,0.0,13.0,0.0,0.0,0.0,0.0,0.2,0.0
20277,Cory Abbott,P,-0.0,0.0,20.0,0.0,-0.0,0.0,0.0,-0.3,0.0
20010,Wyatt Mills,P,0.0,0.0,46.0,0.0,0.0,0.0,0.0,0.1,0.0
16128,John Curtiss,P,-0.0,0.0,55.0,0.0,-0.0,0.0,0.0,-0.1,0.0
16094,Zach Thompson,P,0.0,0.0,41.0,0.0,0.0,0.0,0.0,0.2,0.0
20349,Zack Kelly,P,0.0,0.0,26.0,0.0,0.0,0.0,0.0,0.2,0.0
20370,Bruce Zimmermann,P,0.0,0.0,19.0,0.0,0.0,0.0,0.0,0.4,0.0
15878,Miguel Andújar,"OF,DH",0.0,28.0,0.0,0.0,0.0,-0.1,0.8,0.0,-2.5
20375,Greg Weissert,P,-0.0,0.0,38.0,0.0,-0.0,0.0,0.0,-0.1,0.0
20190,Chad Smith,P,-0.0,0.0,48.0,0.0,-0.0,0.0,0.0,-0.0,0.0
20185,Zach Pop,P,0.0,0.0,46.0,0.0,0.0,0.0,0.0,0.0,0.0
16233,Tejay Antone,P,0.0,0.0,32.0,0.0,0.0,0.0,0.0,0.1,0.0
20165,J.J. Matijevic,DH,0.0,56.0,0.0,0.0,0.0,-0.2,0.6,0.0,-2.5
20157,Matthew Batten,DH,0.0,28.0,0.0,0.0,0.0,-0.1,0.9,0.0,-2.5
16279,Sam Clay,P,-0.0,0.0,4.0,0.0,-0.0,0.0,0.0,-0.2,0.0
16285,Michael Hermosillo,"OF,DH",0.0,21.0,0.0,0.0,0.0,-0.1,0.5,0.0,-3.3
16313,Yairo Munoz,"2B,DH",0.0,14.0,0.0,0.0,0.0,-0.1,1.5,0.0,-5.0
20100,Michel Baez,P,-0.0,0.0,34.0,0.0,-0.0,0.0,0.0,-0.1,0.0
20080,Mauricio Llovera,P,0.0,0.0,38.0,0.0,0.0,0.0,0.0,0.0,0.0
16350,Ryan Borucki,P,-0.0,0.0,32.0,0.0,-0.0,0.0,0.0,-0.1,0.0
20061,Kaleb Ort,P,0.0,0.0,42.0,0.0,0.0,0.0,0.0,0.1,0.0
20054,Bligh Madris,"OF,DH",0.0,21.0,0.0,0.0,0.0,-0.1,0.5,0.0,-3.3
20038,Darren McCaughan,P,-0.0,0.0,8.0,0.0,-0.0,0.0,0.0,-0.1,0.0
16408,Victor González,P,0.0,0.0,42.0,0.0,0.0,0.0,0.0,0.0,0.0
20030,Phillip Diehl,P,-0.0,0.0,4.0,0.0,-0.0,0.0,0.0,-0.2,0.0
20023,Rico Garcia,P,-0.0,0.0,34.0,0.0,-0.0,0.0,0.0,-0.0,0.0
19583,Sean Poppen,P,-0.0,0.0,6.0,0.0,-0.0,0.0,0.0,-0.1,0.0
19574,JoJo Romero,P,-0.0,0.0,28.0,0.0,-0.0,0.0,0.0,-0.0,0.0
20395,Nick Margevicius,P,-0.0,0.0,10.0,0.0,-0.0,0.0,0.0,-0.3,0.0
17783,Jake Brentz,P,0.0,0.0,4.0,0.0,0.0,0.0,0.0,0.1,0.0
18821,José Azocar,"OF,DH",0.0,133.0,0.0,0.0,0.0,-0.7,0.1,0.0,-3.7
17838,Willie Calhoun,DH,0.0,7.0,0.0,0.0,0.0,0.0,1.3,0.0,0.0
18864,Pedro Avila,P,0.0,0.0,16.0,0.0,0.0,0.0,0.0,0.0,0.0
17796,Dillon Tate,P,0.0,0.0,70.0,0.0,0.0,0.0,0.0,0.1,0.0
17793,Trey Wingenter,P,0.0,0.0,28.0,0.0,0.0,0.0,0.0,0.2,0.0
1890,Matt Moore,P,-0.0,0.0,62.0,0.0,-0.0,0.0,0.0,-0.0,0.0
19178,Tommy Nance,P,0.0,0.0,53.0,0.0,0.0,0.0,0.0,0.1,0.0
18792,Miguel Del Pozo,P,0.0,0.0,10.0,0.0,0.0,0.0,0.0,0.1,0.0
19181,Zack Collins,DH,0.0,26.0,0.0,0.0,0.0,-0.1,0.7,0.0,-2.7
17750,Max Schrock,DH,0.0,14.0,0.0,0.0,0.0,-0.1,0.7,0.0,-5.0
19231,Caleb Baragar,P,-0.0,0.0,8.0,0.0,-0.0,0.0,0.0,-0.7,0.0
17723,Skye Bolt,"OF,DH",0.0,7.0,0.0,0.0,0.0,0.0,1.8,0.0,0.0
17719,Steven Duggar,"OF,DH",0.0,7.0,0.0,0.0,0.0,0.0,0.6,0.0,0.0
17710,Matt Beaty,DH,0.0,56.0,0.0,0.0,0.0,-0.2,0.1,0.0,-2.5
18815,Miguel Diaz,P,-0.0,0.0,18.0,0.0,-0.0,0.0,0.0,-0.3,0.0
18699,Nick Neidert,P,-0.0,0.0,10.0,0.0,-0.0,0.0,0.0,-0.3,0.0
17161,Chad Wallach,"C,DH",0.0,6.0,0.0,0.0,0.0,0.0,0.5,0.0,0.0
18142,Patrick Mazeika,"C,DH",0.0,6.0,0.0,0.0,0.0,0.0,2.6,0.0,0.0
18325,Taylor Hearn,P,0.0,0.0,60.0,0.0,0.0,0.0,0.0,0.2,0.0
18333,Alex Young,P,-0.0,0.0,38.0,0.0,-0.0,0.0,0.0,-0.1,0.0
18335,Josh Staumont,P,0.0,0.0,58.0,0.0,0.0,0.0,0.0,0.1,0.0
18337,Nick Anderson,P,-0.0,0.0,48.0,0.0,-0.0,0.0,0.0,-0.0,0.0
18186,James Naile,P,-0.0,0.0,5.0,0.0,-0.0,0.0,0.0,-0.3,0.0
18152,Anthony Misiewicz,P,0.0,0.0,22.0,0.0,0.0,0.0,0.0,0.1,0.0
18083,Austin Allen,DH,0.0,13.0,0.0,0.0,0.0,-0.1,2.6,0.0,-5.4
17878,Dennis Santana,P,0.0,0.0,50.0,0.0,0.0,0.0,0.0,0.0,0.0
18399,Joe McCarthy,DH,0.0,28.0,0.0,0.0,0.0,-0.1,0.8,0.0,-2.5
18454,Trevor Kelley,P,-0.0,0.0,12.0,0.0,-0.0,0.0,0.0,-0.2,0.0
18496,Junior Fernández,P,0.0,0.0,14.0,0.0,0.0,0.0,0.0,0.0,0.0
18027,Hoy Park,DH,0.0,7.0,0.0,0.0,0.0,0.0,1.5,0.0,0.0
17948,Trent Thornton,P,-0.0,0.0,26.0,0.0,-0.0,0.0,0.0,-0.0,0.0
17888,Tayler Saucedo,P,-0.0,0.0,22.0,0.0,-0.0,0.0,0.0,-0.1,0.0
19262,Garrett Hampson,"OF,SS,DH",0.0,7.0,0.0,0.0,0.0,0.0,0.5,0.0,0.0
19264,Thomas Hatch,P,-0.0,0.0,21.0,0.0,-0.0,0.0,0.0,-0.3,0.0
19274,Jacob Webb,P,0.0,0.0,12.0,0.0,0.0,0.0,0.0,0.1,0.0
19482,Andrew Vasquez,P,0.0,0.0,18.0,0.0,0.0,0.0,0.0,0.0,0.0
19454,Michael Rucker,P,-0.0,0.0,56.0,0.0,-0.0,0.0,0.0,-0.1,0.0
19456,Kyle Funkhouser,P,-0.0,0.0,14.0,0.0,-0.0,0.0,0.0,-0.3,0.0
19457,Bryan Garcia,P,-0.0,0.0,14.0,0.0,-0.0,0.0,0.0,-0.7,0.0
19459,Jorge Alcala,P,-0.0,0.0,54.0,0.0,-0.0,0.0,0.0,-0.0,0.0
17264,Sam Coonrod,P,-0.0,0.0,34.0,0.0,-0.0,0.0,0.0,-0.2,0.0
17237,Austin Brice,P,-0.0,0.0,10.0,0.0,-0.0,0.0,0.0,-0.1,0.0
19487,Devin Smeltzer,P,-0.0,0.0,10.0,0.0,-0.0,0.0,0.0,-0.1,0.0
19278,Vladimir Gutierrez,P,-0.0,0.0,16.0,0.0,-0.0,0.0,0.0,-0.3,0.0
19535,Ryan Hendrix,P,-0.0,0.0,8.0,0.0,-0.0,0.0,0.0,-0.2,0.0
19541,Jimmy Lambert,P,0.0,0.0,57.0,0.0,0.0,0.0,0.0,0.0,0.0
19545,Stephen Nogosek,P,0.0,0.0,40.0,0.0,0.0,0.0,0.0,0.2,0.0
19553,Símon Muzziotti,DH,0.0,14.0,0.0,0.0,0.0,-0.1,1.0,0.0,-5.0
17170,Gabe Speier,P,-0.0,0.0,36.0,0.0,-0.0,0.0,0.0,-0.0,0.0
19558,Geoff Hartlieb,P,-0.0,0.0,18.0,0.0,-0.0,0.0,0.0,-0.2,0.0
17285,Justus Sheffield,P,-0.0,0.0,12.0,0.0,-0.0,0.0,0.0,-0.4,0.0
19444,Yohan Ramirez,P,-0.0,0.0,28.0,0.0,-0.0,0.0,0.0,-0.3,0.0
19432,Yonny Hernandez,DH,0.0,7.0,0.0,0.0,0.0,0.0,1.7,0.0,0.0
17321,Michael Chavis,"1B,DH",0.0,21.0,0.0,0.0,0.0,-0.1,1.1,0.0,-3.3
17326,Cole Tucker,DH,-0.0,14.0,0.0,-0.0,0.0,-0.1,-0.7,0.0,-5.0
17338,Willi Castro,"2B,OF,DH",0.0,14.0,0.0,0.0,0.0,0.0,2.1,0.0,0.0
19407,Ronel Blanco,P,-0.0,0.0,20.0,0.0,-0.0,0.0,0.0,-0.1,0.0
17369,Brett Martin,P,0.0,0.0,12.0,0.0,0.0,0.0,0.0,0.3,0.0
17432,Jeff Hoffman,P,-0.0,0.0,33.0,0.0,-0.0,0.0,0.0,-0.2,0.0
19354,Luke Raley,"OF,DH",0.0,14.0,0.0,0.0,0.0,0.0,1.5,0.0,0.0
17464,Jonathan Hernández,P,-0.0,0.0,66.0,0.0,-0.0,0.0,0.0,-0.0,0.0
19346,Eli White,"OF,DH",0.0,14.0,0.0,0.0,0.0,-0.1,0.1,0.0,-5.0
19330,Matt Festa,P,0.0,0.0,55.0,0.0,0.0,0.0,0.0,0.2,0.0
17489,Spenser Watkins,P,-0.0,0.0,20.0,0.0,-0.0,0.0,0.0,-0.5,0.0
19318,Matt Thaiss,"C,DH",0.0,13.0,0.0,0.0,0.0,0.0,2.1,0.0,0.0
17490,Génesis Cabrera,P,0.0,0.0,58.0,0.0,0.0,0.0,0.0,0.0,0.0
19309,Trevor Richards,P,0.0,0.0,54.0,0.0,0.0,0.0,0.0,0.0,0.0
15823,Zack Littell,P,-0.0,0.0,26.0,0.0,-0.0,0.0,0.0,-0.1,0.0
sa945024,Guillermo Zuniga,P,-0.0,0.0,10.0,0.0,-0.0,0.0,0.0,-0.4,0.0
22184,Mark Vientos,DH,0.0,7.0,0.0,0.0,0.0,0.0,1.8,0.0,0.0
24933,Andrew Wantz,P,-0.0,0.0,54.0,0.0,-0.0,0.0,0.0,-0.1,0.0
22210,Jeremiah Estrada,P,0.0,0.0,30.0,0.0,0.0,0.0,0.0,0.3,0.0
22202,Jeter Downs,DH,0.0,63.0,0.0,0.0,0.0,-0.3,0.1,0.0,-3.3
24937,Austin Warren,P,-0.0,0.0,8.0,0.0,-0.0,0.0,0.0,-0.3,0.0
14875,Caleb Smith,P,-0.0,0.0,22.0,0.0,-0.0,0.0,0.0,-0.3,0.0
14932,Ben Lively,P,-0.0,0.0,12.0,0.0,-0.0,0.0,0.0,-0.1,0.0
22192,Hans Crouse,P,-0.0,0.0,8.0,0.0,-0.0,0.0,0.0,-0.2,0.0
25097,Garrett Hill,P,-0.0,0.0,36.0,0.0,-0.0,0.0,0.0,-0.1,0.0
13801,Austin Adams,P,0.0,0.0,26.0,0.0,0.0,0.0,0.0,0.0,0.0
22176,Easton McGee,P,-0.0,0.0,16.0,0.0,-0.0,0.0,0.0,-0.4,0.0
14966,Reyes Moronta,P,-0.0,0.0,24.0,0.0,-0.0,0.0,0.0,-0.3,0.0
22165,Ryan Vilade,DH,0.0,84.0,0.0,0.0,0.0,-0.4,0.4,0.0,-3.3
22164,Payton Henry,"C,DH",0.0,26.0,0.0,0.0,0.0,-0.2,1.1,0.0,-5.4
15007,Yacksel Ríos,P,-0.0,0.0,10.0,0.0,-0.0,0.0,0.0,-0.4,0.0
22051,John King,P,0.0,0.0,42.0,0.0,0.0,0.0,0.0,0.0,0.0
21997,Luis Frías,P,0.0,0.0,32.0,0.0,0.0,0.0,0.0,0.2,0.0
15010,Corey Knebel,P,0.0,0.0,52.0,0.0,0.0,0.0,0.0,0.1,0.0
15015,Alex Reyes,P,-0.0,0.0,38.0,0.0,-0.0,0.0,0.0,-0.1,0.0
21955,Yerry Rodriguez,P,0.0,0.0,10.0,0.0,0.0,0.0,0.0,0.1,0.0
25353,Michael Stefanic,"2B,DH",0.0,7.0,0.0,0.0,0.0,0.0,2.6,0.0,0.0
21894,Gregory Santos,P,-0.0,0.0,18.0,0.0,-0.0,0.0,0.0,-0.4,0.0
21871,Jerar Encarnacion,"OF,DH",-0.0,35.0,0.0,-0.0,0.0,-0.2,-0.1,0.0,-4.0
21850,Mason Thompson,P,-0.0,0.0,52.0,0.0,-0.0,0.0,0.0,-0.0,0.0
25379,Sam Long,P,0.0,0.0,54.0,0.0,0.0,0.0,0.0,0.0,0.0
25427,Gavin Hollowell,P,-0.0,0.0,44.0,0.0,-0.0,0.0,0.0,-0.1,0.0
15043,Lou Trivino,P,0.0,0.0,62.0,0.0,0.0,0.0,0.0,0.1,0.0
13758,Tyler Duffey,P,-0.0,0.0,22.0,0.0,-0.0,0.0,0.0,-0.1,0.0
14416,Yunior Marte,P,0.0,0.0,38.0,0.0,0.0,0.0,0.0,0.2,0.0
14706,Anthony Banda,P,0.0,0.0,8.0,0.0,0.0,0.0,0.0,0.0,0.0
22310,Chris Rodriguez,P,0.0,0.0,22.0,0.0,0.0,0.0,0.0,0.1,0.0
15051,Silvino Bracho,P,0.0,0.0,26.0,0.0,0.0,0.0,0.0,0.3,0.0
22343,A.J. Alexy,P,-0.0,0.0,4.0,0.0,-0.0,0.0,0.0,-0.4,0.0
24094,Ronny Henriquez,P,0.0,0.0,28.0,0.0,0.0,0.0,0.0,0.1,0.0
23809,Ray Kerr,P,-0.0,0.0,18.0,0.0,-0.0,0.0,0.0,-0.1,0.0
14420,Jackson Stephens,P,0.0,0.0,36.0,0.0,0.0,0.0,0.0,0.1,0.0
24273,Liover Peguero,DH,0.0,28.0,0.0,0.0,0.0,-0.1,1.0,0.0,-2.5
14510,Thyago Vieira,P,-0.0,0.0,4.0,0.0,-0.0,0.0,0.0,-0.1,0.0
23378,Jose Barrero,"SS,DH",0.0,112.0,0.0,0.0,0.0,-0.8,0.1,0.0,-5.0
23313,Jose Butto,P,0.0,0.0,10.0,0.0,0.0,0.0,0.0,0.1,0.0
23310,Damon Jones,P,-0.0,0.0,12.0,0.0,-0.0,0.0,0.0,-0.2,0.0
24584,Jonathan Stiever,P,0.0,0.0,19.0,0.0,0.0,0.0,0.0,0.3,0.0
23301,Janson Junk,P,-0.0,0.0,16.0,0.0,-0.0,0.0,0.0,-0.1,0.0
14196,Andrew Velazquez,"SS,DH",0.0,14.0,0.0,0.0,0.0,-0.1,0.9,0.0,-5.0
23293,Codi Heuer,P,0.0,0.0,38.0,0.0,0.0,0.0,0.0,0.1,0.0
23292,Packy Naughton,P,0.0,0.0,42.0,0.0,0.0,0.0,0.0,0.1,0.0
23252,Spencer Howard,P,-0.0,0.0,30.0,0.0,-0.0,0.0,0.0,-0.0,0.0
18282,Jarlín García,P,0.0,0.0,56.0,0.0,0.0,0.0,0.0,0.0,0.0
22713,Carlos Hernández,P,-0.0,0.0,38.0,0.0,-0.0,0.0,0.0,-0.2,0.0
14593,David Bote,"2B,3B,DH",0.0,14.0,0.0,0.0,0.0,-0.1,1.5,0.0,-5.0
14663,Chi Chi González,P,0.0,0.0,9.0,0.0,0.0,0.0,0.0,0.5,0.0
22515,Heliot Ramos,DH,-0.0,7.0,0.0,-0.0,0.0,0.0,-0.5,0.0,0.0
14665,Jandel Gustave,P,0.0,0.0,20.0,0.0,0.0,0.0,0.0,0.2,0.0
24750,Franklin German,P,-0.0,0.0,28.0,0.0,-0.0,0.0,0.0,-0.1,0.0
22471,Livan Soto,"SS,DH",0.0,28.0,0.0,0.0,0.0,-0.2,1.1,0.0,-5.0
13854,Anthony Bemboom,"C,DH",0.0,19.0,0.0,0.0,0.0,-0.1,1.4,0.0,-3.7
14681,Andres Machado,P,-0.0,0.0,32.0,0.0,-0.0,0.0,0.0,-0.2,0.0
22411,Cal Stevenson,"OF,DH",0.0,7.0,0.0,0.0,0.0,0.0,1.4,0.0,0.0
22387,Josh Winckowski,P,-0.0,0.0,20.0,0.0,-0.0,0.0,0.0,-0.2,0.0
22358,Stephen Ridings,P,0.0,0.0,14.0,0.0,0.0,0.0,0.0,0.2,0.0
21761,Jose Marte,P,-0.0,0.0,18.0,0.0,-0.0,0.0,0.0,-0.3,0.0
14361,Ty Blach,P,-0.0,0.0,8.0,0.0,-0.0,0.0,0.0,-0.2,0.0
21652,Elvis Peguero,P,-0.0,0.0,20.0,0.0,-0.0,0.0,0.0,-0.0,0.0
13475,Daniel Norris,P,-0.0,0.0,50.0,0.0,-0.0,0.0,0.0,-0.0,0.0
13546,Roman Quinn,"OF,DH",0.0,21.0,0.0,0.0,0.0,-0.1,0.3,0.0,-3.3
21093,Nick Vespi,P,-0.0,0.0,42.0,0.0,-0.0,0.0,0.0,-0.0,0.0
15104,Jonathan Davis,"OF,DH",0.0,14.0,0.0,0.0,0.0,-0.1,1.4,0.0,-5.0
21052,Luis Gil,P,0.0,0.0,14.0,0.0,0.0,0.0,0.0,0.3,0.0
21045,Seth Martinez,P,0.0,0.0,54.0,0.0,0.0,0.0,0.0,0.2,0.0
15541,Tyler Rogers,P,-0.0,0.0,70.0,0.0,-0.0,0.0,0.0,-0.1,0.0
15551,Mark Leiter Jr.,P,0.0,0.0,20.0,0.0,0.0,0.0,0.0,0.3,0.0
21025,Oliver Ortega,P,-0.0,0.0,12.0,0.0,-0.0,0.0,0.0,-0.2,0.0
15552,Chad Green,P,0.0,0.0,20.0,0.0,0.0,0.0,0.0,0.3,0.0
20926,Dermis Garcia,"1B,DH",-0.0,28.0,0.0,-0.0,0.0,-0.1,-0.2,0.0,-2.5
20794,Manuel Rodríguez,P,-0.0,0.0,8.0,0.0,-0.0,0.0,0.0,-0.5,0.0
15594,Nick Wittgren,P,-0.0,0.0,22.0,0.0,-0.0,0.0,0.0,-0.2,0.0
21267,Jake Bird,P,0.0,0.0,46.0,0.0,0.0,0.0,0.0,0.2,0.0
15605,Phillips Valdez,P,-0.0,0.0,4.0,0.0,-0.0,0.0,0.0,-0.3,0.0
13424,Drew VerHagen,P,-0.0,0.0,56.0,0.0,-0.0,0.0,0.0,-0.1,0.0
20565,Jackson Tetreault,P,-0.0,0.0,4.0,0.0,-0.0,0.0,0.0,-0.3,0.0
20539,Edwin Uceta,P,0.0,0.0,14.0,0.0,0.0,0.0,0.0,0.0,0.0
15690,Jimmy Cordero,P,0.0,0.0,24.0,0.0,0.0,0.0,0.0,0.4,0.0
13339,Adrian Sampson,P,-0.0,0.0,72.0,0.0,-0.0,0.0,0.0,-0.0,0.0
20517,Nick Sandlin,P,-0.0,0.0,57.0,0.0,-0.0,0.0,0.0,-0.0,0.0
26364,Ethan Small,P,-0.0,0.0,38.0,0.0,-0.0,0.0,0.0,-0.1,0.0
20493,Seth Beer,DH,0.0,28.0,0.0,0.0,0.0,-0.1,0.6,0.0,-2.5
20447,Enoli Paredes,P,-0.0,0.0,21.0,0.0,-0.0,0.0,0.0,-0.2,0.0
1581,Sean Doolittle,P,0.0,0.0,40.0,0.0,0.0,0.0,0.0,0.0,0.0
21101,Dauri Moreta,P,0.0,0.0,44.0,0.0,0.0,0.0,0.0,0.0,0.0
21065,Thomas Szapucki,P,0.0,0.0,28.0,0.0,0.0,0.0,0.0,0.2,0.0
21290,Lucas Gilbreath,P,0.0,0.0,56.0,0.0,0.0,0.0,0.0,0.0,0.0
15451,Mike Mayers,P,0.0,0.0,10.0,0.0,0.0,0.0,0.0,0.0,0.0
21541,Reiss Knehr,P,-0.0,0.0,26.0,0.0,-0.0,0.0,0.0,-0.3,0.0
21560,Alfonso Rivas,"1B,DH",-0.0,35.0,0.0,-0.0,0.0,-0.1,-0.0,0.0,-2.0
15274,Mike Tauchman,DH,0.0,7.0,0.0,0.0,0.0,0.0,1.9,0.0,0.0
15291,Steven Brault,P,-0.0,0.0,28.0,0.0,-0.0,0.0,0.0,-0.3,0.0
21481,Sean Hjelle,P,0.0,0.0,31.0,0.0,0.0,0.0,0.0,0.3,0.0
15369,Kevin Herget,P,0.0,0.0,18.0,0.0,0.0,0.0,0.0,0.3,0.0
21461,Cole Sands,P,0.0,0.0,38.0,0.0,0.0,0.0,0.0,0.0,0.0
15444,Zack Weiss,P,0.0,0.0,48.0,0.0,0.0,0.0,0.0,0.1,0.0
21453,Konnor Pilkington,P,0.0,0.0,24.0,0.0,0.0,0.0,0.0,0.1,0.0
21345,Bennett Sousa,P,-0.0,0.0,22.0,0.0,-0.0,0.0,0.0,-0.2,0.0
15126,Tyler Danish,P,-0.0,0.0,21.0,0.0,-0.0,0.0,0.0,-0.2,0.0
13699,Jake Faria,P,-0.0,0.0,4.0,0.0,-0.0,0.0,0.0,-0.4,0.0
25911,Yennier Cano,P,-0.0,0.0,16.0,0.0,-0.0,0.0,0.0,-0.2,0.0
15124,Tim Locastro,"OF,DH",0.0,7.0,0.0,0.0,0.0,0.0,1.5,0.0,0.0
21327,Nicholas Padilla,P,-0.0,0.0,14.0,0.0,-0.0,0.0,0.0,-0.6,0.0
21324,Parker Mushinski,P,-0.0,0.0,26.0,0.0,-0.0,0.0,0.0,-0.1,0.0
21319,Bryce Montes de Oca,P,0.0,0.0,44.0,0.0,0.0,0.0,0.0,0.1,0.0
25942,Andrew Nardi,P,0.0,0.0,42.0,0.0,0.0,0.0,0.0,0.2,0.0
21549,Jackson Kowar,P,-0.0,0.0,24.0,0.0,-0.0,0.0,0.0,-0.1,0.0
sa928463,Jose Hernandez,P,-0.1,0.0,38.0,0.0,-0.1,0.0,0.0,-0.3,0.0
sa917966,Sean Reynolds,P,-0.1,0.0,22.0,0.0,-0.1,0.0,0.0,-0.5,0.0
3240,Zack Britton,P,-0.1,0.0,56.0,0.0,-0.1,0.0,0.0,-0.5,0.0
25845,Michael Toglia,"1B,OF,DH",-0.1,231.0,0.0,-0.1,0.0,-1.0,-0.2,0.0,-3.0
13767,JT Chargois,P,-0.1,0.0,56.0,0.0,-0.1,0.0,0.0,-0.3,0.0
25862,Noah Davis,P,-0.1,0.0,18.0,0.0,-0.1,0.0,0.0,-0.6,0.0
sa917922,Riley Pint,P,-0.1,0.0,40.0,0.0,-0.1,0.0,0.0,-0.4,0.0
sa3015036,Mason Englert,P,-0.1,0.0,57.0,0.0,-0.1,0.0,0.0,-0.3,0.0
sa917930,Forrest Whitley,P,-0.1,0.0,48.0,0.0,-0.1,0.0,0.0,-0.2,0.0
25376,Nick Mears,P,-0.1,0.0,50.0,0.0,-0.1,0.0,0.0,-0.4,0.0
13707,Joey Krehbiel,P,-0.1,0.0,54.0,0.0,-0.1,0.0,0.0,-0.3,0.0
2608,Jhoulys Chacín,P,-0.1,0.0,33.0,0.0,-0.1,0.0,0.0,-0.6,0.0
sa917493,George Soriano,P,-0.1,0.0,28.0,0.0,-0.1,0.0,0.0,-0.5,0.0
3142,Robinson Chirinos,"C,DH",-0.1,128.0,0.0,-0.1,0.0,-0.7,-0.6,0.0,-3.8
13182,Kyle Crick,P,-0.1,0.0,40.0,0.0,-0.1,0.0,0.0,-0.3,0.0
18356,Jaime Barría,P,-0.1,0.0,59.0,0.0,-0.1,0.0,0.0,-0.4,0.0
sa872722,Lucas Erceg,P,-0.1,0.0,34.0,0.0,-0.1,0.0,0.0,-0.9,0.0
9817,Sergio Romo,P,-0.1,0.0,30.0,0.0,-0.1,0.0,0.0,-0.7,0.0
19268,Justin Dunn,P,-0.1,0.0,77.0,0.0,-0.1,0.0,0.0,-0.3,0.0
sa3010133,Peyton Battenfield,P,-0.1,0.0,42.0,0.0,-0.1,0.0,0.0,-0.2,0.0
6661,Alex Colomé,P,-0.1,0.0,56.0,0.0,-0.1,0.0,0.0,-0.2,0.0
6986,Ian Kennedy,P,-0.1,0.0,40.0,0.0,-0.1,0.0,0.0,-0.4,0.0
15145,Justin Topa,P,-0.1,0.0,48.0,0.0,-0.1,0.0,0.0,-0.2,0.0
10197,Shelby Miller,P,-0.1,0.0,56.0,0.0,-0.1,0.0,0.0,-0.2,0.0
7836,Hunter Strickland,P,-0.1,0.0,46.0,0.0,-0.1,0.0,0.0,-0.3,0.0
21298,Andre Jackson,P,-0.1,0.0,28.0,0.0,-0.1,0.0,0.0,-0.4,0.0
8203,Dee Strange-Gordon,"SS,DH",-0.1,77.0,0.0,-0.1,0.0,-0.4,-1.3,0.0,-3.6
20116,Calvin Faucher,P,-0.1,0.0,42.0,0.0,-0.1,0.0,0.0,-0.3,0.0
20132,Adam Oller,P,-0.1,0.0,44.0,0.0,-0.1,0.0,0.0,-0.6,0.0
10855,Chasen Shreve,P,-0.1,0.0,52.0,0.0,-0.1,0.0,0.0,-0.3,0.0
sa3004590,Ricky Karcher,P,-0.1,0.0,28.0,0.0,-0.1,0.0,0.0,-0.4,0.0
10688,Tyler Thornburg,P,-0.1,0.0,26.0,0.0,-0.1,0.0,0.0,-0.4,0.0
20276,Deivi García,P,-0.1,0.0,49.0,0.0,-0.1,0.0,0.0,-0.2,0.0
sa3003055,Jose Lopez,P,-0.1,0.0,46.0,0.0,-0.1,0.0,0.0,-0.3,0.0
20323,Erich Uelmen,P,-0.1,0.0,44.0,0.0,-0.1,0.0,0.0,-0.5,0.0
15983,Jackson Frazier,DH,-0.1,70.0,0.0,-0.1,0.0,-0.3,-1.1,0.0,-3.0
20515,Kyle Nelson,P,-0.1,0.0,52.0,0.0,-0.1,0.0,0.0,-0.2,0.0
sa3014860,Evan Reifert,P,-0.1,0.0,26.0,0.0,-0.1,0.0,0.0,-0.4,0.0
sa3010116,Blair Calvo,P,-0.1,0.0,34.0,0.0,-0.1,0.0,0.0,-0.3,0.0
17292,Javy Guerra,P,-0.1,0.0,60.0,0.0,-0.1,0.0,0.0,-0.3,0.0
22461,Logan Gillaspie,P,-0.1,0.0,22.0,0.0,-0.1,0.0,0.0,-0.5,0.0
17701,Jose Cuas,P,-0.1,0.0,46.0,0.0,-0.1,0.0,0.0,-0.3,0.0
23779,Justin Bruihl,P,-0.1,0.0,34.0,0.0,-0.1,0.0,0.0,-0.3,0.0
17485,Albert Abreu,P,-0.1,0.0,50.0,0.0,-0.1,0.0,0.0,-0.3,0.0
23307,Collin Snider,P,-0.1,0.0,28.0,0.0,-0.1,0.0,0.0,-0.4,0.0
19784,Justin Garza,P,-0.1,0.0,26.0,0.0,-0.1,0.0,0.0,-0.7,0.0
20253,Griffin Jax,P,-0.1,0.0,70.0,0.0,-0.1,0.0,0.0,-0.4,0.0
sa3011532,Nick Avila,P,-0.1,0.0,54.0,0.0,-0.1,0.0,0.0,-0.4,0.0
20430,Rony García,P,-0.1,0.0,48.0,0.0,-0.1,0.0,0.0,-0.3,0.0
11801,Hansel Robles,P,-0.1,0.0,36.0,0.0,-0.1,0.0,0.0,-0.3,0.0
22296,Joe Barlow,P,-0.2,0.0,62.0,0.0,-0.2,0.0,0.0,-0.8,0.0
5222,Justin Upton,DH,-0.2,119.0,0.0,-0.2,0.0,-0.6,-1.4,0.0,-3.5
9111,Brad Hand,P,-0.2,0.0,56.0,0.0,-0.2,0.0,0.0,-0.7,0.0
13942,Brent Suter,P,-0.2,0.0,64.0,0.0,-0.2,0.0,0.0,-0.5,0.0
16418,Blake Taylor,P,-0.2,0.0,48.0,0.0,-0.2,0.0,0.0,-0.8,0.0
17735,Tyler Alexander,P,-0.2,0.0,61.0,0.0,-0.2,0.0,0.0,-0.6,0.0
6399,José Cisnero,P,-0.2,0.0,64.0,0.0,-0.2,0.0,0.0,-0.6,0.0
10430,Mychal Givens,P,-0.2,0.0,62.0,0.0,-0.2,0.0,0.0,-0.6,0.0
1744,Miguel Cabrera,DH,-0.3,329.0,0.0,-0.3,0.0,-1.6,-0.7,0.0,-3.4
19800,Wil Crowe,P,-0.3,0.0,68.0,0.0,-0.3,0.0,0.0,-1.0,0.0
15036,Chase De Jong,P,-0.4,0.0,65.0,0.0,-0.4,0.0,0.0,-1.1,0.0
