13611,Mookie Betts,OF,586,7.779422633864009,9.3,4.7,Benji
5361,Freddie Freeman,1B,606,6.904904266697987,8.0,4.5,Jesse
18401,Ronald Acuña Jr.,OF,616,6.740804473035566,7.7,4.7,Nick
19755,Shohei Ohtani,P,585,6.549725709888435,7.8,4.8,Alden
13624,Corey Seager,SS,411,5.406138270721452,9.2,2.0,Alden
23697,Julio Rodríguez,OF,584,5.336329410639024,6.4,1.8,Graham
20043,Luis Robert Jr.,OF,528,5.232968264308492,6.9,1.5,Alden
12916,Francisco Lindor,SS,568,5.18150908080751,6.4,1.0,Sid
25764,Bobby Witt Jr.,3B,576,5.037323753155176,6.1,0.9,Nick
25764,Bobby Witt Jr.,SS,576,5.037323753155176,6.1,0.9,Nick
25878,Corbin Carroll,OF,528,4.921508859685063,6.5,3.3,Benji
12533,Marcus Semien,2B,622,4.72573096361488,5.3,0.1,Alden
12533,Marcus Semien,SS,622,4.72573096361488,5.3,0.1,Alden
27506,Ha-Seong Kim,3B,522,4.639177193155616,6.2,1.2,Jesse
27506,Ha-Seong Kim,SS,522,4.639177193155616,6.2,1.2,Jesse
14344,Matt Olson,1B,596,4.618856412050286,5.4,2.3,Sid
23667,Wander Franco,SS,491,4.559401822463887,6.5,0.4,Graham
19352,Sean Murphy,C,383,4.445573259298945,8.1,0.1,Graham
13510,José Ramírez,3B,566,4.35450911847257,5.4,1.3,Nick
18345,Kyle Tucker,OF,563,4.289709846944617,5.3,2.4,Jesse
18360,Austin Riley,3B,593,4.204894046400239,5.0,0.6,Sid
19287,Adolis García,OF,558,4.134030096776747,5.2,0.8,Nick
20503,William Contreras,C,479,4.126114664872456,6.0,-0.5,Graham
19709,Fernando Tatis Jr.,DH,522,4.04434669164207,5.4,0.5,Reuben
20123,Juan Soto,OF,591,4.026289802245319,4.8,1.1,Benji
20036,Isaac Paredes,1B,466,4.019642396941093,6.0,1.4,Reuben
20036,Isaac Paredes,2B,466,4.019642396941093,6.0,1.4,Reuben
20036,Isaac Paredes,3B,466,4.019642396941093,6.0,1.4,Reuben
11477,Christian Yelich,OF,568,3.896085194203188,4.8,1.5,Jesse
26294,Bryson Stott,2B,532,3.89031641121273,5.1,0.3,
26294,Bryson Stott,SS,532,3.89031641121273,5.1,0.3,
18314,Dansby Swanson,SS,515,3.8668569438772153,5.3,-0.4,Nick
17678,Alex Bregman,3B,602,3.8164332740075513,4.4,-0.3,Alden
21479,Nico Hoerner,SS,565,3.803139886090069,4.7,0.2,Sid
15998,Cody Bellinger,OF,431,3.792521817202044,6.2,1.7,Benji
13419,Christian Walker,1B,551,3.7772956803902473,4.8,0.6,Alden
19197,Will Smith,C,456,3.738533047533591,5.7,0.7,Reuben
21534,Cal Raleigh,C,454,3.708392851765622,5.7,-0.5,Alden
15640,Aaron Judge,OF,343,3.62967015979316,7.4,2.0,Sid
16578,Yandy Díaz,1B,501,3.60481624496416,5.0,1.0,Benji
16578,Yandy Díaz,3B,501,3.60481624496416,5.0,1.0,Benji
16930,Jonah Heim,C,402,3.582680331116468,6.2,-0.6,Alden
24770,James Outman,DH,461,3.513730578032015,5.3,0.8,
19599,Chas McCormick,OF,370,3.462824155363181,6.6,1.2,
13621,Jeimer Candelario,3B,520,3.4609370343167813,4.7,0.3,
5417,Jose Altuve,2B,292,3.3995823708681936,8.1,1.8,Jesse
9218,Paul Goldschmidt,1B,583,3.38812741875355,4.1,0.7,Jesse
19556,Yordan Alvarez,OF,378,3.3802776721628525,6.3,2.0,Graham
15491,J.P. Crawford,SS,504,3.337720082907676,4.6,0.8,Alden
16556,Ozzie Albies,2B,526,3.303135299704832,4.4,0.8,Nick
16426,Thairo Estrada,2B,416,3.259020471271664,5.5,0.1,Reuben
16426,Thairo Estrada,SS,416,3.259020471271664,5.5,0.1,Reuben
19612,Bo Bichette,SS,506,3.2523589625697453,4.5,0.1,Nick
26288,Adley Rutschman,C,568,3.246936484359542,4.0,-0.7,Benji
26289,Gunnar Henderson,3B,493,3.243598647342609,4.6,0.4,Reuben
19290,Randy Arozarena,OF,553,3.2062276372371525,4.1,0.8,Nick
29695,Matt McLain,DH,403,3.2015734624176915,5.6,0.5,
16505,Matt Chapman,3B,520,3.183694598148263,4.3,-0.2,Alden
21454,Lars Nootbaar,OF,388,3.1618967290326103,5.7,0.9,Reuben
12927,Brandon Nimmo,OF,572,3.159848986838028,3.9,-0.2,Alden
22799,Geraldo Perdomo,SS,407,3.0751817469953213,5.3,0.6,
13613,Ketel Marte,2B,549,3.05967822594377,3.9,-0.5,Benji
11493,Manny Machado,3B,515,3.0505205029671183,4.1,-1.3,Benji
25931,Michael Harris II,OF,424,3.0378268582470995,5.0,0.2,Jesse
20202,Brandon Marsh,OF,389,3.035654348454416,5.5,0.9,
27478,Patrick Bailey,DH,292,3.017770849792372,7.2,-1.0,
10155,Mike Trout,OF,362,3.0001036628323656,5.8,1.0,Reuben
13301,Max Muncy,2B,470,2.976876412593976,4.4,0.4,Alden
13301,Max Muncy,3B,470,2.976876412593976,4.4,0.4,Alden
18568,Luis Arraez,1B,541,2.94739704859542,3.8,0.0,Benji
18568,Luis Arraez,2B,541,2.94739704859542,3.8,0.0,Benji
17919,Ian Happ,OF,565,2.8726100266955426,3.6,-0.0,Sid
9777,Nolan Arenado,3B,538,2.868948757816232,3.7,-0.9,Jesse
19953,Josh Lowe,OF,400,2.808040762370225,4.9,1.6,
16997,Gleyber Torres,2B,564,2.7240077250540438,3.4,-0.7,Sid
19566,Nathaniel Lowe,1B,598,2.7047673589066985,3.2,-0.7,Sid
19354,Luke Raley,OF,358,2.7046441913780943,5.3,1.3,
13185,Orlando Arcia,2B,429,2.672159150283573,4.4,-0.8,
19251,Pete Alonso,1B,534,2.666002348978771,3.5,0.0,Graham
16252,Trea Turner,SS,584,2.659600205445037,3.2,-0.4,Jesse
12161,Xander Bogaerts,SS,550,2.5961663800190933,3.3,-1.4,Benji
26299,Josh Jung,3B,461,2.5800551112251067,3.9,-0.7,
12552,Eugenio Suárez,3B,576,2.572852059263071,3.1,-1.6,Graham
24610,Steven Kwan,OF,591,2.54702381139051,3.0,-1.0,Alden
14551,Anthony Santander,OF,533,2.540417333975417,3.3,0.3,Nick
16939,Lane Thomas,OF,571,2.5253691786327765,3.1,0.5,
17027,Alex Verdugo,OF,525,2.451480760800176,3.3,-0.9,Alden
22275,Jake Burger,3B,431,2.4266996719785205,3.9,0.3,
11579,Bryce Harper,DH,433,2.4241908336624287,3.9,0.6,Jesse
18577,Ke'Bryan Hayes,3B,413,2.411643841232236,4.1,-1.3,Benji
17350,Rafael Devers,3B,542,2.402819713767577,3.1,-0.6,Graham
10950,Adam Duvall,OF,274,2.401219041483992,6.1,1.2,
19522,TJ Friedl,OF,454,2.400068227182073,3.7,0.2,
24617,Jarren Duran,OF,362,2.3154660736577783,4.5,1.0,
26121,Francisco Alvarez,DH,356,2.2970134504380773,4.5,-1.7,
11281,Whit Merrifield,2B,512,2.2786871903828696,3.1,-0.6,
11281,Whit Merrifield,OF,512,2.2786871903828696,3.1,-0.6,
21636,Jeremy Peña,SS,522,2.2733383223992725,3.0,-1.2,Benji
27647,Anthony Volpe,DH,495,2.241596013175108,3.2,-1.1,
24618,Ryan Jeffers,C,265,2.19901124631642,5.8,0.3,
23401,José Caballero,DH,256,2.1970283108529824,6.0,0.5,
10324,Marcell Ozuna,OF,473,2.16883043167074,3.2,0.7,
5827,Wilmer Flores,1B,361,2.1681849547030816,4.2,0.6,
5827,Wilmer Flores,2B,361,2.1681849547030816,4.2,0.6,
5827,Wilmer Flores,3B,361,2.1681849547030816,4.2,0.6,
19950,Andrés Giménez,2B,513,2.162424101655701,3.0,-1.5,Sid
19950,Andrés Giménez,SS,513,2.162424101655701,3.0,-1.5,Sid
17452,Jose Siri,OF,331,2.1585296059030035,4.6,0.1,Reuben
25961,Kerry Carpenter,OF,341,2.144875803148674,4.4,0.7,
22263,Nolan Gorman,2B,421,2.139779189968261,3.6,0.3,
25976,Riley Greene,OF,413,2.1273956042243145,3.6,0.1,Jesse
18839,Josh Naylor,1B,390,2.124183925096768,3.8,-0.2,
22244,Jack Suwinski,OF,431,2.111679605470803,3.4,0.0,
24679,Brendan Donovan,2B,371,2.110863910686529,4.0,0.6,
24679,Brendan Donovan,3B,371,2.110863910686529,4.0,0.6,
24679,Brendan Donovan,OF,371,2.110863910686529,4.0,0.6,
19326,Bryan Reynolds,OF,521,2.1100651371689074,2.8,-0.0,Alden
18882,Brandon Lowe,2B,358,2.060500166246312,4.0,-0.1,Reuben
4940,Jason Heyward,OF,300,2.028614664819393,4.7,0.2,
11615,Brandon Drury,1B,404,2.0017182982308186,3.5,-1.2,
11615,Brandon Drury,2B,404,2.0017182982308186,3.5,-1.2,
11615,Brandon Drury,3B,404,2.0017182982308186,3.5,-1.2,
12144,Max Kepler,OF,388,2.001077296466325,3.6,-0.9,Benji
11609,Willson Contreras,C,446,1.9906533570523173,3.1,-0.8,Graham
15986,Willy Adames,SS,520,1.959376545300104,2.6,-2.3,Reuben
27534,Edouard Julien,DH,302,1.9574542425937296,4.5,0.5,
23312,Ryan Noda,DH,382,1.9526156776377344,3.6,0.3,
19363,Austin Hays,OF,467,1.924874971874108,2.9,-0.9,
19470,Tommy Edman,2B,417,1.923111944071887,3.2,-1.0,Graham
19470,Tommy Edman,SS,417,1.923111944071887,3.2,-1.0,Graham
5235,Justin Turner,3B,521,1.8794902804409397,2.5,0.0,
10264,Brandon Belt,1B,374,1.866190858437509,3.5,0.3,
25768,CJ Abrams,SS,500,1.8654641659451323,2.6,-0.2,
16535,Danny Jansen,C,298,1.8626559362819004,4.4,-0.1,Graham
14221,Jorge Soler,OF,528,1.847473550660435,2.4,0.1,
11038,Kevin Kiermaier,OF,326,1.8292783485154256,3.9,-0.8,
18373,Ryan Mountcastle,1B,422,1.8112346673700743,3.0,0.3,Nick
30116,Seiya Suzuki,OF,461,1.809709652785277,2.7,-1.0,Sid
19452,Jake Rogers,DH,295,1.80697134002127,4.3,-1.1,
11489,Michael A. Taylor,OF,352,1.8012268551759605,3.6,-0.5,
2967,Tommy Pham,OF,367,1.7750502067390908,3.4,0.5,
22715,Maikel Garcia,DH,406,1.774768843403475,3.1,-1.6,
14854,Mike Yastrzemski,OF,293,1.749451849701993,4.2,0.0,Alden
13066,Teoscar Hernández,OF,556,1.7246160275312588,2.2,-1.5,Graham
20308,Jake Meyers,OF,324,1.7224537016252888,3.7,-0.8,
23003,Yainer Diaz,DH,323,1.6947692713402769,3.7,-0.5,
19260,Jake Fraley,OF,327,1.665025509938463,3.6,0.1,
16219,J.D. Davis,1B,476,1.66454903708931,2.4,-1.6,
16219,J.D. Davis,3B,476,1.66454903708931,2.4,-1.6,
15362,Jeff McNeil,2B,550,1.6613541366873932,2.1,-1.7,Graham
15362,Jeff McNeil,OF,550,1.6613541366873932,2.1,-1.7,Graham
19918,Daulton Varsho,C,493,1.6588693536841554,2.4,-1.7,Nick
19918,Daulton Varsho,OF,493,1.6588693536841554,2.4,-1.7,Nick
13757,Chris Taylor,2B,306,1.634910548138386,3.7,-0.0,
13757,Chris Taylor,OF,306,1.634910548138386,3.7,-0.0,
21840,Freddy Fermin,DH,212,1.6232849410588692,5.4,-0.4,
16572,Connor Joe,1B,387,1.6153442883320468,2.9,-0.7,
16572,Connor Joe,OF,387,1.6153442883320468,2.9,-0.7,
11442,Gary Sánchez,C,254,1.6086823666237935,4.4,-0.7,
18126,LaMonte Wade Jr.,1B,439,1.6069819906671683,2.6,-0.2,
18126,LaMonte Wade Jr.,OF,439,1.6069819906671683,2.6,-0.2,
20454,Jazz Chisholm Jr.,2B,280,1.590554929300506,4.0,-0.3,Nick
15112,Ryan McMahon,3B,537,1.5848311882614328,2.1,-2.6,Nick
12856,George Springer,OF,557,1.5788656416369349,2.0,-1.4,Sid
19956,Mickey Moniak,OF,297,1.5698903614884214,3.7,-0.2,
19858,Luis Rengifo,2B,419,1.5653013009673509,2.6,-0.6,
19858,Luis Rengifo,3B,419,1.5653013009673509,2.6,-0.6,
19858,Luis Rengifo,SS,419,1.5653013009673509,2.6,-0.6,
17929,Cedric Mullins,OF,359,1.560376694586114,3.0,0.1,Graham
17548,Taylor Ward,OF,409,1.550564790105346,2.7,-0.9,Sid
29766,Zack Gelof,DH,177,1.5368873796411788,6.1,0.6,
23565,Davis Schneider,DH,57,1.491587301205596,18.3,1.0,
20529,Nolan Jones,OF,296,1.485073294910384,3.5,0.4,
15161,Mitch Garver,C,235,1.4681142286069218,4.4,0.3,
24064,Ezequiel Tovar,DH,499,1.4653077181812022,2.1,-3.3,
26323,Spencer Steer,3B,552,1.4555391676363505,1.8,-0.1,
16530,Mauricio Dubón,OF,423,1.440636873978802,2.4,-1.5,
16530,Mauricio Dubón,SS,423,1.440636873978802,2.4,-1.5,
16376,Michael Conforto,DH,426,1.4234681026937304,2.3,-0.5,Graham
11739,J.T. Realmuto,C,450,1.4082818734976803,2.2,-1.4,Sid
18900,Leody Taveras,OF,455,1.402862374970271,2.2,-1.0,
15274,Mike Tauchman,DH,312,1.3981267047599355,3.1,-0.0,
17338,Willi Castro,2B,315,1.3862982391948289,3.1,0.0,
17338,Willi Castro,OF,315,1.3862982391948289,3.1,0.0,
22558,Jarred Kelenic,OF,362,1.3853867724961206,2.7,-0.1,
19392,Zach McKinstry,2B,438,1.3743702374214395,2.2,-1.3,
19392,Zach McKinstry,3B,438,1.3743702374214395,2.2,-1.3,
6184,J.D. Martinez,DH,390,1.359286055722933,2.4,-0.2,Nick
5517,Kyle Higashioka,C,235,1.3565267505073917,4.0,-1.2,Jesse
23733,Ezequiel Duran,3B,404,1.3411570004853666,2.3,-1.0,
12155,Eddie Rosario,OF,422,1.3382862205817383,2.2,-1.0,
19238,Lourdes Gurriel Jr.,OF,488,1.3347385050175846,1.9,-1.5,
18030,Harrison Bader,OF,310,1.326602487475202,3.0,-0.7,Alden
22514,Triston Casas,1B,445,1.323517957065635,2.1,-0.0,
22581,Alejandro Kirk,C,331,1.3234997629890213,2.8,-2.2,Sid
26668,Elly De La Cruz,DH,323,1.3074386838778158,2.8,-0.9,
21853,Will Benson,OF,259,1.3050200327052075,3.5,0.3,
19273,Stone Garrett,OF,271,1.2949798080252028,3.3,-0.0,
18564,Trent Grisham,OF,482,1.2762176164990795,1.9,-1.3,Reuben
20437,Royce Lewis,SS,161,1.2519911970209403,5.4,0.4,Reuben
22664,Gabriel Moreno,C,296,1.249733401327077,3.0,-1.7,Benji
15464,Hunter Renfroe,OF,504,1.2189940254948386,1.7,-1.5,Jesse
21523,Jonathan India,2B,453,1.2166698641914002,1.9,-1.2,Nick
16442,Ryan O'Hearn,DH,274,1.208952902124057,3.1,0.1,
29622,Sal Frelick,DH,116,1.1671360422507622,7.0,0.4,
8623,Donovan Solano,1B,373,1.155589730586505,2.2,-0.5,
8623,Donovan Solano,3B,373,1.155589730586505,2.2,-0.5,
14813,Kyle Farmer,3B,284,1.1374378723040115,2.8,-0.7,
14813,Kyle Farmer,SS,284,1.1374378723040115,2.8,-0.7,
19806,Jason Delay,C,152,1.1313468744495896,5.2,-0.6,
13768,Travis Jankowski,OF,272,1.1205859023969649,2.9,-0.7,
22458,Taylor Walls,2B,279,1.1161323405947072,2.8,0.2,
22458,Taylor Walls,3B,279,1.1161323405947072,2.8,0.2,
22458,Taylor Walls,SS,279,1.1161323405947072,2.8,0.2,
21618,Alec Bohm,3B,498,1.1060461422401615,1.6,-1.4,
27690,Joey Wiemer,DH,388,1.103619465670899,2.0,-1.9,
19627,Brent Rooker,DH,435,1.0703849567644237,1.7,-0.4,
8709,Elvis Andrus,SS,335,1.054429616870693,2.2,-1.2,
18036,Jake Cronenworth,2B,522,1.0537018340758442,1.4,-1.2,Jesse
13152,Jorge Polanco,2B,254,1.0322392141780796,2.8,0.2,Alden
19339,Nicky Lopez,2B,233,1.019300963167991,3.1,-1.3,
19339,Nicky Lopez,3B,233,1.019300963167991,3.1,-1.3,
19339,Nicky Lopez,SS,233,1.019300963167991,3.1,-1.3,
26466,Matt Wallner,OF,164,1.008153629237473,4.3,0.4,
9874,DJ LeMahieu,1B,454,1.0073718258493318,1.6,-2.2,Reuben
9874,DJ LeMahieu,2B,454,1.0073718258493318,1.6,-2.2,Reuben
9874,DJ LeMahieu,3B,454,1.0073718258493318,1.6,-2.2,Reuben
2396,Carlos Santana,1B,507,0.9945481847453927,1.4,-1.2,
19913,Jesús Sánchez,OF,312,0.9776270778698196,2.2,-0.6,
9627,Yan Gomes,C,332,0.9725849504910052,2.1,-1.0,
24655,Owen Miller,1B,310,0.9724616687334908,2.2,-1.1,
24655,Owen Miller,2B,310,0.9724616687334908,2.2,-1.1,
19948,Cristian Pache,OF,53,0.9696261984935342,12.8,0.3,
19896,Connor Wong,C,338,0.9659532761497124,2.0,-1.2,
14162,Carlos Correa,SS,519,0.9509422080094048,1.3,-3.4,Alden
9847,Andrew McCutchen,OF,460,0.9444088872776616,1.4,-0.8,
14387,Harold Ramírez,1B,361,0.9402778597485864,1.8,0.0,
14387,Harold Ramírez,OF,361,0.9402778597485864,1.8,0.0,
17022,Edmundo Sosa,3B,243,0.9268920430347704,2.7,-0.8,
17022,Edmundo Sosa,SS,243,0.9268920430347704,2.7,-0.8,
21865,Bo Naylor,DH,158,0.9198763838206604,4.1,-0.2,
27815,Jordan Westburg,DH,168,0.9131606000110708,3.8,-0.4,
12037,Jon Berti,2B,358,0.9104108208177384,1.8,-1.7,
12037,Jon Berti,3B,358,0.9104108208177384,1.8,-1.7,
12037,Jon Berti,OF,358,0.9104108208177384,1.8,-1.7,
22168,Akil Baddoo,OF,296,0.9041602786680536,2.1,-0.8,
21780,Esteury Ruiz,DH,430,0.9011272008021588,1.5,-0.3,
3473,Anthony Rizzo,1B,421,0.895913276686203,1.5,-1.8,Nick
20521,Nick Madrigal,2B,243,0.886570156518965,2.6,-1.1,
16725,Jose Trevino,C,168,0.8797775721153474,3.7,-1.6,Jesse
31347,Zach Neto,DH,252,0.8766341968945301,2.4,-0.8,
11737,Nick Castellanos,OF,560,0.8500436556214499,1.1,-1.4,
24336,Johan Rojas,DH,107,0.841971143860966,5.5,0.1,
16153,Austin Slater,OF,165,0.8226452932160003,3.5,-0.3,
11445,Mark Canha,OF,401,0.8045742811698143,1.4,-0.8,
11899,Joc Pederson,OF,340,0.8010897833906381,1.6,-0.4,
21897,Christopher Morel,2B,338,0.794682815805287,1.6,0.0,Benji
21897,Christopher Morel,3B,338,0.794682815805287,1.6,0.0,Benji
21897,Christopher Morel,OF,338,0.794682815805287,1.6,0.0,Benji
21897,Christopher Morel,SS,338,0.794682815805287,1.6,0.0,Benji
7859,Charlie Blackmon,OF,307,0.761242253211607,1.7,-0.5,
20325,Alex Kirilloff,1B,258,0.7566623619359245,2.1,0.2,
20325,Alex Kirilloff,OF,258,0.7566623619359245,2.1,0.2,
31837,Masataka Yoshida,DH,495,0.7483357490458191,1.1,-1.1,Sid
23792,Alek Thomas,OF,304,0.7388593339289427,1.7,-1.1,
13499,Tom Murphy,C,159,0.7322641755072986,3.2,0.0,
15585,Mike Ford,1B,191,0.7221192315484491,2.6,0.1,
14968,Victor Caratini,C,184,0.705282029682313,2.7,-1.2,
27465,Spencer Torkelson,1B,564,0.6929519445751315,0.9,-1.2,
14161,Byron Buxton,OF,347,0.6910269003391308,1.4,-0.0,Graham
14128,Joey Gallo,OF,322,0.6907929519703643,1.5,-0.5,
17766,DJ Stewart,DH,101,0.6788227814410082,4.7,0.6,
15674,Reese McGuire,C,162,0.6776818516049077,2.9,-0.7,Sid
17982,Ty France,1B,553,0.6660426910942084,0.8,-2.4,Graham
15711,Tyler O'Neill,OF,224,0.6539593684161384,2.0,-0.8,Reuben
18795,Ramón Urías,2B,334,0.6525718177744796,1.4,-1.0,Jesse
18795,Ramón Urías,3B,334,0.6525718177744796,1.4,-1.0,Jesse
26149,Dominic Fletcher,DH,102,0.64567434211186,4.4,-0.2,
16478,Kyle Schwarber,OF,594,0.6446925516399898,0.8,-0.9,Nick
18819,Andy Ibáñez,3B,293,0.6417896802786721,1.5,-1.3,
19779,Dairon Blanco,DH,108,0.6413622819738114,4.2,-0.1,
12979,Javier Báez,SS,479,0.6401201328266197,0.9,-3.2,
7739,Travis d'Arnaud,C,226,0.6392818805229414,2.0,-0.9,
20505,Drew Waters,OF,263,0.6315864545739743,1.7,-1.0,
25505,Cade Marlowe,DH,98,0.6219280275131832,4.4,0.0,
25807,Jared Triolo,DH,137,0.6181921712200096,3.2,-0.4,
25660,Will Brennan,DH,375,0.6099408685062867,1.1,-1.9,
17484,Eloy Jiménez,OF,384,0.5946109281108415,1.1,-0.9,Nick
20321,Stuart Fairchild,OF,237,0.5934935532387366,1.8,-0.5,
12976,Austin Hedges,C,198,0.5865009824604165,2.1,-2.5,
19921,Blake Perkins,DH,137,0.5843853579061729,3.0,-0.5,
19734,Josh Rojas,2B,286,0.5840275800609233,1.4,-1.0,
19734,Josh Rojas,3B,286,0.5840275800609233,1.4,-1.0,
9774,Christian Vázquez,C,291,0.5778222923032599,1.4,-2.9,Sid
16357,Pablo Reyes,DH,155,0.5771137547383879,2.6,-0.5,
11200,Kole Calhoun,OF,87,0.5648847579353103,4.5,0.2,
13602,Patrick Wisdom,1B,270,0.5626793485500515,1.5,-0.4,
13602,Patrick Wisdom,3B,270,0.5626793485500515,1.5,-0.4,
12325,Jace Peterson,3B,383,0.562636410629255,1.0,-1.7,
12325,Jace Peterson,OF,383,0.562636410629255,1.0,-1.7,
18042,Dylan Moore,OF,116,0.5497287721099271,3.3,0.2,
18042,Dylan Moore,SS,116,0.5497287721099271,3.3,0.2,
17901,Andrew Benintendi,OF,526,0.544604671437395,0.7,-1.1,Alden
19318,Matt Thaiss,C,291,0.5321807834133325,1.3,-1.4,
18289,Brian Anderson,3B,355,0.5299404834317917,1.0,-2.1,
18289,Brian Anderson,OF,355,0.5299404834317917,1.0,-2.1,
23800,Parker Meadows,DH,40,0.5270691085048881,9.2,0.2,
5297,Aaron Hicks,OF,231,0.5267544734661438,1.6,-0.2,
25332,Endy Rodríguez,DH,120,0.5235431379942682,3.1,-0.6,
25805,Blake Sabol,DH,302,0.5214240468651082,1.2,-0.9,
19296,Alex Call,OF,413,0.5196170040600471,0.9,-2.2,
21693,Miguel Amaya,DH,127,0.5189688195457414,2.9,-0.2,
22217,Luis Campusano,DH,107,0.5115281370196922,3.3,-0.2,
12282,Rougned Odor,2B,157,0.4961865858856086,2.2,-0.3,
21614,Kyle Isbel,OF,261,0.490149839076012,1.3,-1.2,
17161,Chad Wallach,C,152,0.486455591579059,2.2,-1.0,
19611,Vladimir Guerrero Jr.,1B,568,0.4831808810734956,0.6,-1.3,Nick
17128,Ramón Laureano,OF,319,0.4791969346565442,1.1,-1.4,Sid
19890,Emmanuel Rivera,3B,238,0.4725893592341325,1.4,-0.9,
24273,Liover Peguero,DH,116,0.467802280493877,2.8,-0.3,
22186,Brice Turang,DH,367,0.4601899684631088,0.9,-1.9,
19600,Bryan De La Cruz,OF,528,0.4598044216880166,0.6,-1.9,
19514,Andrew Knizner,C,193,0.4422065813007493,1.6,-0.4,
12859,James McCann,C,177,0.4382030910492397,1.7,-1.1,
18363,Victor Robles,OF,126,0.4380757389364192,2.4,0.4,
25816,Shea Langeliers,C,412,0.4350578393871621,0.7,-2.3,
19262,Garrett Hampson,OF,162,0.4289517385158449,1.9,-0.1,
19262,Garrett Hampson,SS,162,0.4289517385158449,1.9,-0.1,
15654,Billy McKinney,DH,147,0.4169239847111102,2.0,-0.2,
20157,Matthew Batten,DH,38,0.4091730232174,7.5,0.3,
19864,Riley Adams,C,149,0.4061021342259358,1.9,-0.1,
18015,Paul DeJong,SS,377,0.3943464459952203,0.7,-3.2,
11680,Elias Díaz,C,445,0.3922842005070183,0.6,-2.1,
14712,Manuel Margot,OF,280,0.3790996317442036,0.9,-1.6,
16512,Isiah Kiner-Falefa,SS,324,0.3751068310012516,0.8,-1.7,
19455,Andruw Monasterio,DH,227,0.3695028089787731,1.1,-1.0,
10323,Rafael Ortega,OF,92,0.3673195629129355,2.8,-0.2,
10681,Gio Urshela,3B,228,0.3666559851605478,1.1,-1.2,
21622,Jake McCarthy,OF,291,0.3658966065831788,0.9,-0.5,
19928,Ryan McKenna,OF,134,0.3484059014827372,1.8,-0.5,
20599,Iván Herrera,DH,26,0.3474180125809232,9.4,0.1,
20352,Ernie Clement,2B,20,0.3418367977747584,12.0,0.2,
20352,Ernie Clement,3B,20,0.3418367977747584,12.0,0.2,
10243,Randal Grichuk,OF,372,0.3382187103592597,0.6,-1.6,
19788,Zach Remillard,DH,133,0.3314686641551282,1.7,-0.3,
22532,Tyler Freeman,3B,121,0.329315314807945,1.9,-0.5,
27555,Garrett Mitchell,OF,62,0.32544263525235,3.7,0.0,
21501,Trevor Larnach,OF,188,0.3233309789127714,1.2,-0.5,
13145,Josh Bell,1B,503,0.3195438724822399,0.4,-1.6,Benji
14477,Jake Cave,OF,152,0.3181052207320779,1.5,-0.6,
12147,Nick Ahmed,SS,199,0.3140664211662368,1.1,-1.4,
21711,Oneil Cruz,SS,40,0.3077073648325445,5.4,0.2,Benji
26368,JJ Bleday,OF,284,0.3071457566797148,0.8,-0.7,
16623,Greg Allen,OF,28,0.2999536978757983,7.5,0.1,
15279,Garrett Cooper,1B,390,0.2999488472781721,0.5,-1.7,
26365,Jonny Deluca,DH,45,0.2990449062826512,4.7,-0.0,
13355,Luke Maile,C,160,0.2896279099879622,1.3,-1.1,
12434,Kevin Pillar,DH,160,0.2887374332861806,1.3,-0.6,
19610,Keibert Ruiz,C,461,0.2878571642187063,0.4,-2.5,Benji
20311,Corey Julks,DH,323,0.2852032978078121,0.6,-1.5,
12977,Michael Perez,C,7,0.2808743246679705,28.1,0.1,
9368,Evan Longoria,3B,195,0.279330980583384,1.0,-0.8,
17273,Jorge Mateo,SS,310,0.2786347713179232,0.6,-1.7,
26197,Andrew Vaughn,1B,507,0.2772209130764209,0.4,-2.0,
26197,Andrew Vaughn,OF,507,0.2772209130764209,0.4,-2.0,
22563,Gabriel Arias,DH,266,0.2699655578581365,0.7,-1.9,
10028,Christian Bethancourt,1B,292,0.2699466781738491,0.6,-2.1,Reuben
10028,Christian Bethancourt,C,292,0.2699466781738491,0.6,-2.1,Reuben
4892,Mike Moustakas,1B,332,0.2631754448314064,0.6,-1.6,
4892,Mike Moustakas,3B,332,0.2631754448314064,0.6,-1.6,
5343,Brandon Crawford,SS,270,0.2594825442039874,0.7,-1.9,
14366,Joey Meneses,1B,550,0.253739144220813,0.3,-1.8,
14366,Joey Meneses,OF,550,0.253739144220813,0.3,-1.8,
13770,Rob Refsnyder,OF,218,0.2535851865183716,0.8,-0.9,
19859,René Pinto,C,43,0.249526049351998,4.1,-0.3,
14773,Yu Chang,2B,112,0.2376962915712549,1.5,-0.8,
14773,Yu Chang,SS,112,0.2376962915712549,1.5,-0.8,
23772,Wilyer Abreu,DH,19,0.2357916095541847,8.7,0.1,
25813,Grae Kessinger,DH,41,0.2349227285235632,4.0,-0.3,
21538,Nick Fortes,C,276,0.2226381554610655,0.6,-2.6,
11339,Jake Marisnick,OF,83,0.220950564217573,1.9,-0.5,
14130,Daniel Vogelbach,DH,294,0.219463673784713,0.5,-0.9,
19958,Carter Kieboom,DH,31,0.2152133005479113,4.9,0.0,
17620,Myles Straw,OF,451,0.2068458680389658,0.3,-2.0,
19844,Abraham Toro,2B,21,0.2064760623927161,6.9,0.2,
19844,Abraham Toro,3B,21,0.2064760623927161,6.9,0.2,
33189,Nolan Schanuel,DH,46,0.1944193391564398,3.0,0.1,
12005,Nick Martini,DH,27,0.1856795934132914,4.8,0.1,
17321,Michael Chavis,1B,90,0.1831243744939572,1.4,-0.4,
13897,Tyler Heineman,C,30,0.1800752755003989,4.2,-0.1,
23359,Nelson Velázquez,OF,86,0.1792837154640542,1.5,0.0,
20126,Dylan Carlson,OF,255,0.1732970317515894,0.5,-1.1,Reuben
20220,Jo Adell,OF,14,0.1693787185942104,8.5,0.1,
26396,Josh H. Smith,3B,176,0.1690826590301682,0.7,-0.9,
26396,Josh H. Smith,OF,176,0.1690826590301682,0.7,-0.9,
19358,Weston Wilson,DH,11,0.1665914684340432,10.6,0.2,
19873,Drew Ellis,DH,29,0.1509773641160777,3.6,-0.0,
19252,Cavan Biggio,1B,235,0.1481521680461654,0.4,-0.5,
19252,Cavan Biggio,2B,235,0.1481521680461654,0.4,-0.5,
20178,Miguel Vargas,DH,304,0.1446296629022105,0.3,-1.2,
12861,Anthony Rendon,3B,183,0.1434625723808544,0.5,-0.6,Reuben
10200,Tucker Barnhart,C,123,0.1431800554047891,0.8,-1.3,
15730,Tyler Wade,2B,55,0.1388364851689644,1.8,-0.2,
25616,Marco Luciano,DH,12,0.1383741749269238,8.1,0.0,
19181,Zack Collins,DH,6,0.1383382044361481,16.1,0.1,
31490,Wade Meckler,DH,49,0.1372995493338043,2.0,-0.2,
24934,David Fry,DH,91,0.1352824749172369,1.0,-0.1,
21524,Joey Bart,C,84,0.1337750424157893,1.1,-0.5,
27684,Michael Massey,2B,378,0.1299683104271212,0.2,-2.3,
14894,Tony Kemp,2B,366,0.1281774571183891,0.2,-1.9,Jesse
14894,Tony Kemp,OF,366,0.1281774571183891,0.2,-1.9,Jesse
2136,David Peralta,OF,355,0.1218632773071985,0.2,-2.0,
15104,Jonathan Davis,OF,104,0.1203721854645882,0.8,-0.4,
25479,Brenton Doyle,DH,334,0.1193382615059171,0.3,-3.2,
17232,Yoán Moncada,3B,267,0.1185318861157439,0.3,-1.4,Alden
23985,Osleivis Basabe,DH,52,0.1166406912867411,1.6,-0.2,
21293,Dalton Guthrie,DH,28,0.0945154241169333,2.4,-0.2,
4314,Joey Votto,1B,195,0.0916585965996745,0.3,-0.6,
17326,Cole Tucker,DH,8,0.0830120531526468,7.3,0.1,
22266,Xavier Edwards,DH,22,0.0803571913315582,2.6,0.1,
19828,Cody Thomas,DH,46,0.0795089273136754,1.2,-0.3,
29931,Jacob Young,DH,18,0.0790657279726036,3.1,-0.1,
29715,Hunter Goodman,DH,16,0.0774414475057954,3.4,0.0,
25040,Vinny Capra,DH,18,0.0742022743327381,2.9,-0.1,
24262,Ceddanne Rafaela,DH,5,0.0696980157023508,9.8,0.0,
22542,Lawrence Butler,DH,61,0.0680993386135856,0.8,-0.4,
24589,Richie Palacios,OF,32,0.0678005573412491,1.5,-0.0,
18123,Nathan Lukes,DH,30,0.0676708865564005,1.6,-0.0,
22054,Dane Myers,DH,61,0.0660193037282593,0.8,-0.3,
23986,Curtis Mead,DH,43,0.0629008396463436,1.0,-0.2,
20572,Kody Clemens,3B,148,0.0557902666378022,0.3,-0.8,
20002,Bryce Johnson,DH,48,0.0545621708943197,0.8,-0.1,
15124,Tim Locastro,OF,30,0.0537804607809052,1.3,0.1,
15223,Adam Frazier,2B,389,0.0499606464084854,0.1,-1.1,
15223,Adam Frazier,OF,389,0.0499606464084854,0.1,-1.1,
3298,Charlie Culberson,3B,1,0.0490716477921001,34.4,0.0,
22202,Jeter Downs,DH,9,0.0476755060944391,3.7,0.1,
23818,Ji Hwan Bae,DH,281,0.0471253205276596,0.1,-1.1,
21837,Jonathan Aranda,DH,34,0.0471225008705109,1.0,-0.1,
27676,Vinnie Pasquantino,1B,260,0.0437245719436782,0.1,-1.1,Reuben
11381,Drew Maggi,DH,6,0.0436678096783621,5.1,-0.0,
22274,Samad Taylor,DH,67,0.0435249267706055,0.5,-0.3,
9952,Trayce Thompson,OF,125,0.042616674166384,0.2,-0.6,Reuben
21558,Matt Vierling,OF,419,0.0390067644482339,0.1,-2.3,
19983,Conner Capel,OF,86,0.0370978150988915,0.3,-0.3,
5038,Josh Donaldson,3B,120,0.0368453445342593,0.2,-0.8,
25353,Michael Stefanic,2B,25,0.0339978412583842,1.0,-0.1,
14350,Raimel Tapia,OF,158,0.0329231657253214,0.1,-0.5,
20287,Ben Rortvedt,DH,61,0.0326090006669278,0.4,-0.6,
27490,Nick Gonzales,DH,112,0.0287723913561936,0.2,-0.9,
11368,Yasmani Grandal,C,375,0.0287322069790782,0.1,-2.8,Jesse
18887,Seby Zavala,C,176,0.0262916527066968,0.1,-2.1,
16375,Óscar Mercado,OF,32,0.0230438633245066,0.5,-0.0,
23296,Jacob Amaya,DH,9,0.0227781753430774,1.8,0.0,
10642,Carlos Pérez,DH,165,0.0211997092579034,0.1,-0.9,
26477,Spencer Horwitz,DH,10,0.019292539412962,1.4,0.0,
13675,Tyrone Taylor,OF,161,0.0183095195000148,0.1,-1.0,
16424,Jordan Luplow,OF,59,0.0161212337818964,0.2,-0.3,
22650,Jordan Diaz,DH,221,0.0151748866698532,0.0,-1.0,
10199,Billy Hamilton,DH,2,0.0120734495332468,4.2,0.1,
13854,Anthony Bemboom,C,13,0.0080105138305256,0.4,-0.1,
16496,Forrest Wall,DH,4,0.0059803091083813,1.0,-0.0,
24388,José Rodríguez,DH,0,0.0053036140577771,inf,0.0,
7802,Miguel Rojas,SS,347,0.0023930543479767,0.0,-2.9,
17954,Sam Hilliard,OF,78,0.0014512990025806,0.0,-0.3,
21304,Mark Kolozsvary,DH,0,0.0008564653008351,inf,0.0,
24597,Jonathan Ornelas,DH,0,0.0005138791339824,inf,0.0,
12564,Trevor Story,2B,76,0.0004601319346574,0.0,-0.6,
10197,Shelby Miller,DH,1,0.0004070513403123,0.3,-0.0,
18323,Josh Sborz,DH,1,0.0002909678431721,0.2,-0.0,
13218,Michael Fulmer,DH,1,0.0002588643907005,0.2,-0.0,
19151,Estevan Florial,OF,0,0.0001712930020186,inf,0.0,
1157,Tommy Hunter,DH,0,0.0,0.0,0.0,
1246,Matt Bush,DH,0,0.0,0.0,0.0,
1247,Adam Ottavino,DH,0,0.0,0.0,0.0,
1890,Matt Moore,DH,0,0.0,0.0,0.0,
1943,Zack Greinke,P,0,0.0,0.0,0.0,
2036,Clayton Kershaw,P,0,0.0,0.0,0.0,Graham
2233,Adam Wainwright,P,0,0.0,0.0,0.0,
2429,Corey Kluber,P,0,0.0,0.0,0.0,
2520,Lance Lynn,P,0,0.0,0.0,0.0,Graham
3096,Kenley Jansen,DH,0,0.0,0.0,0.0,Nick
3137,Max Scherzer,P,0,0.0,0.0,0.0,Benji
3237,T.J. McFarland,DH,0,0.0,0.0,0.0,
3548,Liam Hendriks,DH,0,0.0,0.0,0.0,
4676,Charlie Morton,P,0,0.0,0.0,0.0,Jesse
4806,Rich Hill,P,0,0.0,0.0,0.0,
4994,Fernando Abad,DH,0,0.0,0.0,0.0,
5003,Jake Diekman,DH,0,0.0,0.0,0.0,
5114,Jeurys Familia,DH,0,0.0,0.0,0.0,
5448,Jesse Chavez,DH,0,0.0,0.0,0.0,
5524,Madison Bumgarner,P,0,0.0,0.0,0.0,
5615,Ryan Brasier,DH,0,0.0,0.0,0.0,
6107,Huascar Brazoban,DH,0,0.0,0.0,0.0,
6398,Trevor May,DH,0,0.0,0.0,0.0,
6399,José Cisnero,DH,0,0.0,0.0,0.0,
6562,Alex Cobb,P,0,0.0,0.0,0.0,Alden
6632,Carlos Carrasco,P,0,0.0,0.0,0.0,
6655,Craig Kimbrel,DH,0,0.0,0.0,0.0,
6661,Alex Colomé,DH,0,0.0,0.0,0.0,
6797,Julio Teheran,DH,0,0.0,0.0,0.0,
6893,Johnny Cueto,P,0,0.0,0.0,0.0,
6895,Chase Anderson,DH,0,0.0,0.0,0.0,
6902,Martín Pérez,P,0,0.0,0.0,0.0,Alden
6984,Luis García,DH,0,0.0,0.0,0.0,
6986,Ian Kennedy,DH,0,0.0,0.0,0.0,
7005,Ryan Pressly,DH,0,0.0,0.0,0.0,Sid
7048,Fernando Cruz,DH,0,0.0,0.0,0.0,
7115,Daniel Bard,DH,0,0.0,0.0,0.0,Sid
7146,Daniel Hudson,DH,0,0.0,0.0,0.0,
7432,Jay Jackson,DH,0,0.0,0.0,0.0,
7531,Collin McHugh,DH,0,0.0,0.0,0.0,
7593,Jordan Lyles,P,0,0.0,0.0,0.0,
7608,Tommy Milone,DH,0,0.0,0.0,0.0,
7803,Richard Bleier,DH,0,0.0,0.0,0.0,
7982,Anthony Bass,DH,0,0.0,0.0,0.0,
8048,Will Smith,DH,0,0.0,0.0,0.0,
8110,Bryan Shaw,DH,0,0.0,0.0,0.0,
8241,David Robertson,DH,0,0.0,0.0,0.0,
8246,Paolo Espino,P,0,0.0,0.0,0.0,
8337,Lucas Luetge,DH,0,0.0,0.0,0.0,
8700,Justin Verlander,P,0,0.0,0.0,0.0,Reuben
8779,Wade Miley,DH,0,0.0,0.0,0.0,
9073,Kirby Yates,DH,0,0.0,0.0,0.0,
9111,Brad Hand,DH,0,0.0,0.0,0.0,
9132,Nathan Eovaldi,P,0,0.0,0.0,0.0,Alden
9323,Patrick Corbin,P,0,0.0,0.0,0.0,
9434,Dallas Keuchel,DH,0,0.0,0.0,0.0,
9761,Joe Kelly,DH,0,0.0,0.0,0.0,
9803,Miles Mikolas,P,0,0.0,0.0,0.0,Alden
10061,Brooks Raley,DH,0,0.0,0.0,0.0,
10078,Caleb Thielbar,DH,0,0.0,0.0,0.0,
10123,Kyle Gibson,P,0,0.0,0.0,0.0,
10133,Brad Boxberger,DH,0,0.0,0.0,0.0,
10160,Ryan Weber,DH,0,0.0,0.0,0.0,
10233,Aroldis Chapman,DH,0,0.0,0.0,0.0,
10291,Ryan Tepera,DH,0,0.0,0.0,0.0,
10310,Zack Wheeler,P,0,0.0,0.0,0.0,Reuben
10314,Erasmo Ramírez,DH,0,0.0,0.0,0.0,
10315,Michael Tonkin,DH,0,0.0,0.0,0.0,
10343,Aaron Loup,DH,0,0.0,0.0,0.0,
10430,Mychal Givens,DH,0,0.0,0.0,0.0,
10591,Scott Alexander,DH,0,0.0,0.0,0.0,
10603,Chris Sale,DH,0,0.0,0.0,0.0,Jesse
10657,Andrew Bellatti,DH,0,0.0,0.0,0.0,
10843,Adam Kolarek,DH,0,0.0,0.0,0.0,
10855,Chasen Shreve,DH,0,0.0,0.0,0.0,
10954,Jacob deGrom,DH,0,0.0,0.0,0.0,Reuben
11121,Casey Lawrence,DH,0,0.0,0.0,0.0,
11156,Merrill Kelly,P,0,0.0,0.0,0.0,Alden
11189,Vince Velasquez,DH,0,0.0,0.0,0.0,
11294,Zach Neal,DH,0,0.0,0.0,0.0,
11341,Sean Nolin,DH,0,0.0,0.0,0.0,
11384,Tommy Kahnle,DH,0,0.0,0.0,0.0,
11423,José Quintana,P,0,0.0,0.0,0.0,Alden
11486,Robbie Ray,P,0,0.0,0.0,0.0,Nick
11487,Joely Rodríguez,DH,0,0.0,0.0,0.0,
11589,José Ureña,P,0,0.0,0.0,0.0,
11632,Heath Hembree,DH,0,0.0,0.0,0.0,
11674,Jameson Taillon,P,0,0.0,0.0,0.0,Sid
11752,Luke Jackson,DH,0,0.0,0.0,0.0,
11760,Drew Smyly,P,0,0.0,0.0,0.0,
11762,Noah Syndergaard,P,0,0.0,0.0,0.0,Graham
11804,Hector Neris,DH,0,0.0,0.0,0.0,
11828,James Paxton,DH,0,0.0,0.0,0.0,
11836,Taijuan Walker,P,0,0.0,0.0,0.0,Jesse
11847,Chris Martin,DH,0,0.0,0.0,0.0,
11861,Jason Adam,DH,0,0.0,0.0,0.0,Benji
12049,Kyle Hendricks,DH,0,0.0,0.0,0.0,
12056,Scott McGough,DH,0,0.0,0.0,0.0,
12095,Yimi García,DH,0,0.0,0.0,0.0,
12178,Domingo Tapia,DH,0,0.0,0.0,0.0,
12249,Ryan Sherriff,DH,0,0.0,0.0,0.0,
12304,Chris Bassitt,P,0,0.0,0.0,0.0,Sid
12317,Colin Rea,DH,0,0.0,0.0,0.0,
12323,Jacob Barnes,DH,0,0.0,0.0,0.0,
12361,Spencer Patton,DH,0,0.0,0.0,0.0,
12447,Seth Lugo,DH,0,0.0,0.0,0.0,
12499,Drew Rucinski,DH,0,0.0,0.0,0.0,
12575,Nick Ramirez,DH,0,0.0,0.0,0.0,
12718,Adrian Houser,P,0,0.0,0.0,0.0,
12730,Nick Martinez,P,0,0.0,0.0,0.0,
12760,Rafael Montero,DH,0,0.0,0.0,0.0,
12763,Chris Devenski,DH,0,0.0,0.0,0.0,
12768,Sonny Gray,P,0,0.0,0.0,0.0,Jesse
12777,John Brebbia,DH,0,0.0,0.0,0.0,
12791,Michael Kelly,DH,0,0.0,0.0,0.0,
12808,Mike Clevinger,P,0,0.0,0.0,0.0,
12828,Andrew Kittredge,DH,0,0.0,0.0,0.0,
12857,Shawn Armstrong,DH,0,0.0,0.0,0.0,
12863,Matt Barnes,DH,0,0.0,0.0,0.0,
12880,Tyler Anderson,P,0,0.0,0.0,0.0,Sid
12890,Alex Claudio,DH,0,0.0,0.0,0.0,
12918,Archie Bradley,DH,0,0.0,0.0,0.0,
12970,Joe Musgrove,P,0,0.0,0.0,0.0,Sid
12988,Andrew Chafin,DH,0,0.0,0.0,0.0,
12997,Colten Brewer,DH,0,0.0,0.0,0.0,
13050,Anthony DeSclafani,DH,0,0.0,0.0,0.0,
13074,Yu Darvish,P,0,0.0,0.0,0.0,Nick
13125,Gerrit Cole,P,0,0.0,0.0,0.0,Nick
13164,Eduardo Rodriguez,P,0,0.0,0.0,0.0,Jesse
13183,Zach Davies,P,0,0.0,0.0,0.0,
13190,Jordan Weems,DH,0,0.0,0.0,0.0,
13273,Ross Stripling,P,0,0.0,0.0,0.0,
13276,Matt Carasiti,DH,0,0.0,0.0,0.0,
13293,Danny Coulombe,DH,0,0.0,0.0,0.0,
13345,Luis Cessa,DH,0,0.0,0.0,0.0,
13346,Hoby Milner,DH,0,0.0,0.0,0.0,
13361,Steven Matz,DH,0,0.0,0.0,0.0,
13394,Dylan Floro,DH,0,0.0,0.0,0.0,
13420,Matt Koch,DH,0,0.0,0.0,0.0,
13424,Drew VerHagen,DH,0,0.0,0.0,0.0,
13431,Marcus Stroman,P,0,0.0,0.0,0.0,Alden
13435,Pierce Johnson,DH,0,0.0,0.0,0.0,
13449,Taylor Rogers,DH,0,0.0,0.0,0.0,Graham
13470,Lucas Sims,DH,0,0.0,0.0,0.0,
13475,Daniel Norris,DH,0,0.0,0.0,0.0,
13543,Blake Snell,P,0,0.0,0.0,0.0,Jesse
13580,Steven Okert,DH,0,0.0,0.0,0.0,
13594,Robert Stephenson,DH,0,0.0,0.0,0.0,
13607,Carl Edwards Jr.,DH,0,0.0,0.0,0.0,
13619,Jakob Junis,P,0,0.0,0.0,0.0,
13649,Clay Holmes,DH,0,0.0,0.0,0.0,Sid
13652,Tayler Scott,DH,0,0.0,0.0,0.0,
13699,Jake Faria,DH,0,0.0,0.0,0.0,
13707,Joey Krehbiel,DH,0,0.0,0.0,0.0,
13713,Kyle Barraclough,DH,0,0.0,0.0,0.0,
13743,Max Fried,P,0,0.0,0.0,0.0,Reuben
13761,Chris Stratton,DH,0,0.0,0.0,0.0,
13763,Dominic Leone,DH,0,0.0,0.0,0.0,
13767,JT Chargois,DH,0,0.0,0.0,0.0,
13774,Zach Eflin,DH,0,0.0,0.0,0.0,Jesse
13781,Alex Wood,P,0,0.0,0.0,0.0,Jesse
13799,Matt Strahm,DH,0,0.0,0.0,0.0,
13801,Austin Adams,DH,0,0.0,0.0,0.0,
13834,Alec Mills,DH,0,0.0,0.0,0.0,
13892,Paul Sewald,DH,0,0.0,0.0,0.0,Jesse
13896,Chris Flexen,P,0,0.0,0.0,0.0,
13942,Brent Suter,DH,0,0.0,0.0,0.0,
14078,Michael Wacha,P,0,0.0,0.0,0.0,
14107,Kevin Gausman,P,0,0.0,0.0,0.0,Alden
14168,José Berríos,P,0,0.0,0.0,0.0,Graham
14212,Josh Hader,DH,0,0.0,0.0,0.0,Jesse
14295,Wandy Peralta,DH,0,0.0,0.0,0.0,
14332,Joel Payamps,DH,0,0.0,0.0,0.0,
14361,Ty Blach,DH,0,0.0,0.0,0.0,
14374,Tyler Glasnow,DH,0,0.0,0.0,0.0,Alden
14375,Amir Garrett,DH,0,0.0,0.0,0.0,
14416,Yunior Marte,DH,0,0.0,0.0,0.0,
14444,Hyun Jin Ryu,DH,0,0.0,0.0,0.0,
14509,Dereck Rodríguez,DH,0,0.0,0.0,0.0,
14524,José Leclerc,DH,0,0.0,0.0,0.0,
14527,Jorge López,DH,0,0.0,0.0,0.0,
14542,Carlos Estévez,DH,0,0.0,0.0,0.0,
14552,José Ruiz,DH,0,0.0,0.0,0.0,
14663,Chi Chi González,DH,0,0.0,0.0,0.0,
14677,Duane Underwood Jr.,DH,0,0.0,0.0,0.0,
14681,Andrés Machado,DH,0,0.0,0.0,0.0,
14706,Anthony Banda,DH,0,0.0,0.0,0.0,
14739,Paul Blackburn,P,0,0.0,0.0,0.0,
14765,Julio Urías,P,0,0.0,0.0,0.0,Benji
14771,Emilio Pagán,DH,0,0.0,0.0,0.0,
14814,Buck Farmer,DH,0,0.0,0.0,0.0,
14825,Dylan Covey,DH,0,0.0,0.0,0.0,
14843,Michael Lorenzen,P,0,0.0,0.0,0.0,
14844,Matt Dermody,DH,0,0.0,0.0,0.0,
14857,Joe Mantiply,DH,0,0.0,0.0,0.0,
14874,Sam Moll,DH,0,0.0,0.0,0.0,
14916,Jon Gray,P,0,0.0,0.0,0.0,Sid
14932,Ben Lively,DH,0,0.0,0.0,0.0,
14966,Reyes Moronta,DH,0,0.0,0.0,0.0,
14975,Chad Kuhl,P,0,0.0,0.0,0.0,
14986,Giovanny Gallegos,DH,0,0.0,0.0,0.0,Reuben
14993,Scott Barlow,DH,0,0.0,0.0,0.0,
15007,Yacksel Ríos,DH,0,0.0,0.0,0.0,
15009,Kyle Finnegan,DH,0,0.0,0.0,0.0,
15036,Chase De Jong,DH,0,0.0,0.0,0.0,
15038,Germán Márquez,P,0,0.0,0.0,0.0,Alden
15042,Tim Mayza,DH,0,0.0,0.0,0.0,
15046,Trevor Gott,DH,0,0.0,0.0,0.0,
15047,Austin Voth,P,0,0.0,0.0,0.0,
15051,Silvino Bracho,DH,0,0.0,0.0,0.0,
15068,Yency Almonte,DH,0,0.0,0.0,0.0,
15094,Rob Zastryzny,DH,0,0.0,0.0,0.0,
15100,Ben Heller,DH,0,0.0,0.0,0.0,
15145,Justin Topa,DH,0,0.0,0.0,0.0,
15157,Jimmy Yacabonis,DH,0,0.0,0.0,0.0,
15239,Alan Busenitz,DH,0,0.0,0.0,0.0,
15256,Cole Sulser,DH,0,0.0,0.0,0.0,
15264,Keynan Middleton,DH,0,0.0,0.0,0.0,
15288,Adam Cimber,DH,0,0.0,0.0,0.0,
15290,Austin Pruitt,DH,0,0.0,0.0,0.0,
15369,Kevin Herget,DH,0,0.0,0.0,0.0,
15423,Andrew Heaney,DH,0,0.0,0.0,0.0,Reuben
15440,Matthew Boyd,DH,0,0.0,0.0,0.0,Graham
15444,Zack Weiss,DH,0,0.0,0.0,0.0,
15451,Mike Mayers,DH,0,0.0,0.0,0.0,
15454,Nick Pivetta,P,0,0.0,0.0,0.0,
15463,José De León,DH,0,0.0,0.0,0.0,
15467,Marco Gonzales,P,0,0.0,0.0,0.0,
15474,Lucas Giolito,P,0,0.0,0.0,0.0,Nick
15488,Antonio Senzatela,P,0,0.0,0.0,0.0,
15507,Hunter Harvey,DH,0,0.0,0.0,0.0,
15514,Kendall Graveman,DH,0,0.0,0.0,0.0,
15541,Tyler Rogers,DH,0,0.0,0.0,0.0,
15551,Mark Leiter Jr.,DH,0,0.0,0.0,0.0,
15594,Nick Wittgren,DH,0,0.0,0.0,0.0,
15684,Miguel Castro,DH,0,0.0,0.0,0.0,
15689,Luis Castillo,P,0,0.0,0.0,0.0,Sid
15690,Jimmy Cordero,DH,0,0.0,0.0,0.0,
15734,Brad Keller,P,0,0.0,0.0,0.0,
15761,Joe Jiménez,DH,0,0.0,0.0,0.0,
15816,Devin Williams,DH,0,0.0,0.0,0.0,Jesse
15823,Zack Littell,DH,0,0.0,0.0,0.0,
15855,Wander Suero,DH,0,0.0,0.0,0.0,
15873,Sean Manaea,P,0,0.0,0.0,0.0,Sid
15890,Luis Severino,P,0,0.0,0.0,0.0,Nick
15947,Ryne Stanek,DH,0,0.0,0.0,0.0,
16074,Nick Burdi,DH,0,0.0,0.0,0.0,
16122,Jordan Romano,DH,0,0.0,0.0,0.0,Benji
16128,John Curtiss,DH,0,0.0,0.0,0.0,
16137,Carlos Rodón,P,0,0.0,0.0,0.0,Reuben
16149,Aaron Nola,P,0,0.0,0.0,0.0,Benji
16162,Brandon Woodruff,P,0,0.0,0.0,0.0,Reuben
16207,Spencer Turnbull,DH,0,0.0,0.0,0.0,
16209,Jake Reed,DH,0,0.0,0.0,0.0,
16256,Kyle Freeland,P,0,0.0,0.0,0.0,
16258,Aaron Bummer,DH,0,0.0,0.0,0.0,Reuben
16306,Gerardo Reyes,DH,0,0.0,0.0,0.0,
16350,Ryan Borucki,DH,0,0.0,0.0,0.0,
16358,Tyler Mahle,P,0,0.0,0.0,0.0,Graham
16400,Reynaldo López,DH,0,0.0,0.0,0.0,
16401,Yonny Chirinos,DH,0,0.0,0.0,0.0,
16408,Victor González,DH,0,0.0,0.0,0.0,
16466,Brent Honeywell,DH,0,0.0,0.0,0.0,
16502,Ryan Yarbrough,DH,0,0.0,0.0,0.0,
16511,Jordan Montgomery,P,0,0.0,0.0,0.0,Alden
16561,Austin Gomber,P,0,0.0,0.0,0.0,
16587,Erik Swanson,DH,0,0.0,0.0,0.0,
16609,Bryan Abreu,DH,0,0.0,0.0,0.0,
16631,Jeff Brigham,DH,0,0.0,0.0,0.0,
16647,Ryan Thompson,DH,0,0.0,0.0,0.0,
16703,Julian Merryweather,DH,0,0.0,0.0,0.0,
16727,Brock Stewart,DH,0,0.0,0.0,0.0,
16754,Vinny Nittoli,DH,0,0.0,0.0,0.0,
16814,Tim Hill,DH,0,0.0,0.0,0.0,
16835,Brennan Bernardino,DH,0,0.0,0.0,0.0,
16866,Reed Garrett,DH,0,0.0,0.0,0.0,
16918,Luke Weaver,DH,0,0.0,0.0,0.0,
16929,Touki Toussaint,DH,0,0.0,0.0,0.0,
16942,Luis F. Ortiz,DH,0,0.0,0.0,0.0,
16943,Sean Newcomb,DH,0,0.0,0.0,0.0,
16977,Trevor Williams,DH,0,0.0,0.0,0.0,
16990,Tanner Banks,DH,0,0.0,0.0,0.0,
17034,Sean Reid-Foley,DH,0,0.0,0.0,0.0,
17085,Pablo López,P,0,0.0,0.0,0.0,Graham
17092,Domingo Acevedo,DH,0,0.0,0.0,0.0,Benji
17130,Raisel Iglesias,DH,0,0.0,0.0,0.0,Sid
17149,Domingo Germán,DH,0,0.0,0.0,0.0,
17169,José Castillo,DH,0,0.0,0.0,0.0,
17170,Gabe Speier,DH,0,0.0,0.0,0.0,
17186,Dinelson Lamet,DH,0,0.0,0.0,0.0,
17192,Jalen Beeks,DH,0,0.0,0.0,0.0,
17264,Sam Coonrod,DH,0,0.0,0.0,0.0,
17277,Ranger Suárez,P,0,0.0,0.0,0.0,Alden
17281,Thomas Pannone,DH,0,0.0,0.0,0.0,
17282,Michael Kopech,P,0,0.0,0.0,0.0,Benji
17292,Javy Guerra,DH,0,0.0,0.0,0.0,
17295,Framber Valdez,P,0,0.0,0.0,0.0,Graham
17312,Justin Steele,P,0,0.0,0.0,0.0,Alden
17359,Josh Taylor,DH,0,0.0,0.0,0.0,
17381,Matt Gage,DH,0,0.0,0.0,0.0,
17432,Jeff Hoffman,DH,0,0.0,0.0,0.0,
17464,Jonathan Hernández,DH,0,0.0,0.0,0.0,
17479,Jack Flaherty,DH,0,0.0,0.0,0.0,Benji
17480,Daniel Duarte,DH,0,0.0,0.0,0.0,
17485,Albert Abreu,DH,0,0.0,0.0,0.0,
17489,Spenser Watkins,P,0,0.0,0.0,0.0,
17490,Génesis Cabrera,DH,0,0.0,0.0,0.0,
17496,Diego Castillo,DH,0,0.0,0.0,0.0,
17556,Jimmy Herget,DH,0,0.0,0.0,0.0,
17586,Tanner Scott,DH,0,0.0,0.0,0.0,
17594,Mitch Keller,P,0,0.0,0.0,0.0,Sid
17606,Cristian Javier,P,0,0.0,0.0,0.0,Benji
17611,Taylor Clarke,DH,0,0.0,0.0,0.0,
17639,Justin Lawrence,DH,0,0.0,0.0,0.0,
17677,Jeffrey Springs,P,0,0.0,0.0,0.0,Reuben
17701,Jose Cuas,DH,0,0.0,0.0,0.0,
17722,Trevor Megill,DH,0,0.0,0.0,0.0,
17732,Nabil Crismatt,DH,0,0.0,0.0,0.0,
17734,Evan Phillips,DH,0,0.0,0.0,0.0,Jesse
17735,Tyler Alexander,P,0,0.0,0.0,0.0,
17755,Drew Smith,DH,0,0.0,0.0,0.0,
17759,Angel Perdomo,DH,0,0.0,0.0,0.0,
17780,José Alvarado,DH,0,0.0,0.0,0.0,Jesse
17793,Trey Wingenter,DH,0,0.0,0.0,0.0,
17859,Adbert Alzolay,DH,0,0.0,0.0,0.0,
17860,José Rodríguez,DH,0,0.0,0.0,0.0,
17871,Ian Gibaut,DH,0,0.0,0.0,0.0,
17874,Nestor Cortes,P,0,0.0,0.0,0.0,Benji
17877,Brett Kennedy,DH,0,0.0,0.0,0.0,
17878,Dennis Santana,DH,0,0.0,0.0,0.0,
17888,Tayler Saucedo,DH,0,0.0,0.0,0.0,
17897,Garrett Cleavinger,DH,0,0.0,0.0,0.0,
17948,Trent Thornton,DH,0,0.0,0.0,0.0,
17964,Tyler Gilbert,DH,0,0.0,0.0,0.0,
17968,Brock Burke,DH,0,0.0,0.0,0.0,
17969,Peter Lambert,DH,0,0.0,0.0,0.0,Jesse
17995,Logan Webb,P,0,0.0,0.0,0.0,Graham
17998,Pete Fairbanks,DH,0,0.0,0.0,0.0,Jesse
18000,Triston McKenzie,P,0,0.0,0.0,0.0,Graham
18064,Phil Maton,DH,0,0.0,0.0,0.0,
18138,Ryan Helsley,DH,0,0.0,0.0,0.0,Sid
18152,Anthony Misiewicz,DH,0,0.0,0.0,0.0,
18186,James Naile,DH,0,0.0,0.0,0.0,
18297,Tyler Kinley,DH,0,0.0,0.0,0.0,
18300,Andrew Suárez,DH,0,0.0,0.0,0.0,
18325,Taylor Hearn,P,0,0.0,0.0,0.0,
18331,James Kaprielian,P,0,0.0,0.0,0.0,
18333,Alex Young,DH,0,0.0,0.0,0.0,
18335,Josh Staumont,DH,0,0.0,0.0,0.0,
18337,Nick Anderson,DH,0,0.0,0.0,0.0,
18356,Jaime Barria,DH,0,0.0,0.0,0.0,
18376,Connor Overton,DH,0,0.0,0.0,0.0,
18383,Michael Soroka,DH,0,0.0,0.0,0.0,
18403,Enyel De Los Santos,DH,0,0.0,0.0,0.0,
18413,José Urquidy,P,0,0.0,0.0,0.0,
18421,Tyler Cyr,DH,0,0.0,0.0,0.0,
18439,Danny Young,DH,0,0.0,0.0,0.0,
18454,Trevor Kelley,DH,0,0.0,0.0,0.0,
18498,Kenta Maeda,DH,0,0.0,0.0,0.0,Nick
18519,Phil Bickford,DH,0,0.0,0.0,0.0,
18525,Dylan Cease,P,0,0.0,0.0,0.0,Nick
18548,Sam Hentges,DH,0,0.0,0.0,0.0,
18592,Hector Perez,DH,0,0.0,0.0,0.0,
18615,Hobie Harris,DH,0,0.0,0.0,0.0,
18655,A.J. Minter,DH,0,0.0,0.0,0.0,Reuben
18674,Jake Woodford,DH,0,0.0,0.0,0.0,
18679,Freddy Peralta,DH,0,0.0,0.0,0.0,Jesse
18684,Sandy Alcantara,P,0,0.0,0.0,0.0,Nick
18694,Kolby Allard,DH,0,0.0,0.0,0.0,
18864,Pedro Avila,DH,0,0.0,0.0,0.0,
19159,Zack Burdi,DH,0,0.0,0.0,0.0,
19179,Kirby Snead,DH,0,0.0,0.0,0.0,
19200,José Quijada,DH,0,0.0,0.0,0.0,
19205,Jesse Scholtens,DH,0,0.0,0.0,0.0,
19206,Dakota Hudson,P,0,0.0,0.0,0.0,
19225,Mitch White,P,0,0.0,0.0,0.0,
19244,Cole Irvin,P,0,0.0,0.0,0.0,
19249,Seranthony Domínguez,DH,0,0.0,0.0,0.0,Reuben
19261,Ian Hamilton,DH,0,0.0,0.0,0.0,
19264,Thomas Hatch,DH,0,0.0,0.0,0.0,
19274,Jacob Webb,DH,0,0.0,0.0,0.0,
19291,Zac Gallen,P,0,0.0,0.0,0.0,Graham
19294,Nick Solak,OF,0,0.0,0.0,0.0,
19309,Trevor Richards,DH,0,0.0,0.0,0.0,
19312,Cal Quantrill,P,0,0.0,0.0,0.0,
19315,Matt Krook,DH,0,0.0,0.0,0.0,
19316,Eric Lauer,P,0,0.0,0.0,0.0,
19320,Joey Lucchesi,DH,0,0.0,0.0,0.0,
19330,Matt Festa,DH,0,0.0,0.0,0.0,
19337,Richard Lovelady,DH,0,0.0,0.0,0.0,
19343,A.J. Puk,DH,0,0.0,0.0,0.0,
19349,Caleb Ferguson,DH,0,0.0,0.0,0.0,
19350,Dean Kremer,P,0,0.0,0.0,0.0,
19360,Lucas Erceg,DH,0,0.0,0.0,0.0,
19361,Corbin Burnes,P,0,0.0,0.0,0.0,Sid
19362,Keegan Akin,DH,0,0.0,0.0,0.0,
19388,Tony Gonsolin,P,0,0.0,0.0,0.0,Benji
19403,Colin Poche,DH,0,0.0,0.0,0.0,
19407,Ronel Blanco,DH,0,0.0,0.0,0.0,
19409,Dane Dunning,P,0,0.0,0.0,0.0,
19427,Shane Bieber,P,0,0.0,0.0,0.0,Benji
19444,Yohan Ramirez,DH,0,0.0,0.0,0.0,
19447,Patrick Sandoval,P,0,0.0,0.0,0.0,Sid
19454,Michael Rucker,DH,0,0.0,0.0,0.0,
19459,Jorge Alcala,DH,0,0.0,0.0,0.0,
19479,Aaron Civale,P,0,0.0,0.0,0.0,
19482,Andrew Vasquez,DH,0,0.0,0.0,0.0,
19487,Devin Smeltzer,DH,0,0.0,0.0,0.0,
19493,Zach Jackson,DH,0,0.0,0.0,0.0,
19531,Jason Foley,DH,0,0.0,0.0,0.0,
19541,Jimmy Lambert,DH,0,0.0,0.0,0.0,
19545,Stephen Nogosek,DH,0,0.0,0.0,0.0,
19558,Geoff Hartlieb,DH,0,0.0,0.0,0.0,
19569,David Bednar,DH,0,0.0,0.0,0.0,Reuben
19574,JoJo Romero,DH,0,0.0,0.0,0.0,
19588,Guillermo Zuñiga,DH,0,0.0,0.0,0.0,
19614,Cionel Pérez,DH,0,0.0,0.0,0.0,
19618,Jordan Hicks,DH,0,0.0,0.0,0.0,Benji
19665,Kyle Wright,P,0,0.0,0.0,0.0,Benji
19677,Gregory Soto,DH,0,0.0,0.0,0.0,
19695,Connor Seabold,DH,0,0.0,0.0,0.0,
19716,Dustin May,DH,0,0.0,0.0,0.0,Jesse
19753,Jonathan Loáisiga,DH,0,0.0,0.0,0.0,Reuben
19754,Reiver Sanmartin,DH,0,0.0,0.0,0.0,
19769,Will Vest,DH,0,0.0,0.0,0.0,
19784,Justin Garza,DH,0,0.0,0.0,0.0,
19795,Keegan Thompson,P,0,0.0,0.0,0.0,
19800,Wil Crowe,DH,0,0.0,0.0,0.0,
19804,Bryan Baker,DH,0,0.0,0.0,0.0,
19805,Daniel Castano,DH,0,0.0,0.0,0.0,
19853,Michael King,DH,0,0.0,0.0,0.0,
19866,Brandon Bielak,DH,0,0.0,0.0,0.0,
19867,Griffin Canning,DH,0,0.0,0.0,0.0,
19868,Drew Carlton,DH,0,0.0,0.0,0.0,
19871,Tucker Davidson,DH,0,0.0,0.0,0.0,
19874,Alex Faedo,DH,0,0.0,0.0,0.0,
19876,Kevin Ginkel,DH,0,0.0,0.0,0.0,
19879,Tanner Houck,DH,0,0.0,0.0,0.0,
19883,Alex Lange,DH,0,0.0,0.0,0.0,
19891,Ryder Ryan,DH,0,0.0,0.0,0.0,
19899,Clarke Schmidt,DH,0,0.0,0.0,0.0,
19911,José Suarez,P,0,0.0,0.0,0.0,
19924,Bryan Hudson,DH,0,0.0,0.0,0.0,
19926,Tony Santillan,DH,0,0.0,0.0,0.0,
19932,Trevor Stephan,DH,0,0.0,0.0,0.0,
19959,Jesús Luzardo,P,0,0.0,0.0,0.0,Reuben
19962,Joey Wentz,DH,0,0.0,0.0,0.0,
19976,Tyson Miller,DH,0,0.0,0.0,0.0,
19979,Zach Plesac,P,0,0.0,0.0,0.0,
19990,Bryse Wilson,P,0,0.0,0.0,0.0,
19995,Joel Kuhnel,DH,0,0.0,0.0,0.0,
19996,Dylan Lee,DH,0,0.0,0.0,0.0,
20000,Tyler Wells,P,0,0.0,0.0,0.0,
20009,Kenny Rosenberg,DH,0,0.0,0.0,0.0,
20020,John Schreiber,DH,0,0.0,0.0,0.0,
20023,Rico Garcia,DH,0,0.0,0.0,0.0,
20038,Darren McCaughan,DH,0,0.0,0.0,0.0,
20039,Adrian Morejon,DH,0,0.0,0.0,0.0,Benji
20061,Kaleb Ort,DH,0,0.0,0.0,0.0,
20070,Bailey Falter,DH,0,0.0,0.0,0.0,
20080,Mauricio Llovera,DH,0,0.0,0.0,0.0,
20116,Calvin Faucher,DH,0,0.0,0.0,0.0,
20132,Adam Oller,DH,0,0.0,0.0,0.0,
20151,James Karinchak,DH,0,0.0,0.0,0.0,Reuben
20160,Nate Pearson,DH,0,0.0,0.0,0.0,
20167,Kyle Muller,DH,0,0.0,0.0,0.0,
20185,Zach Pop,DH,0,0.0,0.0,0.0,
20190,Chad Smith,DH,0,0.0,0.0,0.0,
20191,Garrett Whitlock,DH,0,0.0,0.0,0.0,Alden
20203,Eli Morgan,DH,0,0.0,0.0,0.0,
20206,Mike Baumann,DH,0,0.0,0.0,0.0,
20209,Zach Muckenhirn,DH,0,0.0,0.0,0.0,
20231,Zach Logue,DH,0,0.0,0.0,0.0,
20253,Griffin Jax,DH,0,0.0,0.0,0.0,
20271,Daysbel Hernández,DH,0,0.0,0.0,0.0,
20276,Deivi García,DH,0,0.0,0.0,0.0,
20277,Cory Abbott,DH,0,0.0,0.0,0.0,
20302,David Peterson,P,0,0.0,0.0,0.0,
20323,Erich Uelmen,DH,0,0.0,0.0,0.0,
20349,Zack Kelly,DH,0,0.0,0.0,0.0,
20353,Steven Wilson,DH,0,0.0,0.0,0.0,
20367,Brusdar Graterol,DH,0,0.0,0.0,0.0,
20369,Matt Manning,DH,0,0.0,0.0,0.0,
20370,Bruce Zimmermann,DH,0,0.0,0.0,0.0,
20373,Andrés Muñoz,DH,0,0.0,0.0,0.0,Jesse
20375,Greg Weissert,DH,0,0.0,0.0,0.0,
20387,Anthony Kay,DH,0,0.0,0.0,0.0,
20418,Josh Fleming,DH,0,0.0,0.0,0.0,
20422,Jovani Moran,DH,0,0.0,0.0,0.0,
20423,Ryan Walker,DH,0,0.0,0.0,0.0,
20476,Peter Solomon,DH,0,0.0,0.0,0.0,
20491,J.B. Bukauskas,DH,0,0.0,0.0,0.0,
20494,Braden Bristo,DH,0,0.0,0.0,0.0,
20515,Kyle Nelson,DH,0,0.0,0.0,0.0,
20517,Nick Sandlin,DH,0,0.0,0.0,0.0,
20526,Denyi Reyes,DH,0,0.0,0.0,0.0,
20531,Kutter Crawford,DH,0,0.0,0.0,0.0,
20539,Edwin Uceta,DH,0,0.0,0.0,0.0,
20546,Grant Anderson,DH,0,0.0,0.0,0.0,
20548,Bowden Francis,DH,0,0.0,0.0,0.0,
20617,J.C. Mejía,DH,0,0.0,0.0,0.0,
20633,Yusei Kikuchi,P,0,0.0,0.0,0.0,
20643,Johan Quezada,DH,0,0.0,0.0,0.0,
20666,Félix Bautista,DH,0,0.0,0.0,0.0,Jesse
20778,Cristopher Sánchez,DH,0,0.0,0.0,0.0,
20962,Elvin Rodriguez,DH,0,0.0,0.0,0.0,
20997,Eduard Bazardo,DH,0,0.0,0.0,0.0,
21018,Francisco Pérez,DH,0,0.0,0.0,0.0,
21023,Adrián Martínez,DH,0,0.0,0.0,0.0,
21025,Oliver Ortega,DH,0,0.0,0.0,0.0,
21029,Jhoan Duran,DH,0,0.0,0.0,0.0,Jesse
21032,Emmanuel Clase,DH,0,0.0,0.0,0.0,Benji
21045,Seth Martinez,DH,0,0.0,0.0,0.0,
21093,Nick Vespi,DH,0,0.0,0.0,0.0,
21101,Dauri Moreta,DH,0,0.0,0.0,0.0,
21132,Alexis Díaz,DH,0,0.0,0.0,0.0,Benji
21163,Angel Felipe,DH,0,0.0,0.0,0.0,
21170,Dany Jiménez,DH,0,0.0,0.0,0.0,
21189,Brooks Kriske,DH,0,0.0,0.0,0.0,
21205,Connor Brogdon,DH,0,0.0,0.0,0.0,
21212,J.P. France,DH,0,0.0,0.0,0.0,
21224,Bailey Ober,DH,0,0.0,0.0,0.0,
21238,Allan Winans,DH,0,0.0,0.0,0.0,
21267,Jake Bird,DH,0,0.0,0.0,0.0,
21281,Tommy Doyle,DH,0,0.0,0.0,0.0,
21298,Andre Jackson,DH,0,0.0,0.0,0.0,
21318,Tylor Megill,DH,0,0.0,0.0,0.0,
21324,Parker Mushinski,DH,0,0.0,0.0,0.0,
21327,Nicholas Padilla,DH,0,0.0,0.0,0.0,
21345,Bennett Sousa,DH,0,0.0,0.0,0.0,
21366,Glenn Otto,P,0,0.0,0.0,0.0,
21367,Peter Strzelecki,DH,0,0.0,0.0,0.0,
21390,Joe Ryan,P,0,0.0,0.0,0.0,Nick
21420,Yerry De Los Santos,DH,0,0.0,0.0,0.0,
21446,Ryan Feltner,P,0,0.0,0.0,0.0,
21453,Konnor Pilkington,DH,0,0.0,0.0,0.0,
21455,Kris Bubic,P,0,0.0,0.0,0.0,
21461,Cole Sands,DH,0,0.0,0.0,0.0,
21481,Sean Hjelle,DH,0,0.0,0.0,0.0,
21483,Shane McClanahan,P,0,0.0,0.0,0.0,Reuben
21504,Jake Irvin,DH,0,0.0,0.0,0.0,
21513,Thaddeus Ward,DH,0,0.0,0.0,0.0,
21520,Hogan Harris,DH,0,0.0,0.0,0.0,
21527,James McArthur,DH,0,0.0,0.0,0.0,
21537,Daniel Lynch IV,P,0,0.0,0.0,0.0,
21541,Reiss Knehr,DH,0,0.0,0.0,0.0,
21549,Jackson Kowar,DH,0,0.0,0.0,0.0,
21584,Tristan Beck,DH,0,0.0,0.0,0.0,
21620,Jake Cousins,DH,0,0.0,0.0,0.0,
21649,Luis Medina,DH,0,0.0,0.0,0.0,
21652,Elvis Peguero,DH,0,0.0,0.0,0.0,
21690,Edward Cabrera,DH,0,0.0,0.0,0.0,
21741,Javier Assad,DH,0,0.0,0.0,0.0,
21844,Braxton Garrett,DH,0,0.0,0.0,0.0,
21846,Cole Ragans,DH,0,0.0,0.0,0.0,
21850,Mason Thompson,DH,0,0.0,0.0,0.0,
21858,Riley Pint,DH,0,0.0,0.0,0.0,
21859,Alex Speas,DH,0,0.0,0.0,0.0,
21863,George Soriano,DH,0,0.0,0.0,0.0,
21866,Jordan Balazovic,DH,0,0.0,0.0,0.0,
21894,Gregory Santos,DH,0,0.0,0.0,0.0,
21955,Yerry Rodríguez,DH,0,0.0,0.0,0.0,
21956,Max Castillo,DH,0,0.0,0.0,0.0,
21992,Camilo Doval,DH,0,0.0,0.0,0.0,Sid
21997,Luis Frías,DH,0,0.0,0.0,0.0,
22051,John King,DH,0,0.0,0.0,0.0,
22100,José Soriano,DH,0,0.0,0.0,0.0,
22116,Hagen Danner,DH,0,0.0,0.0,0.0,
22176,Easton McGee,DH,0,0.0,0.0,0.0,
22182,Hunter Greene,P,0,0.0,0.0,0.0,Sid
22201,MacKenzie Gore,DH,0,0.0,0.0,0.0,Nick
22207,DL Hall,DH,0,0.0,0.0,0.0,
22210,Jeremiah Estrada,DH,0,0.0,0.0,0.0,
22224,Jonathan Heasley,P,0,0.0,0.0,0.0,
22250,Logan Gilbert,P,0,0.0,0.0,0.0,Graham
22267,Tarik Skubal,P,0,0.0,0.0,0.0,
22273,Owen White,DH,0,0.0,0.0,0.0,
22276,Dylan Coleman,DH,0,0.0,0.0,0.0,
22286,Trevor Rogers,P,0,0.0,0.0,0.0,Nick
22288,Mason Englert,DH,0,0.0,0.0,0.0,
22294,Matthew Liberatore,DH,0,0.0,0.0,0.0,
22296,Joe Barlow,DH,0,0.0,0.0,0.0,
22318,Jose Hernandez,DH,0,0.0,0.0,0.0,
22361,Colin Holderman,DH,0,0.0,0.0,0.0,
22387,Josh Winckowski,DH,0,0.0,0.0,0.0,
22461,Logan Gillaspie,DH,0,0.0,0.0,0.0,
22487,Johan Oviedo,DH,0,0.0,0.0,0.0,
22543,Taj Bradley,DH,0,0.0,0.0,0.0,
22713,Carlos Hernández,DH,0,0.0,0.0,0.0,
22717,Angel Zerpa,DH,0,0.0,0.0,0.0,
22810,Roansy Contreras,P,0,0.0,0.0,0.0,Sid
22815,Luis Patiño,DH,0,0.0,0.0,0.0,
22828,Juan Then,DH,0,0.0,0.0,0.0,
22915,Carlos Vargas,DH,0,0.0,0.0,0.0,
22925,Joan Adon,DH,0,0.0,0.0,0.0,
22932,Prelander Berroa,DH,0,0.0,0.0,0.0,
22982,José Lopez,DH,0,0.0,0.0,0.0,
23095,Jake Wong,DH,0,0.0,0.0,0.0,
23135,Eduardo Salazar,DH,0,0.0,0.0,0.0,
23150,Osvaldo Bido,DH,0,0.0,0.0,0.0,
23165,Steven Cruz,DH,0,0.0,0.0,0.0,
23221,Michael Grove,DH,0,0.0,0.0,0.0,
23252,Spencer Howard,DH,0,0.0,0.0,0.0,
23265,Cody Bolton,DH,0,0.0,0.0,0.0,
23292,Packy Naughton,DH,0,0.0,0.0,0.0,
23301,Janson Junk,DH,0,0.0,0.0,0.0,
23307,Collin Snider,DH,0,0.0,0.0,0.0,
23313,José Butto,DH,0,0.0,0.0,0.0,
23324,Freddy Tarnok,DH,0,0.0,0.0,0.0,
23363,Robert Garcia,DH,0,0.0,0.0,0.0,
23429,JP Sears,DH,0,0.0,0.0,0.0,
23443,Tom Cosgrove,DH,0,0.0,0.0,0.0,
23449,Ricky Karcher,DH,0,0.0,0.0,0.0,
23460,Brandon Hughes,DH,0,0.0,0.0,0.0,
23488,Ron Marinaccio,DH,0,0.0,0.0,0.0,
23499,Keaton Winn,DH,0,0.0,0.0,0.0,
23617,Josh Walker,DH,0,0.0,0.0,0.0,
23631,Clayton Andrews,DH,0,0.0,0.0,0.0,
23735,Luis Garcia,P,0,0.0,0.0,0.0,Nick
23779,Justin Bruihl,DH,0,0.0,0.0,0.0,
23796,Ryan Weathers,DH,0,0.0,0.0,0.0,
23809,Ray Kerr,DH,0,0.0,0.0,0.0,
23920,Brayan Bello,DH,0,0.0,0.0,0.0,Benji
24017,Jose A. Ferrer,DH,0,0.0,0.0,0.0,
24363,Edgar Navarro,DH,0,0.0,0.0,0.0,
24453,Justin Martinez,DH,0,0.0,0.0,0.0,
24492,Grayson Rodriguez,DH,0,0.0,0.0,0.0,
24494,Simeon Woods Richardson,DH,0,0.0,0.0,0.0,
24580,Josiah Gray,P,0,0.0,0.0,0.0,
24581,Lyon Richardson,DH,0,0.0,0.0,0.0,
24586,Kyle Bradish,P,0,0.0,0.0,0.0,
24602,Drew Rom,DH,0,0.0,0.0,0.0,
24604,Austin Cox,DH,0,0.0,0.0,0.0,
24606,Josh Winder,DH,0,0.0,0.0,0.0,
24719,Randy Vásquez,DH,0,0.0,0.0,0.0,
24737,Gus Varland,DH,0,0.0,0.0,0.0,
24763,Kyle Leahy,DH,0,0.0,0.0,0.0,
24933,Andrew Wantz,DH,0,0.0,0.0,0.0,
24935,Chris Vallimont,DH,0,0.0,0.0,0.0,
24937,Austin Warren,DH,0,0.0,0.0,0.0,
24968,Reese Olson,DH,0,0.0,0.0,0.0,
24975,Cooper Criswell,DH,0,0.0,0.0,0.0,
24977,Shawn Dubin,DH,0,0.0,0.0,0.0,
24986,Colin Selby,DH,0,0.0,0.0,0.0,
24993,Kody Funderburk,DH,0,0.0,0.0,0.0,
25007,Alex Vesia,DH,0,0.0,0.0,0.0,
25071,Lane Ramsey,DH,0,0.0,0.0,0.0,
25097,Garrett Hill,DH,0,0.0,0.0,0.0,
25098,Jacob Lopez,DH,0,0.0,0.0,0.0,
25139,Tim Herrin,DH,0,0.0,0.0,0.0,
25174,Penn Murfee,DH,0,0.0,0.0,0.0,
25178,Joe Jacques,DH,0,0.0,0.0,0.0,
25327,Abner Uribe,DH,0,0.0,0.0,0.0,
25348,Devin Sweet,DH,0,0.0,0.0,0.0,
25376,Nick Mears,DH,0,0.0,0.0,0.0,
25377,Brady Singer,P,0,0.0,0.0,0.0,Alden
25379,Sam Long,DH,0,0.0,0.0,0.0,
25385,Drew Rasmussen,P,0,0.0,0.0,0.0,Graham
25386,Jhony Brito,DH,0,0.0,0.0,0.0,
25388,Cody Morris,DH,0,0.0,0.0,0.0,
25416,Blair Calvo,DH,0,0.0,0.0,0.0,
25427,Gavin Hollowell,DH,0,0.0,0.0,0.0,
25436,George Kirby,P,0,0.0,0.0,0.0,Graham
25463,Brandon Williamson,DH,0,0.0,0.0,0.0,
25481,Joe La Sorsa,DH,0,0.0,0.0,0.0,
25550,Matt Waldron,DH,0,0.0,0.0,0.0,
25551,Isaiah Campbell,DH,0,0.0,0.0,0.0,
25589,Sammy Peralta,DH,0,0.0,0.0,0.0,
25595,Xzavion Curry,DH,0,0.0,0.0,0.0,
25636,Hunter Gaddis,DH,0,0.0,0.0,0.0,
25645,Declan Cronin,DH,0,0.0,0.0,0.0,
25650,Levi Stoudt,DH,0,0.0,0.0,0.0,
25651,Ty Adcock,DH,0,0.0,0.0,0.0,
25663,McKinley Moore,DH,0,0.0,0.0,0.0,
25665,Cole Waites,DH,0,0.0,0.0,0.0,
25679,Kevin Kelly,DH,0,0.0,0.0,0.0,
25756,Matt Brash,DH,0,0.0,0.0,0.0,
25777,Peyton Battenfield,DH,0,0.0,0.0,0.0,
25804,Randy Wynne,DH,0,0.0,0.0,0.0,
25830,Jeff Lindgren,DH,0,0.0,0.0,0.0,
25862,Noah Davis,DH,0,0.0,0.0,0.0,
25880,Hunter Brown,DH,0,0.0,0.0,0.0,Jesse
25911,Yennier Cano,DH,0,0.0,0.0,0.0,
25918,Zack Thompson,DH,0,0.0,0.0,0.0,
25921,Casey Legumina,DH,0,0.0,0.0,0.0,
25928,Darius Vines,DH,0,0.0,0.0,0.0,
25942,Andrew Nardi,DH,0,0.0,0.0,0.0,
25977,Quinn Priester,DH,0,0.0,0.0,0.0,
26024,Brendan White,DH,0,0.0,0.0,0.0,
26056,Brandon Walter,DH,0,0.0,0.0,0.0,
26068,Kolton Ingram,DH,0,0.0,0.0,0.0,
26079,Beau Brieske,DH,0,0.0,0.0,0.0,
26108,Andre Pallante,P,0,0.0,0.0,0.0,
26128,Amos Willingham,DH,0,0.0,0.0,0.0,
26213,Caleb Kilian,DH,0,0.0,0.0,0.0,
26214,Chris Murphy,DH,0,0.0,0.0,0.0,
26221,Ryan Pepiot,DH,0,0.0,0.0,0.0,
26226,Nick Robertson,DH,0,0.0,0.0,0.0,
26231,Tyler Holton,DH,0,0.0,0.0,0.0,
26253,Ryne Nelson,DH,0,0.0,0.0,0.0,
26260,Drey Jameson,DH,0,0.0,0.0,0.0,
26285,Tommy Henry,DH,0,0.0,0.0,0.0,
26304,Bryan Hoeing,DH,0,0.0,0.0,0.0,
26364,Ethan Small,DH,0,0.0,0.0,0.0,
26378,Nick Lodolo,P,0,0.0,0.0,0.0,Sid
26410,Alek Manoah,P,0,0.0,0.0,0.0,Nick
27451,Alec Marsh,DH,0,0.0,0.0,0.0,
27463,Garrett Crochet,DH,0,0.0,0.0,0.0,
27468,Reid Detmers,P,0,0.0,0.0,0.0,Graham
27470,Emerson Hancock,DH,0,0.0,0.0,0.0,
27472,Jared Shuster,DH,0,0.0,0.0,0.0,
27477,Bryce Jarvis,DH,0,0.0,0.0,0.0,
27483,Bobby Miller,DH,0,0.0,0.0,0.0,
27488,Karl Kauffmann,DH,0,0.0,0.0,0.0,
27498,Spencer Strider,P,0,0.0,0.0,0.0,Nick
27500,Slade Cecconi,DH,0,0.0,0.0,0.0,
27552,Graham Ashcraft,P,0,0.0,0.0,0.0,
27572,Carmen Mlodzinski,DH,0,0.0,0.0,0.0,
27581,Hayden Wesneski,DH,0,0.0,0.0,0.0,
27583,Garrett Acton,DH,0,0.0,0.0,0.0,
27589,Logan Allen,DH,0,0.0,0.0,0.0,
27597,Cody Bradford,DH,0,0.0,0.0,0.0,
27646,Luis L. Ortiz,DH,0,0.0,0.0,0.0,
27681,Ken Waldichuk,DH,0,0.0,0.0,0.0,
27691,Louie Varland,DH,0,0.0,0.0,0.0,
27702,Brent Headrick,DH,0,0.0,0.0,0.0,
27758,Kyle Harrison,DH,0,0.0,0.0,0.0,
27768,Eury Pérez,DH,0,0.0,0.0,0.0,
27779,Bryce Elder,DH,0,0.0,0.0,0.0,
27782,Brandon Pfaadt,DH,0,0.0,0.0,0.0,
27792,Gavin Stone,DH,0,0.0,0.0,0.0,
27914,Daniel Palencia,DH,0,0.0,0.0,0.0,
27942,John McMillon,DH,0,0.0,0.0,0.0,
29628,Alek Jacob,DH,0,0.0,0.0,0.0,
29754,Sam Bachman,DH,0,0.0,0.0,0.0,
29832,Jackson Wolf,DH,0,0.0,0.0,0.0,
29837,Bryce Miller,DH,0,0.0,0.0,0.0,
29839,Emmet Sheehan,DH,0,0.0,0.0,0.0,
29911,Andrew Abbott,DH,0,0.0,0.0,0.0,
29928,Dylan Dodd,DH,0,0.0,0.0,0.0,
29946,Grant Hartwig,DH,0,0.0,0.0,0.0,
29960,AJ Smith-Shawver,DH,0,0.0,0.0,0.0,
30008,Evan Justice,DH,0,0.0,0.0,0.0,
30074,Chase Silseth,DH,0,0.0,0.0,0.0,
30094,Jordan Wicks,DH,0,0.0,0.0,0.0,
30115,Robert Suarez,DH,0,0.0,0.0,0.0,
30122,Gavin Williams,DH,0,0.0,0.0,0.0,
30134,Tanner Bibee,DH,0,0.0,0.0,0.0,
30279,Bryan Woo,DH,0,0.0,0.0,0.0,
31461,Ben Joyce,DH,0,0.0,0.0,0.0,
31533,Victor Mederos,DH,0,0.0,0.0,0.0,
31757,Mason Miller,DH,0,0.0,0.0,0.0,
31838,Kodai Senga,DH,0,0.0,0.0,0.0,Alden
31839,Shintaro Fujinami,DH,0,0.0,0.0,0.0,
2829,Manny Piña,DH,12,-0.0001245861446647,-0.0,-0.1,
22557,Michael Siani,DH,1,-0.0022595262111958,-1.6,-0.1,
22277,Nick Allen,2B,245,-0.0030214818001315,-0.0,-1.8,
22277,Nick Allen,SS,245,-0.0030214818001315,-0.0,-1.8,
15518,Amed Rosario,SS,492,-0.0041821268655461,-0.0,-2.2,Sid
17696,Kevin Newman,2B,253,-0.0041837269304269,-0.0,-1.3,
17696,Kevin Newman,SS,253,-0.0041837269304269,-0.0,-1.3,
13133,Derek Law,DH,0,-0.0107914628835604,-inf,0.0,
21746,José Fermín,DH,29,-0.0121734473088969,-0.3,-0.4,
25569,Jake Alu,DH,94,-0.0135966965682221,-0.1,-0.6,
22505,Buddy Kennedy,2B,29,-0.0140202386856816,-0.3,-0.2,
20017,Miles Mastrobuoni,DH,114,-0.0153275286131103,-0.1,-0.3,
4106,Michael Brantley,OF,8,-0.0185988520398163,-1.6,-0.1,
14735,Brett Phillips,OF,16,-0.0186431692170667,-0.8,-0.1,
25643,Drew Millas,DH,1,-0.0231314753373637,-16.2,-0.0,
19906,Diego Castillo,2B,1,-0.0231573523799821,-16.2,-0.0,
19906,Diego Castillo,OF,1,-0.0231573523799821,-16.2,-0.0,
19906,Diego Castillo,SS,1,-0.0231573523799821,-16.2,-0.0,
19562,Zack Short,DH,211,-0.0248978373847194,-0.1,-1.2,
17838,Willie Calhoun,DH,149,-0.0278044166137726,-0.1,-0.5,
15271,Austin Wynns,C,104,-0.0283940669693679,-0.2,-1.3,
21560,Alfonso Rivas,1B,84,-0.0291333514067018,-0.2,-0.3,
13329,Jake Lamb,DH,54,-0.0302718328487786,-0.4,-0.4,
14274,Mitch Haniger,OF,169,-0.031356594585059,-0.1,-0.6,
19977,Tres Barrera,C,2,-0.038368494239428,-13.4,-0.1,
19245,Chris Okey,DH,2,-0.0392708170563914,-13.7,-0.1,
26517,Noelvi Marte,DH,39,-0.0396652166949896,-0.7,-0.2,
18821,José Azocar,OF,64,-0.040990392761879,-0.4,-0.1,
18872,Jahmai Jones,DH,11,-0.0416096689030001,-2.6,-0.0,
22471,Livan Soto,SS,12,-0.0448559677122146,-2.6,-0.0,
21535,Connor Kaiser,DH,4,-0.0496316806113135,-8.7,-0.1,
25493,Joey Ortiz,DH,34,-0.0536662228060767,-1.1,-0.4,
22515,Heliot Ramos,DH,52,-0.0537870766416228,-0.7,-0.3,
22209,Sam Huff,C,40,-0.0564188653422834,-1.0,-0.2,
18063,Kyle Garlick,OF,30,-0.0589267238643446,-1.4,-0.2,
16622,Luis Urías,2B,134,-0.0598601359035667,-0.3,-0.9,Graham
16622,Luis Urías,3B,134,-0.0598601359035667,-0.3,-0.9,Graham
16622,Luis Urías,SS,134,-0.0598601359035667,-0.3,-0.9,Graham
19960,Taylor Trammell,OF,56,-0.0605234636358447,-0.8,-0.3,
17109,Meibrys Viloria,C,4,-0.0674432452302861,-11.8,-0.1,
19842,Caleb Hamilton,DH,6,-0.0691246950152996,-8.1,-0.1,
22232,Mason McCoy,DH,1,-0.069619523392353,-48.7,-0.0,
15905,Luis Torrens,C,22,-0.0705219849855555,-2.2,-0.1,
19966,Bobby Dalbec,1B,14,-0.0726242344434428,-3.6,-0.1,
19966,Bobby Dalbec,3B,14,-0.0726242344434428,-3.6,-0.1,
13788,Matt Reynolds,2B,5,-0.0730553095016113,-10.2,-0.0,
13788,Matt Reynolds,SS,5,-0.0730553095016113,-10.2,-0.0,
20805,Carlos Pérez,DH,30,-0.0730662604629819,-1.7,-0.3,
9929,Darin Ruf,1B,57,-0.078368168092976,-1.0,-0.3,
9929,Darin Ruf,OF,57,-0.078368168092976,-1.0,-0.3,
22169,Cal Mitchell,OF,5,-0.0820761751712415,-11.5,-0.1,
18054,Sam Haggerty,OF,62,-0.0820900119530169,-0.9,-0.1,
24729,Logan O'Hoppe,DH,98,-0.0829228742230389,-0.6,-0.5,
27604,Alika Williams,DH,88,-0.0878768406395291,-0.7,-0.6,
14196,Andrew Velazquez,SS,94,-0.0914016797567019,-0.7,-0.3,
12160,Ben Gamel,OF,15,-0.0951042296799732,-4.4,-0.2,
22411,Cal Stevenson,OF,12,-0.1009415096684382,-5.9,-0.2,
13836,Matt Duffy,1B,185,-0.1019891373224521,-0.4,-1.2,
13836,Matt Duffy,3B,185,-0.1019891373224521,-0.4,-1.2,
17992,David Fletcher,2B,49,-0.102068412757824,-1.5,-0.5,
17992,David Fletcher,SS,49,-0.102068412757824,-1.5,-0.5,
16451,Luis Guillorme,2B,114,-0.1028935829489329,-0.6,-0.5,
16451,Luis Guillorme,3B,114,-0.1028935829489329,-0.6,-0.5,
22117,Nick Pratto,1B,299,-0.106057930040644,-0.2,-1.2,
14567,Franchy Cordero,1B,71,-0.1079241320053004,-1.1,-0.3,
14567,Franchy Cordero,OF,71,-0.1079241320053004,-1.1,-0.3,
12775,Brad Miller,3B,67,-0.1141157081488999,-1.2,-0.3,
12775,Brad Miller,OF,67,-0.1141157081488999,-1.2,-0.3,
4949,Giancarlo Stanton,OF,339,-0.1167181195681876,-0.2,-1.6,Nick
16680,Brian O'Keefe,DH,15,-0.1172826059539407,-5.5,-0.2,
19432,Yonny Hernández,DH,27,-0.1196636864527783,-3.1,-0.3,
17710,Matt Beaty,DH,64,-0.1214434723459527,-1.3,-0.3,
30011,Christian Encarnacion-Strand,DH,152,-0.1255331100717799,-0.6,-0.7,
23691,José Tena,DH,9,-0.1271192546897899,-9.9,-0.1,
11481,Henry Ramos,DH,86,-0.1418607335124701,-1.2,-0.6,
15878,Miguel Andujar,OF,33,-0.1453132552849105,-3.1,-0.2,
19768,Rylan Bannon,DH,6,-0.1454444785840994,-17.0,-0.2,
25867,Ryan Kreidler,3B,18,-0.1466529214524682,-5.7,-0.3,
19346,Eli White,OF,17,-0.1488830179297028,-6.1,-0.2,
16593,Kevin Padlo,DH,8,-0.1509878737236873,-13.2,-0.1,
25817,Braden Shewmake,DH,4,-0.1538283994657238,-26.9,-0.1,
15672,Austin Meadows,OF,21,-0.1543060250349413,-5.1,-0.2,
19878,Adam Haseley,DH,39,-0.1547251272482137,-2.8,-0.3,
15194,Jake Bauers,DH,240,-0.1581589828233111,-0.5,-1.3,
19212,Taylor Kohlwey,DH,13,-0.1586551318819919,-8.5,-0.2,
12371,Tommy La Stella,DH,24,-0.1591430354329797,-4.6,-0.3,
2900,Roberto Pérez,C,17,-0.1600983886803738,-6.6,-0.2,
13265,Mike Zunino,C,140,-0.1611270626523629,-0.8,-1.3,Reuben
21562,Romy Gonzalez,2B,97,-0.1632542257619062,-1.2,-0.2,
14950,Johan Camargo,3B,20,-0.1646833594597849,-5.8,-0.2,
14950,Johan Camargo,SS,20,-0.1646833594597849,-5.8,-0.2,
16953,Chadwick Tromp,DH,16,-0.1648026466325486,-7.2,-0.3,
5254,Robbie Grossman,OF,344,-0.165930175860047,-0.3,-1.1,
22261,Bubba Thompson,OF,60,-0.1681776692634389,-2.0,-0.4,
25459,Peyton Burdick,OF,37,-0.1684469236672626,-3.2,-0.2,
26438,Dominic Canzone,DH,123,-0.1785824188785891,-1.0,-0.6,
24782,David Villar,3B,140,-0.1824693100963188,-0.9,-1.1,
24451,J.P. Martínez,DH,40,-0.183919989940273,-3.2,-0.3,
15214,Brandon Dixon,DH,86,-0.1870933874544286,-1.5,-0.6,
2434,Nelson Cruz,DH,152,-0.1899780749740322,-0.9,-0.6,
12510,Curt Casali,C,96,-0.1936182096236901,-1.4,-0.9,
15653,Dominic Smith,1B,497,-0.1939762402607704,-0.3,-2.9,
17737,Josh Lester,DH,23,-0.203390151239268,-6.2,-0.4,
13744,David Dahl,DH,9,-0.2073164685708632,-16.1,-0.1,
18067,Garrett Stubbs,C,99,-0.2075770575611139,-1.5,-0.6,
19931,Luke Williams,2B,11,-0.2080817885191279,-13.2,-0.2,
19931,Luke Williams,3B,11,-0.2080817885191279,-13.2,-0.2,
19931,Luke Williams,OF,11,-0.2080817885191279,-13.2,-0.2,
20536,Vidal Bruján,2B,71,-0.211084673304916,-2.1,-0.7,
20536,Vidal Bruján,OF,71,-0.211084673304916,-2.1,-0.7,
21587,César Salazar,DH,19,-0.2146241561108038,-7.9,-0.4,
11265,Jonathan Schoop,2B,151,-0.2183026383364122,-1.0,-1.1,
20056,Alan Trejo,2B,188,-0.2222016867057442,-0.8,-1.3,
20056,Alan Trejo,SS,188,-0.2222016867057442,-0.8,-1.3,
21716,Enmanuel Valdez,DH,101,-0.2284689225610045,-1.6,-0.4,
13620,Carson Kelly,C,110,-0.2291939404515801,-1.5,-0.9,
15082,Adam Engel,OF,6,-0.2293790030900212,-26.8,-0.3,
16686,Jason Vosler,3B,65,-0.2311481563561075,-2.5,-0.5,
18217,Brett Sullivan,DH,49,-0.2319245594089904,-3.3,-0.5,
8418,Ehire Adrianza,3B,11,-0.2359733687094965,-15.0,-0.3,
21078,Trey Cabbage,DH,41,-0.239005481227832,-4.1,-0.6,
13324,Ildemaro Vargas,3B,218,-0.2398930621247269,-0.8,-1.7,
13324,Ildemaro Vargas,SS,218,-0.2398930621247269,-0.8,-1.7,
27531,David Hamilton,DH,39,-0.2420120574654377,-4.3,-0.5,
5452,Ji Man Choi,1B,92,-0.2519705201886983,-1.9,-0.4,
13853,Joey Wendle,2B,275,-0.2541665632173464,-0.6,-2.1,
13853,Joey Wendle,3B,275,-0.2541665632173464,-0.6,-2.1,
13853,Joey Wendle,SS,275,-0.2541665632173464,-0.6,-2.1,
20404,Jared Young,DH,39,-0.2581927437514032,-4.6,-0.2,
25543,Korey Lee,DH,19,-0.2631744956243937,-9.7,-0.3,
11902,Hanser Alberto,2B,90,-0.2670211471541737,-2.1,-0.7,
11902,Hanser Alberto,3B,90,-0.2670211471541737,-2.1,-0.7,
24400,Terrin Vavra,DH,56,-0.2694848501042609,-3.4,-0.4,
20054,Bligh Madris,OF,30,-0.2719067285640358,-6.3,-0.3,
10030,Chris Owings,DH,25,-0.2742675953939132,-7.7,-0.4,
5486,Abraham Almonte,DH,16,-0.2747203843292999,-12.0,-0.3,
15117,Hunter Dozier,1B,91,-0.2758966593028068,-2.1,-0.6,
15117,Hunter Dozier,3B,91,-0.2758966593028068,-2.1,-0.6,
15117,Hunter Dozier,OF,91,-0.2758966593028068,-2.1,-0.6,
24703,Jonah Bride,2B,100,-0.2788232667842665,-2.0,-1.2,
24703,Jonah Bride,3B,100,-0.2788232667842665,-2.0,-1.2,
18316,Edwin Ríos,DH,34,-0.2844707374599287,-5.9,-0.4,
13723,Jacob Stallings,C,210,-0.2890955819677602,-1.0,-2.4,Alden
16403,Francisco Mejía,C,160,-0.2947440441537771,-1.3,-1.0,
20391,Luis García,2B,407,-0.3011055556045379,-0.5,-3.0,
20391,Luis García,SS,407,-0.3011055556045379,-0.5,-3.0,
19198,Yuli Gurriel,1B,296,-0.3020337134594098,-0.7,-1.4,
19957,Blake Rutherford,DH,34,-0.3048886678523562,-6.3,-0.6,
11342,Jesús Aguilar,1B,115,-0.3084518292738882,-1.9,-0.9,
9241,Starling Marte,OF,341,-0.3099012822155437,-0.6,-1.0,Benji
22896,Lenyn Sosa,DH,115,-0.3101658764162576,-1.9,-1.1,
13338,Omar Narváez,C,104,-0.3188281655488302,-2.1,-0.9,Reuben
15794,Yonathan Daza,OF,80,-0.3247610140946028,-2.8,-0.7,
19422,Brian Serven,C,23,-0.3271814656228153,-10.0,-0.5,
23378,Jose Barrero,SS,149,-0.3287174884245565,-1.5,-0.9,
27479,Masyn Winn,DH,41,-0.3328160060839405,-5.7,-0.6,
19698,Edward Olivares,OF,308,-0.3339031369203319,-0.8,-1.3,
21497,Luken Baker,DH,41,-0.3347181281741668,-5.7,-0.4,
18400,Juan Yepez,OF,46,-0.3399406050255641,-5.2,-0.5,
12399,Taylor Motter,DH,82,-0.3403778383087864,-2.9,-0.9,
23695,Everson Pereira,DH,39,-0.343677437302682,-6.2,-0.5,
19458,Cooper Hummel,C,26,-0.3484438246803728,-9.4,-0.4,
19458,Cooper Hummel,OF,26,-0.3484438246803728,-9.4,-0.4,
26123,Brett Baty,3B,311,-0.3511689136620782,-0.8,-1.9,
15983,Clint Frazier,DH,76,-0.35171368526472,-3.2,-0.6,
5760,Avisaíl García,OF,118,-0.3650074707292354,-2.2,-1.0,
19997,Santiago Espinal,2B,211,-0.3686003745996045,-1.2,-1.3,
17907,Brendan Rodgers,2B,84,-0.3716879849668364,-3.1,-0.8,Benji
17988,Tyler Stephenson,C,443,-0.3735930306470578,-0.6,-2.8,
21547,Coco Montes,DH,41,-0.3832567365328817,-6.5,-0.5,
16434,Christian Arroyo,2B,206,-0.3833895740375886,-1.3,-1.9,
16434,Christian Arroyo,OF,206,-0.3833895740375886,-1.3,-1.9,
12546,C.J. Cron,1B,274,-0.3940758634179601,-1.0,-2.3,Benji
26319,Michael Busch,DH,77,-0.3953580902575778,-3.6,-0.5,
23788,Jordyn Adams,DH,14,-0.3959886586970742,-19.8,-0.3,
19901,Gavin Sheets,OF,264,-0.3966936720352888,-1.1,-1.5,
20275,Jonathan Araúz,DH,63,-0.39852254251877,-4.4,-0.8,
10441,Jon Singleton,DH,93,-0.3987819868525857,-3.0,-0.8,
3516,Eric Hosmer,1B,100,-0.4024063866888037,-2.8,-0.9,
19818,Joshua Palacios,OF,196,-0.4029063695257787,-1.4,-1.5,
29591,Colton Cowser,DH,77,-0.4090046347302044,-3.7,-0.6,
18171,Seth Brown,1B,307,-0.4164139654007895,-0.9,-1.8,
18171,Seth Brown,OF,307,-0.4164139654007895,-0.9,-1.8,
17922,Isan Díaz,DH,26,-0.4185683304252164,-11.3,-0.6,
7304,Salvador Perez,C,494,-0.419958473727949,-0.6,-3.0,Nick
5273,Sandy León,C,44,-0.4200948295804103,-6.7,-0.7,
20242,Kevin Smith,3B,102,-0.4232514921654374,-2.9,-0.8,
16337,Nick Gordon,2B,93,-0.4277073085695212,-3.2,-0.9,
16337,Nick Gordon,OF,93,-0.4277073085695212,-3.2,-0.9,
14811,Luke Voit,1B,74,-0.4297406761706419,-4.1,-0.7,
12180,Jorge Alfaro,C,52,-0.4323272040470365,-5.8,-0.8,
26151,Kyle Stowers,OF,33,-0.4403814999221351,-9.3,-0.7,
8090,Matt Carpenter,OF,221,-0.4425515494815981,-1.4,-1.1,
27475,Jordan Walker,DH,352,-0.4444550715109623,-0.9,-0.9,
16947,Derek Hill,OF,50,-0.4447636747366645,-6.2,-0.6,
6153,Eduardo Escobar,3B,243,-0.4473681664158161,-1.3,-1.7,
22871,Tucupita Marcano,2B,220,-0.4561113706010707,-1.5,-1.4,
22871,Tucupita Marcano,OF,220,-0.4561113706010707,-1.5,-1.4,
19508,Kyle Lewis,DH,54,-0.464638480980643,-6.0,-0.7,
19683,Mike Brosseau,3B,78,-0.4672613316873522,-4.2,-0.6,
27735,Brett Wisely,DH,131,-0.4693316446985979,-2.5,-1.5,
26467,Luis Matos,DH,198,-0.4785556721498108,-1.7,-0.9,
21707,Oswaldo Cabrera,OF,237,-0.4821407882927503,-1.4,-1.3,
15429,Kris Bryant,OF,275,-0.4826818131265359,-1.2,-1.5,Graham
18032,Mark Mathias,DH,72,-0.4968202398107131,-4.8,-0.7,
25482,TJ Hopkins,DH,44,-0.5101320617124756,-8.1,-0.5,
23264,Canaan Smith-Njigba,DH,37,-0.5291374392137548,-10.0,-0.7,
15937,Aledmys Díaz,2B,300,-0.5570087307390642,-1.3,-2.4,
15937,Aledmys Díaz,OF,300,-0.5570087307390642,-1.3,-2.4,
15937,Aledmys Díaz,SS,300,-0.5570087307390642,-1.3,-2.4,
17040,Jose Herrera,C,110,-0.5755296298402037,-3.7,-1.0,
14566,Franmil Reyes,OF,65,-0.5812793907778311,-6.3,-0.8,
15172,Tim Anderson,SS,435,-0.5915081043755275,-1.0,-3.6,Nick
12984,Jackie Bradley Jr.,OF,113,-0.5979697578512972,-3.7,-1.5,
19717,Darick Hall,DH,56,-0.5989744021697986,-7.5,-0.8,
19293,Nick Senzel,OF,284,-0.6011522424321885,-1.5,-1.5,
8202,Josh Harrison,2B,114,-0.6051106496474506,-3.7,-1.0,
8202,Josh Harrison,3B,114,-0.6051106496474506,-3.7,-1.0,
27845,Matt Mervis,DH,99,-0.6253215851810544,-4.4,-1.1,
18889,Danny Mendick,SS,66,-0.6274881721443635,-6.7,-0.7,
26031,Vaughn Grissom,2B,80,-0.6312995674367288,-5.5,-0.6,
22823,Oswald Peraza,DH,95,-0.6350035772331777,-4.7,-1.1,
10762,Corey Dickerson,OF,152,-0.6475246442642714,-3.0,-1.4,
15679,Rowdy Tellez,1B,309,-0.6491282568580284,-1.5,-2.1,
18607,Jared Walsh,1B,78,-0.6598656896935085,-5.9,-0.9,
13755,Tomás Nido,C,61,-0.6676507038093595,-7.7,-1.1,
23690,Brayan Rocchio,DH,70,-0.6680329954309753,-6.7,-0.9,
19892,Pavin Smith,OF,217,-0.7148514945005255,-2.3,-1.2,
17893,Tyler Nevin,3B,56,-0.718577378792177,-9.0,-0.7,
27467,Tyler Soderstrom,DH,93,-0.7338008085790176,-5.5,-1.3,
21987,Rodolfo Castro,2B,246,-0.7476450197360429,-2.1,-2.2,
21987,Rodolfo Castro,3B,246,-0.7476450197360429,-2.1,-2.2,
21987,Rodolfo Castro,SS,246,-0.7476450197360429,-2.1,-2.2,
9256,AJ Pollock,OF,144,-0.757014377381858,-3.7,-1.5,
29617,Henry Davis,DH,209,-0.7640671877704976,-2.6,-1.5,
15149,Trey Mancini,1B,263,-0.7736858892055567,-2.1,-1.9,
15149,Trey Mancini,OF,263,-0.7736858892055567,-2.1,-1.9,
10047,Wil Myers,1B,141,-0.7877226552485503,-3.9,-1.3,
10047,Wil Myers,OF,141,-0.7877226552485503,-3.9,-1.3,
25111,David Hensley,DH,94,-0.7910114934782015,-5.9,-1.2,
22197,MJ Melendez,C,514,-0.8041537659656669,-1.1,-2.6,Nick
22197,MJ Melendez,OF,514,-0.8041537659656669,-1.1,-2.6,Nick
25055,Nate Eaton,3B,56,-0.8078310750133408,-10.1,-1.0,
25055,Nate Eaton,OF,56,-0.8078310750133408,-10.1,-1.0,
27577,Casey Schmitt,DH,250,-0.8276252320924852,-2.3,-2.3,
1744,Miguel Cabrera,DH,292,-0.8319269444459791,-2.0,-2.0,
30162,Oscar Colás,DH,234,-0.833644350250434,-2.5,-1.7,
13590,Jesse Winker,OF,197,-0.8398690138027378,-3.0,-1.6,
20538,Jose Miranda,1B,152,-0.8402445559202857,-3.9,-1.5,Alden
20538,Jose Miranda,3B,152,-0.8402445559202857,-3.9,-1.5,Alden
27615,Alec Burleson,DH,305,-0.8513395280124255,-2.0,-1.9,
12981,Cam Gallagher,C,129,-0.855516712910035,-4.6,-2.1,
22184,Mark Vientos,DH,140,-0.9430881448760904,-4.7,-1.6,
15941,Austin Nola,C,154,-0.9460753244761771,-4.3,-1.7,
15676,José Abreu,1B,487,-0.968404313574279,-1.4,-3.1,Nick
12158,Austin Barnes,C,158,-1.0179676988516937,-4.5,-2.0,Jesse
20543,Elehuris Montero,1B,197,-1.0345800904938716,-3.7,-1.8,
20543,Elehuris Montero,3B,197,-1.0345800904938716,-3.7,-1.8,
12532,Kolten Wong,2B,216,-1.0479868713915432,-3.4,-2.3,Graham
21635,Nick Maton,OF,293,-1.1300202509885608,-2.7,-2.0,
25845,Michael Toglia,1B,152,-1.1916843144240057,-5.5,-2.0,
25845,Michael Toglia,OF,152,-1.1916843144240057,-5.5,-2.0,
6887,Martín Maldonado,C,343,-1.234844429257913,-2.5,-2.9,
5933,Jean Segura,2B,326,-1.2608031872254142,-2.7,-3.2,
20970,Oscar Gonzalez,OF,171,-1.2724883654291523,-5.2,-1.3,
14111,Eric Haase,C,293,-1.3191023243397404,-3.2,-3.3,
14691,Harold Castro,1B,257,-1.38394029492016,-3.8,-2.5,
14691,Harold Castro,2B,257,-1.38394029492016,-3.8,-2.5,
14691,Harold Castro,3B,257,-1.38394029492016,-3.8,-2.5,
14691,Harold Castro,SS,257,-1.38394029492016,-3.8,-2.5,
10472,Enrique Hernández,OF,432,-1.4626151326627284,-2.4,-3.4,Sid
10815,Jurickson Profar,OF,472,-1.923067851193555,-2.9,-3.2,
