"Name","Team","W","L","SV","G","GS","IP","K/9","BB/9","HR/9","BABIP","LOB%","GB%","HR/FB","vFA (pi)","ERA","xERA","FIP","xFIP","WAR","playerid","mlbamid"
"Zac Gallen","ARI","7","2","0","12","12","72.2","10.16","1.98","0.25",".303","68.3%","38.3%","3.1%","93.6","2.72","","2.07","3.14","3.1","19291","668678"
"Nathan Eovaldi","TEX","7","2","0","11","11","74.1","8.48","1.70","0.36",".289","76.3%","52.0%","4.8%","96.2","2.42","","2.52","3.32","2.4","9132","543135"
"Kevin Gausman","TOR","3","3","0","11","11","68.1","11.72","2.11","0.79",".327","71.4%","45.9%","9.7%","94.4","3.03","","2.51","2.81","2.3","14107","592332"
"Zack Wheeler","PHI","4","4","0","11","11","65.0","10.52","2.08","0.55",".316","68.1%","40.7%","6.2%","96.2","3.60","","2.65","3.45","2.3","10310","554430"
"Sonny Gray","MIN","4","0","0","11","11","60.1","10.29","3.58","0.00",".312","80.8%","48.7%","0.0%","92.7","2.09","","2.18","3.47","2.3","12768","543243"
"Spencer Strider","ATL","5","2","0","11","11","63.2","14.98","3.11","0.85",".297","72.9%","30.6%","9.7%","97.4","2.97","","2.34","2.67","2.2","27498","675911"
"Justin Steele","CHC","6","2","0","12","12","68.0","7.68","2.12","0.26",".283","72.4%","48.4%","3.0%","","2.65","","2.83","3.99","2.1","17312","657006"
"Mitch Keller","PIT","7","1","0","12","12","74.2","11.21","2.05","0.84",".308","71.8%","44.0%","10.9%","95.8","3.25","","2.84","2.99","2.0","17594","656605"
"Framber Valdez","HOU","5","4","0","11","11","72.0","9.63","1.88","0.75",".290","77.3%","60.1%","16.7%","96.0","2.38","","2.92","2.64","2.0","17295","664285"
"Joe Ryan","MIN","7","2","0","11","11","65.0","10.52","1.80","0.83",".279","76.4%","37.3%","8.0%","92.7","2.77","","2.78","3.42","1.9","21390","657746"
"Hunter Brown","HOU","5","2","0","11","11","62.1","10.68","2.89","0.58",".342","69.0%","54.1%","11.1%","96.1","3.61","","2.88","2.97","1.9","25880","686613"
"Luis Castillo","SEA","4","2","0","11","11","63.2","10.74","2.12","0.85",".269","77.7%","42.9%","9.5%","96.2","2.69","","2.91","3.26","1.9","15689","622491"
"George Kirby","SEA","5","4","0","11","11","71.0","7.35","0.76","0.89",".285","77.9%","43.4%","8.8%","95.7","3.04","","3.26","3.77","1.7","25436","669923"
"Eduardo Rodriguez","DET","4","4","0","11","11","67.2","8.91","2.13","0.80",".253","83.3%","42.9%","9.2%","92.5","2.13","","3.15","3.53","1.7","13164","593958"
"Logan Gilbert","SEA","3","3","0","11","11","64.0","10.27","1.55","1.13",".272","61.8%","41.3%","11.9%","95.4","4.08","","3.13","3.17","1.7","22250","669302"
"Clayton Kershaw","LAD","6","4","0","11","11","62.1","10.83","2.31","1.16",".305","76.1%","45.0%","15.1%","91.4","3.32","","3.40","3.08","1.6","2036","477132"
"Logan Webb","SFG","4","5","0","11","11","72.0","9.50","1.75","1.00",".301","79.6%","60.3%","17.8%","92.9","2.75","","3.27","2.82","1.5","17995","657277"
"Merrill Kelly","ARI","6","3","0","11","11","63.2","9.75","3.53","0.71",".252","73.0%","48.1%","9.6%","92.6","2.83","","3.40","3.68","1.5","11156","518876"
"Shane McClanahan","TBR","8","1","0","12","12","69.2","10.59","3.49","0.90",".277","91.2%","42.1%","10.6%","97.2","2.07","","3.38","3.59","1.5","21483","663556"
"Yennier Cano","BAL","1","0","4","23","0","29.0","9.31","0.31","0.00",".235","83.3%","65.7%","0.0%","","0.93","","1.41","2.07","1.5","25911","666974"
"Drew Smyly","CHC","5","2","0","11","11","60.0","7.95","2.10","0.90",".259","72.4%","35.3%","7.7%","","3.15","","3.60","4.38","1.5","11760","592767"
"Marcus Stroman","CHC","5","4","0","12","12","73.0","7.64","2.96","0.62",".226","79.1%","59.5%","11.1%","92.1","2.59","","3.53","3.62","1.5","13431","573186"
"Jacob deGrom","TEX","2","0","0","6","6","30.1","13.35","1.19","0.59",".266","59.4%","37.9%","6.7%","99.1","2.67","","1.56","2.27","1.4","10954","594798"
"Michael Wacha","SDP","5","1","0","10","10","57.1","7.69","2.20","0.78",".273","74.1%","34.3%","6.6%","92.4","3.45","","3.53","4.51","1.4","14078","608379"
"Drew Rasmussen","TBR","4","2","0","8","8","44.2","9.47","2.22","0.40",".293","77.4%","52.6%","6.5%","96.2","2.62","","2.55","3.08","1.4","25385","656876"
"Bryce Elder","ATL","3","0","0","11","11","65.2","7.68","2.60","0.55",".291","87.4%","57.6%","9.5%","90.9","1.92","","3.41","3.63","1.4","27779","693821"
"Gerrit Cole","NYY","6","0","0","12","12","73.2","9.65","3.18","0.98",".269","80.2%","41.5%","11.3%","97.0","2.93","","3.68","3.80","1.3","13125","543037"
"Alexis Diaz","CIN","1","1","13","22","0","21.1","17.30","4.22","0.00",".290","81.0%","41.9%","0.0%","95.1","1.69","","1.11","1.79","1.3","21132","664747"
"Shohei Ohtani","LAA","5","1","0","11","11","65.0","12.46","3.88","1.11",".211","81.6%","48.5%","17.4%","97.3","2.91","","3.76","3.29","1.3","19755","660271"
"Hunter Greene","CIN","1","4","0","11","11","56.0","12.86","3.54","1.29",".359","75.6%","34.3%","13.6%","99.1","4.18","","3.61","3.43","1.3","22182","668881"
"Cristian Javier","HOU","6","1","0","11","11","63.2","9.47","2.26","1.27",".242","81.7%","27.1%","10.0%","92.9","2.97","","3.80","4.22","1.2","17606","664299"
"Bryce Miller","SEA","3","2","0","6","6","36.0","7.75","0.75","0.50",".227","64.9%","29.6%","4.3%","95.3","3.00","","2.69","4.05","1.2","29837","682243"
"Dustin May","LAD","4","1","0","9","9","48.0","6.38","3.00","0.19",".209","72.4%","45.2%","2.1%","97.6","2.63","","3.25","4.54","1.2","19716","669160"
"Anthony DeSclafani","SFG","4","4","0","11","11","67.1","6.55","1.20","0.94",".268","68.0%","44.5%","10.4%","93.3","3.48","","3.66","3.89","1.2","13050","543101"
"Jesus Luzardo","MIA","4","3","0","11","11","61.1","10.27","2.79","1.17",".356","80.2%","35.7%","10.7%","96.9","3.67","","3.66","3.91","1.2","19959","666200"
"Miles Mikolas","STL","4","1","0","12","12","69.2","7.49","1.94","1.03",".313","77.3%","39.4%","10.8%","93.4","3.75","","3.92","4.12","1.2","9803","571945"
"Dane Dunning","TEX","4","1","0","13","5","48.0","6.00","2.06","0.00",".265","77.4%","48.3%","0.0%","","2.06","","2.81","4.37","1.2","19409","641540"
"MacKenzie Gore","WSN","3","3","0","11","11","58.0","11.48","4.34","1.24",".333","83.3%","46.5%","16.7%","95.5","3.57","","3.96","3.49","1.2","22201","669022"
"Sandy Alcantara","MIA","2","5","0","11","11","69.1","7.79","3.25","0.78",".281","61.3%","43.8%","8.2%","98.1","4.93","","3.88","4.43","1.2","18684","645261"
"Jose Berrios","TOR","5","4","0","11","11","65.1","8.54","2.62","0.96",".313","73.1%","47.8%","11.5%","94.3","3.86","","3.77","3.87","1.1","14168","621244"
"Matt Strahm","PHI","4","3","1","14","7","37.1","12.29","2.41","0.96",".293","77.8%","35.3%","11.1%","93.4","3.13","","2.81","2.96","1.1","13799","621381"
"Aaron Nola","PHI","4","4","0","12","12","74.2","7.83","2.17","1.45",".262","66.0%","37.3%","13.2%","92.2","4.70","","4.38","4.23","1.1","16149","605400"
"Zach Eflin","TBR","7","1","0","10","10","60.0","8.55","1.20","1.20",".277","78.3%","54.3%","15.7%","93.0","3.30","","3.55","3.17","1.1","13774","621107"
"Logan Allen","CLE","2","2","0","7","7","39.2","9.76","2.50","0.68",".330","81.6%","42.2%","7.1%","92.0","2.72","","2.92","3.62","1.1","27589","671106"
"Jordan Montgomery","STL","2","6","0","11","11","60.1","8.20","2.54","1.04",".337","73.2%","44.0%","11.1%","93.7","4.48","","3.90","4.06","1.1","16511","656756"
"David Bednar","PIT","2","0","10","21","0","21.0","12.00","0.43","0.43",".265","80.9%","40.0%","4.0%","96.3","1.29","","1.36","2.64","1.1","19569","670280"
"Chris Sale","BOS","5","2","0","10","10","55.1","10.57","2.28","1.30",".300","68.0%","39.7%","14.5%","94.9","4.72","","3.88","3.59","1.1","10603","519242"
"Kyle Gibson","BAL","7","3","0","12","12","71.2","5.90","2.89","0.75",".298","73.9%","45.2%","8.1%","92.4","3.89","","4.05","4.61","1.0","10123","502043"
"Bailey Ober","MIN","3","2","0","7","7","40.1","8.26","2.45","0.67",".257","78.8%","28.0%","5.1%","91.8","2.68","","3.22","4.58","1.0","21224","641927"
"Tanner Bibee","CLE","1","1","0","6","6","34.1","8.91","2.36","0.52",".292","77.3%","30.0%","4.8%","95.4","2.88","","3.01","4.20","1.0","30134","676440"
"Pablo Lopez","MIN","3","3","0","11","11","65.2","11.10","2.74","1.37",".286","75.4%","39.9%","14.1%","95.0","4.11","","3.92","3.67","1.0","17085","641154"
"Shane Bieber","CLE","4","3","0","12","12","75.0","6.36","2.52","0.96",".294","76.0%","44.7%","10.7%","91.5","3.72","","4.12","4.33","1.0","19427","669456"
"Reid Detmers","LAA","0","4","0","9","9","45.2","11.43","3.74","0.99",".387","65.2%","32.8%","10.0%","94.9","4.93","","3.60","3.92","1.0","27468","672282"
"Alex Cobb","SFG","4","2","0","11","11","62.0","8.27","2.61","0.87",".342","83.1%","60.6%","15.8%","95.1","3.05","","3.66","3.38","1.0","6562","502171"
"Taj Bradley","TBR","3","2","0","6","6","30.0","12.60","1.50","1.20",".329","73.0%","32.4%","12.5%","96.3","3.60","","2.80","2.77","1.0","22543","671737"
"Kodai Senga","NYM","5","3","0","10","10","55.0","11.45","5.07","0.98",".289","80.8%","45.9%","12.8%","96.2","3.44","","3.83","3.78","1.0","31838","673540"
"Felix Bautista","BAL","3","1","14","26","0","27.0","18.00","5.67","0.67",".308","81.6%","41.5%","13.3%","98.0","1.33","","2.12","2.04","1.0","20666","642585"
"Charlie Morton","ATL","5","5","0","10","10","57.2","9.83","3.75","0.94",".340","78.9%","47.3%","10.9%","95.3","3.59","","3.79","3.96","1.0","4676","450203"
"Trevor Gott","SEA","0","2","0","27","0","25.2","10.52","2.10","0.00",".356","70.6%","42.5%","0.0%","93.5","1.75","","1.87","3.67","0.9","15046","641627"
"Josh Hader","SDP","0","1","13","23","0","22.1","12.90","4.03","0.40",".186","79.5%","37.2%","4.2%","","1.61","","2.33","3.46","0.9","14212","623352"
"Yu Darvish","SDP","3","4","0","10","10","56.2","9.37","2.70","1.27",".295","69.1%","41.4%","13.8%","94.9","4.61","","4.13","3.93","0.9","13074","506433"
"Josiah Gray","WSN","4","5","0","11","11","61.2","7.44","4.52","0.88",".282","85.6%","43.7%","9.0%","94.0","2.77","","4.49","4.95","0.8","24580","680686"
"Clarke Schmidt","NYY","2","5","0","12","12","55.2","10.51","3.07","1.29",".365","66.8%","45.4%","13.3%","","5.01","","3.93","3.78","0.8","19899","657376"
"Brent Suter","COL","3","0","0","23","0","32.2","7.71","3.31","0.00",".264","67.6%","43.7%","0.0%","","1.93","","2.75","4.26","0.8","13942","608718"
"Graham Ashcraft","CIN","3","3","0","11","11","58.1","7.25","3.70","1.08",".315","65.7%","47.8%","13.7%","","5.55","","4.56","4.39","0.8","27552","668933"
"Nick Anderson","ATL","3","0","1","22","0","23.1","10.80","1.16","0.77",".259","55.6%","41.1%","8.7%","94.3","3.47","","2.37","2.83","0.8","18337","623433"
"Matt Brash","SEA","3","3","1","27","0","21.2","17.45","3.74","0.42",".532","71.8%","50.0%","7.1%","98.1","4.57","","1.79","2.22","0.8","25756","666374"
"Patrick Sandoval","LAA","3","4","0","10","10","55.1","5.86","3.58","0.65",".257","71.2%","49.7%","7.7%","92.1","3.42","","4.21","4.77","0.8","19447","663776"
"Paul Sewald","SEA","2","0","11","25","0","24.1","12.21","2.59","0.74",".250","72.9%","28.3%","7.1%","92.0","2.96","","2.49","3.25","0.8","13892","623149"
"Lucas Giolito","CHW","4","4","0","12","12","68.1","9.09","2.77","1.45",".293","77.7%","33.0%","12.2%","93.3","4.08","","4.44","4.45","0.8","15474","608337"
"Jaime Barria","LAA","2","2","0","13","2","34.0","9.00","2.91","0.53",".239","68.3%","47.2%","6.9%","93.1","1.59","","3.09","3.69","0.8","18356","642545"
"Dylan Cease","CHW","3","3","0","12","12","62.2","9.77","4.16","1.15",".298","66.0%","42.1%","12.5%","95.9","4.88","","4.39","4.35","0.8","18525","656302"
"Seth Lugo","SDP","3","3","0","8","8","41.2","8.21","2.38","1.08",".336","76.9%","46.5%","12.8%","93.7","4.10","","3.94","3.87","0.8","12447","607625"
"Alex Lange","DET","3","0","10","23","0","23.1","12.34","4.24","0.00",".213","86.4%","46.8%","0.0%","95.0","1.16","","2.07","3.30","0.8","19883","656638"
"Jose Alvarado","PHI","0","0","5","14","0","14.1","15.07","0.00","0.63",".296","78.9%","57.1%","16.7%","","0.63","","0.83","0.59","0.7","17780","621237"
"Tanner Houck","BOS","3","4","0","10","10","52.2","8.54","2.91","1.20",".293","61.9%","49.7%","16.7%","94.0","5.30","","4.12","3.67","0.7","19879","656557"
"Griffin Jax","MIN","2","6","0","25","0","23.1","10.03","3.47","0.00",".357","58.8%","57.4%","0.0%","96.3","4.63","","2.20","3.43","0.7","20253","643377"
"Johan Oviedo","PIT","3","4","0","11","11","58.0","8.22","4.66","0.78",".306","69.9%","49.5%","8.1%","96.3","4.50","","4.11","4.70","0.7","22487","670912"
"Carlos Estevez","LAA","1","1","13","24","0","24.0","12.00","3.75","0.75",".278","91.3%","32.1%","8.0%","96.9","1.50","","3.06","3.64","0.7","14542","608032"
"Jeffrey Springs","TBR","2","0","0","3","3","16.0","13.50","2.25","0.56",".115","100.0%","50.0%","11.1%","92.1","0.56","","1.83","1.92","0.7","17677","605488"
"Aroldis Chapman","KCR","1","2","2","22","0","20.1","14.61","6.20","0.00",".366","72.4%","41.5%","0.0%","99.6","3.10","","2.09","3.19","0.7","10233","547973"
"Caleb Ferguson","LAD","3","0","2","23","0","20.0","10.80","2.70","0.00",".346","85.2%","54.9%","0.0%","95.9","1.35","","2.22","3.18","0.7","19349","657571"
"Nick Martinez","SDP","3","2","1","19","4","46.2","7.14","3.47","0.77",".258","79.4%","56.1%","10.3%","93.3","2.70","","3.96","4.17","0.7","12730","607259"
"Jesse Chavez","ATL","0","0","1","26","1","24.0","10.50","2.25","0.38",".293","81.3%","44.8%","6.7%","","1.88","","2.48","2.93","0.7","5448","445926"
"Michael King","NYY","1","1","3","18","0","30.2","10.27","2.93","0.29",".299","86.7%","52.6%","5.3%","94.5","1.76","","2.58","3.15","0.7","19853","650633"
"Kyle Freeland","COL","4","6","0","12","12","64.0","6.05","2.39","1.55",".286","71.4%","42.0%","13.1%","89.0","4.22","","4.96","4.81","0.7","16256","607536"
"Braxton Garrett","MIA","1","2","0","11","10","53.1","9.11","2.03","1.35",".331","77.3%","48.4%","18.6%","89.9","4.22","","3.98","3.32","0.7","21844","666129"
"Jason Foley","DET","2","1","2","24","0","23.0","7.04","1.57","0.00",".308","80.0%","63.1%","0.0%","97.6","1.57","","2.36","3.26","0.7","19531","671345"
"Zack Greinke","KCR","1","5","0","12","12","62.1","6.79","1.30","1.44",".278","70.7%","43.4%","14.1%","89.8","4.19","","4.33","4.06","0.7","1943","425844"
"Vince Velasquez","PIT","4","4","0","8","8","37.1","8.92","3.38","0.96",".292","76.6%","30.3%","8.5%","93.5","3.86","","3.89","4.50","0.7","11189","592826"
"Rich Hill","PIT","4","5","0","11","11","58.2","8.44","2.76","1.38",".324","68.2%","32.0%","12.2%","88.0","4.76","","4.31","4.33","0.7","4806","448179"
"Luis Garcia","HOU","2","2","0","6","6","27.0","10.33","3.33","1.00",".314","75.5%","26.4%","9.4%","93.0","4.00","","3.64","4.08","0.7","23735","677651"
"Ian Hamilton","NYY","1","1","1","16","0","22.0","12.27","3.68","0.00",".306","87.5%","57.1%","0.0%","96.1","1.23","","1.77","2.28","0.7","19261","641656"
"Emmanuel Clase","CLE","1","4","17","28","0","27.0","6.67","1.67","0.33",".310","57.0%","54.7%","4.5%","","3.33","","2.83","3.64","0.7","21032","661403"
"Justin Lawrence","COL","2","2","0","24","0","29.1","9.82","3.68","0.31",".270","66.5%","53.4%","4.8%","","3.07","","2.76","3.46","0.7","17639","664875"
"Andrew Chafin","ARI","2","1","8","26","0","20.1","13.72","3.10","0.89",".348","81.1%","38.3%","14.3%","91.9","3.10","","2.53","2.35","0.7","12988","605177"
"Brad Hand","COL","2","1","0","21","0","19.2","12.81","3.66","0.00",".378","74.1%","27.3%","0.0%","93.1","3.20","","1.95","3.16","0.7","9111","543272"
"Clay Holmes","NYY","3","2","5","25","0","23.1","11.57","3.86","0.00",".350","75.8%","55.0%","0.0%","97.4","3.09","","2.24","3.06","0.6","13649","605280"
"Hunter Harvey","WSN","2","2","3","24","0","26.1","10.94","2.73","1.03",".241","72.1%","42.6%","13.0%","98.9","3.42","","3.23","3.14","0.6","15507","640451"
"Ryan Helsley","STL","3","4","6","20","0","23.0","11.35","4.30","0.39",".309","69.9%","42.9%","4.8%","99.8","3.52","","2.88","3.77","0.6","18138","664854"
"Jordan Romano","TOR","3","2","12","22","0","21.0","11.57","2.57","0.86",".321","81.9%","41.8%","9.1%","96.6","3.00","","2.94","3.37","0.6","16122","605447"
"Phil Maton","HOU","0","0","0","23","0","26.2","10.13","1.01","0.34",".172","96.2%","45.8%","4.2%","","0.68","","2.18","3.13","0.6","18064","664208"
"Nestor Cortes","NYY","5","2","0","11","11","59.1","8.95","2.88","1.52",".298","68.2%","25.9%","10.3%","91.6","5.16","","4.58","5.00","0.6","17874","641482"
"Huascar Brazoban","MIA","0","1","0","25","0","30.0","9.90","3.90","0.30",".358","75.7%","56.3%","5.9%","96.6","3.60","","3.00","3.47","0.6","6107","623211"
"Jake Bird","COL","1","0","0","26","0","36.0","9.25","3.00","0.50",".281","72.1%","59.2%","7.1%","","2.75","","3.10","3.62","0.6","21267","656234"
"Freddy Peralta","MIL","5","4","0","10","10","54.1","9.61","3.81","1.33",".309","66.4%","37.0%","13.3%","94.8","4.64","","4.43","4.28","0.6","18679","642547"
"Max Fried","ATL","2","1","0","5","5","26.0","8.65","2.08","0.69",".286","79.4%","60.9%","11.1%","94.2","2.08","","3.04","3.14","0.6","13743","608331"
"Camilo Doval","SFG","1","2","14","25","0","24.2","13.86","3.65","0.73",".280","71.4%","56.9%","13.3%","","2.19","","2.70","2.62","0.6","21992","666808"
"Will Smith","TEX","0","2","9","19","0","19.0","10.89","2.84","0.47",".250","60.2%","24.4%","4.0%","93.0","3.32","","2.48","3.89","0.6","8048","519293"
"David Robertson","NYM","2","0","10","22","0","24.1","10.73","2.59","0.74",".259","90.1%","46.3%","9.5%","","1.48","","3.06","3.37","0.6","8241","502085"
"Tyler Wells","BAL","3","2","0","11","10","63.0","8.71","1.71","1.86",".175","86.2%","32.3%","14.9%","92.9","3.29","","4.63","4.15","0.6","20000","669330"
"A.J. Minter","ATL","2","5","7","27","0","25.2","11.22","2.10","1.05",".385","50.3%","32.8%","10.7%","96.0","6.66","","3.00","3.22","0.6","18655","621345"
"Domingo German","NYY","3","3","0","10","10","54.1","8.78","2.98","1.33",".200","67.0%","39.4%","13.6%","92.5","3.98","","4.39","4.21","0.6","17149","593334"
"Ryan Feltner","COL","2","3","0","8","8","35.1","8.41","6.37","0.51",".337","64.8%","45.3%","5.7%","94.8","5.86","","4.35","5.19","0.6","21446","663372"
"Giovanny Gallegos","STL","1","2","7","21","0","22.2","8.34","1.59","0.79",".274","79.2%","28.1%","6.7%","93.1","2.38","","3.09","4.06","0.6","14986","606149"
"Tim Mayza","TOR","1","1","1","26","0","19.2","8.69","1.83","0.00",".333","78.3%","59.6%","0.0%","","1.83","","1.95","2.60","0.6","15042","641835"
"Colin Holderman","PIT","0","1","0","21","0","20.2","11.32","2.18","0.44",".340","84.1%","51.9%","7.7%","","2.18","","2.11","2.48","0.6","22361","670059"
"Chris Stratton","STL","1","0","0","21","0","31.0","9.58","1.45","0.58",".282","62.5%","37.5%","5.6%","93.0","3.77","","2.56","3.57","0.6","13761","608717"
"Patrick Corbin","WSN","4","5","0","12","12","67.2","5.59","2.39","1.46",".310","67.4%","47.1%","15.7%","91.8","4.92","","4.94","4.48","0.6","9323","571578"
"Adrian Houser","MIL","1","1","0","5","5","24.1","6.29","2.59","0.37",".365","71.8%","54.1%","4.8%","94.1","4.07","","3.27","4.11","0.6","12718","605288"
"Brusdar Graterol","LAD","2","2","3","25","0","23.2","7.23","1.14","0.38",".307","75.2%","58.1%","5.3%","98.1","1.90","","2.72","3.45","0.6","20367","660813"
"Adbert Alzolay","CHC","1","3","2","21","0","27.0","8.67","1.33","0.67",".261","70.8%","47.8%","8.0%","95.4","2.33","","2.75","3.26","0.6","17859","640470"
"Miguel Castro","ARI","3","1","5","26","0","24.1","8.14","2.96","0.37",".231","79.6%","37.9%","4.5%","","2.22","","2.98","3.89","0.6","15684","612434"
"Danny Coulombe","BAL","2","1","0","25","0","20.2","12.19","2.18","0.87",".313","89.6%","38.8%","9.5%","91.7","2.18","","2.83","3.20","0.6","13293","543056"
"Marco Gonzales","SEA","4","1","0","10","10","50.0","6.12","3.24","0.90",".316","62.1%","40.6%","8.9%","89.3","5.22","","4.29","4.77","0.6","15467","594835"
"Corbin Burnes","MIL","4","4","0","11","11","63.2","8.34","3.39","1.27",".253","73.8%","42.4%","13.4%","95.7","3.68","","4.53","4.37","0.6","19361","669203"
"Mason Miller","OAK","0","2","0","4","4","21.1","9.28","2.95","0.42",".245","69.4%","20.8%","3.4%","98.7","3.38","","3.08","4.64","0.6","31757","695243"
"Ryne Nelson","ARI","2","2","0","11","11","57.0","5.84","2.84","1.26",".311","66.4%","40.5%","11.8%","94.5","5.37","","4.74","4.82","0.6","26253","669194"
"Hector Neris","HOU","3","1","2","23","0","22.2","11.12","3.18","0.79",".224","93.4%","44.0%","10.0%","93.1","1.19","","3.00","3.26","0.5","11804","593576"
"John Brebbia","SFG","2","0","0","24","4","22.2","12.71","2.78","0.79",".314","67.6%","28.3%","6.9%","94.4","3.97","","2.52","3.41","0.5","12777","605154"
"Gabe Speier","SEA","1","1","0","25","0","19.1","7.91","0.93","0.00",".308","68.4%","59.6%","0.0%","94.8","2.79","","1.98","2.97","0.5","17170","642100"
"Joel Payamps","MIL","2","0","1","25","0","26.1","9.91","1.37","1.03",".304","85.3%","47.2%","12.5%","95.4","2.39","","3.23","3.20","0.5","14332","606303"
"Max Scherzer","NYM","4","2","0","8","8","40.2","8.63","2.88","1.55",".250","83.3%","28.8%","11.7%","93.7","3.54","","4.62","4.74","0.5","3137","453286"
"Ben Lively","CIN","3","2","0","5","3","22.2","9.53","1.99","1.19",".232","95.2%","45.8%","14.3%","91.4","1.99","","3.53","3.29","0.5","14932","594902"
"Ryan Pressly","HOU","0","2","10","23","0","22.1","9.67","1.21","0.81",".273","69.8%","63.2%","15.4%","94.5","3.22","","2.69","2.45","0.5","7005","519151"
"Carlos Hernandez","KCR","0","2","0","23","2","28.0","12.21","2.57","0.96",".308","74.6%","32.4%","10.3%","99.3","3.54","","2.81","3.06","0.5","22713","672578"
"Kyle Bradish","BAL","2","1","0","9","9","44.0","7.36","2.86","1.02",".297","75.0%","41.4%","10.4%","","3.89","","4.20","4.46","0.5","24586","680694"
"Jack Flaherty","STL","3","4","0","11","11","58.0","9.00","5.28","0.93",".327","70.9%","47.1%","12.0%","93.2","4.81","","4.58","4.61","0.5","17479","656427"
"Bryan Baker","BAL","3","2","0","27","0","25.1","11.37","5.33","0.36",".304","70.6%","37.5%","4.0%","95.7","3.55","","3.15","4.21","0.5","19804","641329"
"Bailey Falter","PHI","0","7","0","8","7","40.1","6.25","1.79","1.56",".326","58.1%","40.6%","13.7%","90.8","5.13","","4.73","4.49","0.5","20070","663559"
"Jon Gray","TEX","5","1","0","10","10","57.2","7.18","2.97","1.25",".239","86.0%","37.3%","12.7%","95.5","2.81","","4.62","4.56","0.5","14916","592351"
"Kris Bubic","KCR","0","2","0","3","3","16.0","9.00","1.13","0.56",".375","72.8%","52.1%","5.9%","91.8","3.94","","2.64","3.53","0.5","21455","663460"
"Edward Cabrera","MIA","3","4","0","11","11","52.0","11.42","6.06","1.21",".295","72.6%","51.9%","17.1%","96.4","5.02","","4.62","4.12","0.5","21690","665795"
"Roansy Contreras","PIT","3","4","0","10","9","52.0","6.23","3.98","0.87",".284","72.7%","36.1%","7.5%","94.3","4.33","","4.52","5.32","0.5","22810","672710"
"Jimmy Cordero","NYY","3","2","0","22","1","23.1","9.26","2.31","0.39",".267","67.8%","57.4%","6.3%","98.7","3.47","","2.80","3.33","0.5","15690","622772"
"Devin Williams","MIL","3","0","9","17","0","17.2","11.21","3.57","0.51",".189","100.0%","47.4%","9.1%","94.0","0.51","","2.70","2.96","0.5","15816","642207"
"Bobby Miller","LAD","2","0","0","2","2","11.0","7.36","1.64","0.00",".258","80.0%","51.6%","0.0%","99.8","1.64","","2.18","3.34","0.5","27483","676272"
"Chris Devenski","LAA","2","0","0","13","0","16.2","8.64","0.00","1.08",".179","64.5%","47.5%","13.3%","93.9","2.70","","2.91","2.78","0.4","12763","606965"
"Evan Phillips","LAD","1","0","7","22","0","21.2","10.80","2.08","0.83",".213","92.1%","44.9%","13.3%","96.3","1.66","","2.90","2.80","0.4","17734","623465"
"Ryan Weathers","SDP","1","3","0","8","6","33.2","5.88","3.74","0.80",".293","70.1%","40.6%","7.3%","95.0","4.28","","4.46","5.24","0.4","23796","677960"
"Andrew Wantz","LAA","1","0","0","14","0","21.2","8.31","3.32","0.42",".218","63.1%","39.3%","3.8%","94.1","3.32","","3.27","4.58","0.4","24933","681806"
"Josh Sborz","TEX","1","2","0","14","0","17.0","12.18","3.71","0.53",".325","61.2%","51.2%","9.1%","96.9","4.76","","2.56","2.83","0.4","18323","622250"
"Gregory Santos","CHW","1","0","0","25","0","28.2","8.16","2.20","0.31",".329","82.4%","55.3%","5.9%","98.4","2.20","","2.96","3.45","0.4","21894","666619"
"Dauri Moreta","PIT","2","1","1","23","0","25.0","12.96","4.68","0.72",".191","80.2%","38.8%","9.5%","94.9","1.80","","2.99","3.29","0.4","21101","664294"
"Zach Jackson","OAK","2","1","1","19","0","18.0","11.50","5.00","0.50",".370","78.9%","26.1%","4.3%","93.6","2.50","","3.10","4.42","0.4","19493","667427"
"Justin Topa","SEA","1","2","1","24","0","21.2","9.14","3.32","0.42",".288","69.1%","59.3%","8.3%","","3.32","","2.95","3.23","0.4","15145","623437"
"Michael Lorenzen","DET","2","2","0","8","8","46.1","6.80","2.33","1.17",".250","73.4%","46.7%","12.8%","95.1","3.50","","4.28","4.22","0.4","14843","547179"
"Bryan Abreu","HOU","2","1","2","25","0","25.1","14.92","3.55","1.07",".256","83.3%","43.5%","21.4%","97.8","2.13","","3.03","2.37","0.4","16609","650556"
"Kevin Kelly","TBR","3","1","1","23","0","26.0","6.58","2.77","0.00",".356","72.7%","44.8%","0.0%","92.0","4.15","","3.31","4.90","0.4","25679","687330"
"Aaron Civale","CLE","1","1","0","2","2","12.2","5.68","1.42","0.00",".275","69.2%","40.0%","0.0%","91.7","2.84","","2.48","4.37","0.4","19479","650644"
"Keynan Middleton","CHW","0","0","1","20","0","18.2","13.02","3.38","0.48",".325","92.2%","51.2%","9.1%","96.1","1.45","","2.36","2.60","0.4","15264","641871"
"Tanner Scott","MIA","3","1","2","26","0","26.0","12.81","4.85","0.69",".275","74.5%","51.9%","11.8%","96.0","3.46","","3.15","3.20","0.4","17586","656945"
"Joe Kelly","CHW","1","2","1","16","0","15.2","12.06","0.57","1.15",".297","53.6%","59.0%","15.4%","99.1","4.60","","2.44","2.10","0.4","9761","523260"
"Trevor Williams","WSN","2","3","0","11","11","55.0","6.55","2.62","1.64",".268","71.2%","38.3%","13.2%","90.5","3.93","","5.16","5.00","0.4","16977","592866"
"Josh Winckowski","BOS","2","1","2","19","0","33.2","6.68","1.60","0.80",".263","75.5%","53.9%","10.0%","95.3","2.14","","3.57","3.83","0.4","22387","670174"
"Griffin Canning","LAA","4","2","0","8","8","42.1","8.29","2.98","1.49",".288","72.0%","46.3%","15.6%","94.6","4.89","","4.71","4.26","0.4","19867","656288"
"Peter Strzelecki","MIL","2","4","0","26","0","24.2","8.03","1.82","0.36",".301","69.6%","43.2%","3.7%","92.3","4.01","","3.23","4.45","0.4","21367","657265"
"Luis Garcia","SDP","1","3","0","21","0","19.1","9.31","4.19","0.00",".333","60.0%","53.6%","0.0%","97.5","4.66","","2.91","3.81","0.4","6984","472610"
"Will Vest","DET","2","0","0","16","0","19.0","9.47","3.32","0.00",".239","66.7%","47.8%","0.0%","95.2","2.84","","2.27","3.53","0.4","19769","676684"
"Gregory Soto","PHI","1","4","1","25","0","22.0","11.05","4.91","0.41",".296","49.0%","44.4%","4.8%","98.4","5.73","","3.18","4.11","0.4","19677","642397"
"Alex Young","CIN","0","0","0","24","0","22.0","10.64","1.64","1.23",".322","87.7%","46.7%","13.6%","91.8","2.86","","3.36","3.18","0.4","18333","622065"
"Tony Gonsolin","LAD","3","1","0","7","7","35.2","6.31","3.28","1.01",".155","84.5%","38.6%","8.7%","92.8","1.77","","4.59","5.19","0.4","19388","664062"
"Jose Hernandez","PIT","0","1","0","20","0","24.0","8.63","1.50","0.75",".254","83.3%","38.5%","8.7%","95.4","2.25","","2.94","3.38","0.4","22318","669796"
"Mike Clevinger","CHW","3","3","0","9","9","47.1","7.61","4.18","1.33",".288","77.2%","31.0%","9.7%","94.3","4.56","","5.09","5.59","0.4","12808","605182"
"Aaron Bummer","CHW","1","1","0","24","0","18.2","9.16","4.82","0.00",".368","50.0%","52.6%","0.0%","93.9","7.71","","3.00","4.11","0.4","16258","607481"
"Dean Kremer","BAL","5","2","0","11","11","59.0","7.32","2.59","1.37",".333","76.6%","37.1%","12.2%","95.1","4.58","","4.59","4.61","0.4","19350","665152"
"Scott Barlow","KCR","2","3","6","20","0","21.0","12.43","4.71","0.86",".273","63.1%","45.7%","13.3%","92.9","3.86","","3.32","3.22","0.4","14993","605130"
"Jhoan Duran","MIN","1","1","7","20","0","21.1","12.23","3.80","0.84",".200","86.4%","70.0%","22.2%","101.9","1.27","","3.04","2.49","0.4","21029","661395"
"Wade Miley","MIL","3","2","0","8","8","41.2","5.18","1.94","1.30",".246","78.8%","38.1%","9.4%","89.6","3.67","","4.78","5.36","0.4","8779","489119"
"Buck Farmer","CIN","1","3","1","24","0","27.2","8.13","2.93","0.98",".179","81.7%","33.8%","9.1%","93.6","2.60","","3.96","4.45","0.4","14814","571656"
"Emilio Pagan","MIN","3","0","0","20","0","21.2","9.55","3.32","0.42",".317","61.6%","29.5%","3.2%","95.2","4.57","","2.99","4.67","0.4","14771","641941"
"Julio Teheran","MIL","1","1","0","2","2","11.0","4.09","0.82","0.00",".222","77.8%","30.6%","0.0%","90.0","0.82","","2.63","5.39","0.4","6797","527054"
"A.J. Puk","MIA","3","1","6","15","0","14.2","11.66","1.84","1.23",".325","74.1%","37.5%","11.1%","96.0","3.07","","3.27","3.45","0.3","19343","640462"
"Andrew Heaney","TEX","4","3","0","10","10","55.0","9.00","3.44","1.47",".243","75.8%","41.3%","15.5%","92.4","3.76","","4.82","4.37","0.3","15423","571760"
"Tyler Mahle","MIN","1","2","0","5","5","25.2","9.82","1.75","1.75",".266","80.0%","37.7%","16.1%","92.8","3.16","","4.20","3.60","0.3","16358","641816"
"Steven Matz","STL","0","6","0","11","10","53.0","8.32","3.40","1.36",".378","72.1%","44.8%","16.0%","","5.60","","4.68","4.23","0.3","13361","571927"
"Kenley Jansen","BOS","1","2","11","17","0","15.2","10.34","5.74","0.57",".310","75.2%","23.3%","4.2%","","3.45","","3.72","5.33","0.3","3096","445276"
"Chase Anderson","- - -","0","0","1","5","3","20.2","4.35","2.18","0.44",".226","92.2%","38.7%","4.3%","93.7","1.31","","3.95","5.09","0.3","6895","502624"
"James Paxton","BOS","1","1","0","4","4","19.0","12.79","3.32","1.89",".310","81.5%","21.7%","16.7%","96.3","4.26","","4.27","3.55","0.3","11828","572020"
"Brandon Woodruff","MIL","1","0","0","2","2","11.1","9.53","2.38","0.79",".231","100.0%","44.4%","9.1%","96.7","0.79","","3.09","3.49","0.3","16162","605540"
"Steven Wilson","SDP","1","0","0","25","0","26.1","9.91","4.44","1.03",".203","84.7%","29.0%","8.3%","94.8","2.73","","4.14","4.84","0.3","20353","621051"
"Taijuan Walker","PHI","4","2","0","11","11","53.1","7.26","3.88","1.52",".301","68.8%","50.6%","16.4%","93.5","5.57","","5.14","4.59","0.3","11836","592836"
"Matthew Boyd","DET","3","4","0","10","10","48.1","8.19","4.10","1.30",".283","61.5%","36.1%","10.6%","91.5","5.59","","4.82","5.12","0.3","15440","571510"
"Seranthony Dominguez","PHI","1","2","0","25","0","21.0","9.86","3.86","0.43",".349","66.5%","45.3%","5.3%","97.9","3.86","","3.56","4.38","0.3","19249","622554"
"Taylor Clarke","KCR","1","0","0","23","1","25.2","10.17","3.16","1.05",".318","80.5%","32.4%","8.3%","95.0","3.16","","3.70","4.41","0.3","17611","664199"
"Dylan Lee","ATL","1","0","0","20","1","20.1","10.18","3.10","0.89",".302","72.1%","39.6%","9.5%","92.0","3.10","","3.32","3.69","0.3","19996","669276"
"Grant Anderson","TEX","1","0","0","1","0","2.2","23.63","0.00","0.00",".500","100.0%","50.0%","0.0%","92.3","0.00","","-1.98","-1.38","0.3","20546","681982"
"Adam Wainwright","STL","2","1","0","5","5","26.1","5.47","2.73","1.03",".351","58.8%","36.4%","7.1%","86.3","6.15","","4.45","5.51","0.3","2233","425794"
"Justin Verlander","NYM","2","2","0","5","5","30.0","6.60","1.80","1.50",".250","65.4%","36.6%","11.9%","94.7","4.80","","4.57","4.63","0.3","8700","434378"
"Jameson Taillon","CHC","0","3","0","8","8","31.1","9.19","3.16","1.44",".378","48.9%","31.1%","11.1%","94.2","8.04","","4.45","4.67","0.3","11674","592791"
"Lance Lynn","CHW","4","6","0","12","12","67.1","10.16","3.48","2.00",".335","62.4%","39.8%","20.8%","92.7","6.55","","5.24","4.05","0.3","2520","458681"
"Bryse Wilson","MIL","1","0","2","16","0","28.1","7.62","2.54","0.64",".250","78.0%","37.8%","6.7%","93.9","2.54","","3.45","4.22","0.3","19990","669060"
"Xzavion Curry","CLE","2","0","0","13","0","29.1","5.83","2.15","0.31",".272","75.9%","29.3%","2.5%","93.2","2.45","","3.13","4.86","0.3","25595","675540"
"Ranger Suarez","PHI","0","2","0","4","4","17.2","8.66","3.57","1.02",".364","57.3%","51.8%","18.2%","93.8","7.13","","4.01","3.53","0.3","17277","624133"
"Josh Staumont","KCR","0","0","0","19","1","18.0","11.50","5.00","0.00",".310","64.0%","40.0%","0.0%","95.9","4.50","","2.71","4.13","0.3","18335","622251"
"Cal Quantrill","CLE","2","4","0","11","11","59.1","5.16","3.03","1.06",".286","64.4%","40.5%","9.3%","94.1","5.61","","4.92","5.40","0.3","19312","615698"
"Steven Okert","MIA","2","0","0","20","0","17.1","13.50","4.15","1.04",".107","78.4%","34.5%","14.3%","93.7","2.08","","3.15","2.94","0.3","13580","595345"
"Fernando Cruz","CIN","1","0","0","12","0","15.2","12.64","4.60","0.57",".409","54.7%","39.5%","5.9%","93.9","7.47","","2.82","3.72","0.3","7048","518585"
"Blake Snell","SDP","1","6","0","11","11","56.0","9.80","5.46","1.45",".287","77.3%","37.5%","16.4%","95.1","4.50","","5.06","4.53","0.3","13543","605483"
"Tyler Rogers","SFG","0","4","2","24","0","28.0","7.71","2.89","0.64",".216","83.3%","52.7%","8.3%","","1.93","","3.56","3.99","0.3","15541","643511"
"Joe Musgrove","SDP","2","2","0","6","6","30.1","9.20","2.67","1.78",".326","69.1%","36.8%","16.2%","93.4","5.64","","4.89","4.26","0.3","12970","605397"
"Noah Davis","COL","0","1","0","3","3","11.2","9.26","3.86","0.77",".417","63.1%","62.2%","11.1%","","6.17","","3.87","3.98","0.3","25862","663562"
"Mark Leiter Jr.","CHC","1","1","2","23","0","22.2","13.10","2.78","1.19",".244","80.8%","45.8%","21.4%","91.4","2.78","","3.40","2.67","0.3","15551","643410"
"Eli Morgan","CLE","2","0","1","19","0","23.0","9.78","1.57","1.17",".313","83.3%","47.8%","15.8%","92.5","1.57","","3.31","2.93","0.3","20203","669212"
"Dylan Floro","MIA","3","3","5","25","0","24.0","8.63","3.00","0.75",".328","56.3%","55.1%","11.8%","93.0","4.50","","3.56","3.61","0.3","13394","571670"
"Nate Pearson","TOR","1","0","0","12","0","16.0","10.13","2.81","0.56",".256","76.9%","22.5%","4.5%","98.1","1.69","","2.96","4.34","0.3","20160","663878"
"Chris Martin","BOS","0","1","0","15","0","14.2","6.75","1.23","0.61",".238","94.8%","48.8%","9.1%","95.6","1.23","","3.07","3.37","0.3","11847","455119"
"John Schreiber","BOS","1","0","0","18","0","17.0","11.12","4.24","0.53",".333","83.3%","59.0%","10.0%","93.6","2.12","","3.15","3.32","0.3","20020","670167"
"Mike Mayers","KCR","1","0","0","3","1","13.1","9.45","3.38","0.68",".273","95.6%","45.5%","8.3%","93.5","1.35","","3.27","3.73","0.3","15451","594577"
"Lucas Sims","CIN","1","1","0","18","0","17.1","10.90","7.27","0.00",".256","70.4%","34.2%","0.0%","94.8","4.15","","3.79","5.44","0.3","13470","608371"
"Matt Moore","LAA","3","1","0","22","0","25.0","7.56","2.52","0.72",".177","88.5%","33.9%","6.5%","93.8","1.44","","3.71","4.65","0.3","1890","519043"
"Trevor Rogers","MIA","1","2","0","4","4","18.0","9.50","3.00","1.00",".286","72.1%","52.0%","10.5%","93.4","4.00","","4.10","4.34","0.2","22286","669432"
"Jeff Hoffman","PHI","0","0","0","8","0","9.2","13.03","4.66","0.00",".364","84.6%","47.6%","0.0%","97.1","0.93","","1.92","2.91","0.2","17432","656546"
"Julian Merryweather","CHC","1","0","0","22","0","22.1","11.28","3.63","0.81",".367","72.8%","41.9%","8.7%","97.7","4.43","","3.14","3.61","0.2","16703","657240"
"Mason Thompson","WSN","3","2","1","21","0","28.1","7.62","2.54","0.95",".296","64.0%","48.2%","12.0%","94.9","4.76","","4.01","4.04","0.2","21850","666168"
"Tayler Saucedo","SEA","2","0","0","13","0","12.0","10.50","2.25","0.00",".300","91.7%","64.3%","0.0%","93.4","0.75","","1.69","2.08","0.2","17888","642048"
"Brady Singer","KCR","3","4","0","11","11","54.1","8.12","3.81","1.33",".341","58.2%","42.8%","13.6%","","7.12","","4.87","4.69","0.2","25377","663903"
"Jose De Leon","MIN","0","1","0","6","0","8.2","11.42","2.08","0.00",".350","60.0%","50.0%","0.0%","94.2","3.12","","1.77","2.51","0.2","15463","592254"
"Zach Plesac","CLE","1","1","0","5","5","21.1","5.91","2.11","1.27",".410","58.2%","51.2%","12.5%","91.4","7.59","","4.49","4.45","0.2","19979","668676"
"Alex Faedo","DET","1","3","0","5","5","26.0","9.00","0.69","2.08",".232","44.9%","34.7%","17.6%","93.1","5.54","","4.50","3.58","0.2","19874","656412"
"German Marquez","COL","2","2","0","4","4","20.0","7.65","1.35","1.80",".268","67.1%","48.3%","22.2%","95.9","4.95","","4.62","3.45","0.2","15038","608566"
"Brayan Bello","BOS","3","3","0","8","8","39.1","9.38","3.20","1.60",".327","81.7%","59.7%","23.3%","96.1","3.89","","4.72","3.62","0.2","23920","678394"
"Tom Cosgrove","SDP","1","0","0","9","0","9.0","8.00","1.00","0.00",".174","100.0%","39.1%","0.0%","92.6","0.00","","1.83","3.60","0.2","23443","676680"
"Hunter Gaddis","CLE","1","1","0","7","6","30.1","5.93","2.67","1.19",".266","65.9%","26.8%","7.7%","93.7","5.34","","4.95","5.97","0.2","25636","683769"
"Martin Perez","TEX","6","1","0","11","11","61.0","6.49","2.95","1.48",".328","77.8%","41.1%","13.5%","92.6","4.43","","4.99","4.79","0.2","6902","527048"
"Matthew Liberatore","STL","1","1","0","3","2","11.0","7.36","4.91","0.00",".273","64.7%","50.0%","0.0%","95.3","4.91","","3.82","5.12","0.2","22294","669461"
"Drew VerHagen","STL","3","0","0","25","0","26.2","9.79","4.05","1.01",".312","71.8%","43.8%","9.4%","94.8","4.39","","3.91","4.36","0.2","13424","572403"
"Trevor Richards","TOR","0","0","0","18","0","24.0","13.88","4.50","1.13",".286","78.4%","30.8%","11.1%","93.0","3.38","","3.56","3.73","0.2","19309","670950"
"JT Chargois","MIA","1","0","1","12","0","10.0","6.30","2.70","0.00",".276","72.7%","64.3%","0.0%","94.2","2.70","","2.77","3.73","0.2","13767","608638"
"Luke Weaver","CIN","1","2","0","8","8","43.2","8.66","1.85","2.27",".317","76.8%","39.6%","19.0%","94.1","5.36","","5.38","4.22","0.2","16918","596133"
"Tyler Anderson","LAA","2","1","0","10","10","52.2","5.64","4.27","1.20",".304","68.7%","33.9%","8.6%","89.7","5.47","","5.34","6.06","0.2","12880","542881"
"Keegan Akin","BAL","1","1","0","16","1","14.0","7.71","2.57","0.64",".404","66.4%","34.0%","6.7%","93.9","5.14","","3.34","4.12","0.2","19362","669211"
"Jose Quijada","LAA","0","1","4","10","0","9.0","8.00","3.00","0.00",".286","46.2%","39.3%","0.0%","94.5","6.00","","3.16","5.11","0.2","19200","650671"
"Jared Shuster","ATL","2","2","0","6","6","30.2","6.16","5.58","0.59",".230","63.8%","33.3%","4.4%","91.6","4.99","","4.70","6.20","0.2","27472","694363"
"Victor Gonzalez","LAD","1","2","0","15","0","15.2","8.04","2.30","0.57",".211","79.4%","48.7%","8.3%","","2.30","","3.27","3.66","0.2","16408","624647"
"Chris Bassitt","TOR","5","4","0","11","11","66.1","7.73","3.53","1.49",".223","74.0%","41.8%","15.3%","92.6","3.80","","5.20","4.77","0.2","12304","605135"
"Luis Severino","NYY","0","0","0","2","2","11.1","7.94","3.18","0.79",".143","78.9%","34.5%","6.7%","97.5","1.59","","3.71","4.67","0.2","15890","622663"
"Carl Edwards Jr.","WSN","1","2","1","25","0","23.2","6.85","5.32","0.38",".271","80.4%","45.1%","4.3%","93.8","2.66","","4.20","5.20","0.2","13607","605218"
"Julio Urias","LAD","5","4","0","10","10","55.1","8.62","1.79","2.28",".264","81.5%","38.0%","20.3%","93.2","4.39","","5.29","3.99","0.2","14765","628711"
"Andrew Vasquez","PHI","1","0","0","17","0","25.1","7.82","2.84","0.36",".243","91.2%","47.1%","3.8%","89.3","1.42","","3.59","4.71","0.2","19482","607755"
"Kyle Nelson","ARI","4","1","0","25","0","20.2","10.89","3.05","1.31",".352","81.4%","37.7%","17.6%","92.5","2.61","","3.90","3.32","0.2","20515","669459"
"Colin Poche","TBR","4","1","1","23","0","19.2","5.49","4.12","0.46",".266","82.7%","29.7%","3.1%","92.7","2.29","","4.24","6.17","0.2","19403","621363"
"Kyle Hendricks","CHC","0","1","0","2","2","9.1","7.71","4.82","0.00",".400","66.7%","23.3%","0.0%","87.7","3.86","","3.48","5.53","0.2","12049","543294"
"Kevin Ginkel","ARI","1","0","0","21","0","24.1","8.14","2.96","0.74",".300","65.1%","54.2%","9.5%","95.9","3.33","","3.64","3.95","0.2","19876","656464"
"Kutter Crawford","BOS","1","2","0","10","2","30.2","8.80","1.76","1.76",".222","83.3%","34.5%","14.3%","95.2","3.52","","4.44","4.08","0.2","20531","676710"
"Drew Carlton","SDP","1","0","0","3","0","6.1","8.53","0.00","0.00",".235","75.0%","29.4%","0.0%","93.4","1.42","","1.37","3.89","0.2","19868","656290"
"Easton McGee","SEA","0","0","0","1","1","6.2","2.70","1.35","0.00",".053","100.0%","47.4%","0.0%","90.1","0.00","","3.12","4.79","0.2","22176","668834"
"Caleb Thielbar","MIN","0","1","0","11","0","10.0","9.00","1.80","0.90",".240","78.9%","48.0%","11.1%","93.2","1.80","","3.17","3.30","0.2","10078","573204"
"Tucker Davidson","LAA","1","1","2","12","0","23.0","9.00","2.74","0.78",".417","60.2%","46.6%","10.0%","91.8","7.04","","3.57","3.83","0.2","19871","656353"
"Scott Alexander","SFG","4","0","1","23","1","20.1","4.87","1.77","0.44",".222","59.1%","62.9%","9.1%","","3.98","","3.56","3.79","0.2","10591","518397"
"Luis Ortiz","PHI","0","0","0","8","0","10.0","9.00","2.70","0.00",".345","76.9%","53.6%","0.0%","95.6","2.70","","2.17","3.13","0.2","16942","656814"
"Jordan Hicks","STL","0","3","0","21","0","22.2","13.90","6.75","0.79",".333","70.2%","50.0%","18.2%","100.9","4.37","","3.84","3.47","0.2","19618","663855"
"Ryne Stanek","HOU","2","1","0","20","0","19.1","8.84","6.05","0.47",".275","75.2%","36.5%","4.0%","98.6","3.26","","3.99","5.38","0.2","15947","592773"
"Paul Blackburn","OAK","0","0","0","1","1","4.0","13.50","4.50","0.00",".400","83.3%","40.0%","0.0%","91.8","2.25","","1.77","2.97","0.2","14739","621112"
"Elvis Peguero","MIL","0","0","0","12","0","16.2","7.56","2.70","0.54",".250","73.9%","53.1%","6.3%","","3.24","","3.45","4.20","0.2","21652","665625"
"David Peterson","NYM","1","6","0","8","8","39.0","10.38","3.23","1.85",".404","58.8%","51.7%","25.0%","93.3","8.08","","4.78","3.42","0.2","20302","656849"
"JP Sears","OAK","0","3","0","11","11","59.2","8.15","1.66","1.96",".252","77.2%","27.9%","13.5%","93.3","4.37","","5.15","4.88","0.2","23429","676664"
"Phil Bickford","LAD","1","2","0","22","0","26.0","11.77","4.50","1.38",".368","57.7%","27.5%","12.1%","94.6","6.92","","4.15","4.18","0.2","18519","641360"
"Cristopher Sanchez","PHI","0","0","0","1","1","4.1","10.38","4.15","0.00",".385","57.1%","46.2%","0.0%","","6.23","","2.35","3.82","0.2","20778","650911"
"Daniel Lynch","KCR","0","0","0","1","1","5.1","10.13","5.06","0.00",".333","75.0%","40.0%","0.0%","93.1","3.38","","2.71","4.20","0.2","21537","663738"
"Noah Syndergaard","LAD","1","4","0","11","11","52.1","6.02","1.55","1.72",".318","62.5%","40.8%","16.7%","92.7","6.54","","5.22","4.56","0.1","11762","592789"
"Alex Wood","SFG","1","1","0","8","7","30.0","9.00","4.80","0.90",".333","71.1%","50.6%","9.7%","","4.80","","4.57","4.92","0.1","13781","622072"
"Sam Hentges","CLE","0","0","0","9","0","8.0","10.13","5.63","0.00",".300","72.7%","65.0%","0.0%","96.4","3.38","","2.89","3.49","0.1","18548","656529"
"Trevor Megill","MIL","0","0","0","5","0","5.2","15.88","1.59","0.00",".364","66.7%","45.5%","0.0%","98.8","3.18","","0.80","2.21","0.1","17722","656730"
"Kyle Wright","ATL","0","1","0","5","5","18.2","9.64","4.82","0.96",".356","65.2%","60.0%","16.7%","94.0","5.79","","4.45","4.08","0.1","19665","657140"
"Michael Grove","LAD","0","1","0","4","4","16.0","7.88","3.94","1.13",".373","53.4%","45.3%","11.1%","94.1","8.44","","4.64","4.81","0.1","23221","675627"
"Brock Stewart","MIN","1","0","1","16","0","16.0","11.25","6.19","0.56",".235","96.9%","32.4%","6.3%","97.2","1.13","","3.83","4.61","0.1","16727","592779"
"Ryan Walker","SFG","1","0","0","5","0","6.2","8.10","1.35","0.00",".333","71.4%","52.9%","0.0%","","1.35","","1.92","2.64","0.1","20423","676254"
"Aaron Loup","LAA","0","2","0","15","0","12.1","7.30","4.38","0.00",".404","59.3%","46.8%","0.0%","91.5","6.57","","3.59","5.40","0.1","10343","571901"
"Lucas Erceg","OAK","1","0","0","5","0","7.0","12.86","5.14","0.00",".286","87.5%","50.0%","0.0%","97.8","1.29","","2.13","3.27","0.1","19360","668674"
"Luis Cessa","CIN","1","4","0","7","6","26.0","3.81","4.15","1.04",".410","60.2%","38.3%","11.1%","92.4","9.00","","5.42","5.58","0.1","13345","570666"
"Ron Marinaccio","NYY","2","2","1","25","0","27.0","11.33","4.33","1.00",".233","67.1%","44.1%","11.5%","94.1","4.00","","4.08","4.17","0.1","23488","676760"
"Bryan Hoeing","MIA","0","1","0","12","2","19.2","6.41","4.12","0.46",".311","73.4%","38.7%","4.2%","","3.66","","4.03","5.32","0.1","26304","663773"
"Trevor Stephan","CLE","2","2","2","25","0","23.1","10.41","3.47","1.54",".305","98.4%","41.0%","16.0%","95.0","1.93","","4.34","3.82","0.1","19932","663986"
"Enyel De Los Santos","CLE","2","0","0","22","0","21.0","7.71","3.43","0.43",".200","82.5%","47.1%","4.8%","95.4","1.71","","3.75","4.72","0.1","18403","660853"
"Louie Varland","MIN","3","1","0","7","7","41.0","8.56","1.76","1.98",".270","90.4%","45.0%","21.4%","95.1","3.51","","4.88","3.66","0.1","27691","686973"
"Danny Young","ATL","0","0","0","8","0","8.1","11.88","2.16","0.00",".368","91.7%","47.4%","0.0%","","1.08","","2.43","3.58","0.1","18439","664849"
"Jovani Moran","MIN","0","1","0","21","0","23.2","10.27","4.94","0.76",".268","66.2%","42.9%","9.1%","93.0","3.80","","3.73","4.12","0.1","20422","663558"
"Seth Martinez","HOU","1","1","0","18","0","21.2","9.55","3.74","0.83",".344","77.6%","38.1%","9.5%","91.2","4.15","","4.01","4.35","0.1","21045","661527"
"Ian Gibaut","CIN","5","1","1","25","0","25.1","7.82","3.55","1.07",".258","75.5%","40.3%","10.0%","95.2","3.55","","4.49","4.84","0.1","17871","664139"
"Yohan Ramirez","PIT","0","0","0","12","0","19.0","9.95","3.79","0.47",".283","93.2%","66.0%","11.1%","","1.42","","3.48","3.55","0.1","19444","670990"
"Zack Thompson","STL","1","2","0","11","0","11.2","13.89","6.94","0.77",".407","71.4%","37.0%","16.7%","94.9","4.63","","3.61","3.32","0.1","25918","668868"
"Kenta Maeda","MIN","0","4","0","4","4","16.0","7.88","1.69","1.69",".377","45.9%","29.6%","11.1%","89.9","9.00","","4.52","4.77","0.1","18498","628317"
"Matt Barnes","MIA","1","0","0","23","1","21.0","8.57","3.86","0.86",".311","81.6%","48.4%","10.5%","93.6","3.43","","4.03","4.24","0.1","12863","598264"
"Jacob Webb","LAA","0","0","0","4","0","6.0","15.00","0.00","1.50",".200","76.9%","27.3%","16.7%","94.4","3.00","","2.60","2.03","0.1","19274","657097"
"Ian Kennedy","TEX","0","1","0","11","0","10.0","11.70","2.70","0.90",".357","36.8%","34.5%","7.1%","92.8","7.20","","3.17","4.10","0.1","6986","453178"
"Justin Garza","BOS","0","0","0","6","0","6.1","7.11","1.42","0.00",".167","50.0%","50.0%","0.0%","94.8","1.42","","2.16","3.93","0.1","19784","621057"
"Jesse Scholtens","CHW","0","2","0","5","1","16.2","4.86","4.32","0.54",".224","69.9%","38.8%","4.3%","92.3","3.24","","4.41","5.83","0.1","19205","669947"
"Rob Zastryzny","PIT","1","0","0","12","0","9.2","6.52","5.59","0.00",".344","64.7%","36.7%","0.0%","93.1","5.59","","3.68","5.99","0.1","15094","642239"
"Tommy Henry","ARI","3","1","0","8","7","41.0","5.49","3.51","1.32",".244","80.3%","42.3%","10.9%","90.9","3.73","","5.20","5.43","0.1","26285","674072"
"Mike Baumann","BAL","4","0","0","25","0","30.0","9.90","3.90","1.20",".257","71.4%","37.8%","12.1%","96.8","4.20","","4.10","4.12","0.1","20206","657508"
"Sam Moll","OAK","0","2","0","24","0","19.2","9.15","5.95","0.00",".182","57.7%","56.8%","0.0%","94.4","4.58","","3.98","4.71","0.1","14874","594580"
"Jason Adam","TBR","1","1","7","25","0","23.1","12.73","3.47","1.54",".269","77.9%","39.3%","20.0%","94.3","3.09","","4.21","3.35","0.1","11861","592094"
"Raisel Iglesias","ATL","1","2","5","11","0","9.2","10.24","4.66","0.93",".240","66.0%","42.3%","7.7%","94.6","3.72","","3.89","4.69","0.1","17130","628452"
"Joey Wentz","DET","1","5","0","11","11","47.0","7.66","3.26","1.72",".351","61.7%","38.4%","14.1%","94.1","7.28","","5.14","4.82","0.1","19962","666214"
"Joe Mantiply","ARI","1","0","0","8","0","7.2","9.39","0.00","1.17",".211","83.3%","55.0%","14.3%","89.8","2.35","","2.88","2.64","0.1","14857","573009"
"Austin Adams","ARI","0","0","0","4","0","3.0","12.00","3.00","0.00",".167","50.0%","50.0%","0.0%","93.6","3.00","","1.60","2.67","0.1","13801","613534"
"Brock Burke","TEX","2","2","0","19","0","23.0","6.65","1.57","1.17",".254","76.9%","37.1%","8.8%","94.6","3.13","","4.14","4.80","0.1","17968","656271"
"Colin Rea","MIL","2","3","0","9","8","42.1","7.44","3.19","1.70",".243","72.4%","50.4%","18.6%","93.2","4.89","","5.35","4.51","0.1","12317","607067"
"Jalen Beeks","TBR","2","2","1","21","6","28.1","8.58","4.45","0.95",".234","69.2%","50.6%","10.7%","94.9","4.45","","4.33","4.53","0.1","17192","656222"
"Alan Busenitz","CIN","0","0","0","4","0","4.0","6.75","2.25","0.00",".438","75.0%","37.5%","0.0%","95.2","4.50","","2.52","4.11","0.1","15239","641427"
"Tyler Glasnow","TBR","0","0","0","1","1","4.1","16.62","2.08","2.08",".444","65.2%","30.0%","33.3%","96.8","6.23","","3.27","1.37","0.1","14374","607192"
"Kevin Herget","CIN","1","1","1","10","0","17.2","5.60","2.04","1.02",".226","86.4%","34.5%","7.7%","92.5","2.55","","4.35","5.22","0.1","15369","643361"
"Andres Munoz","SEA","0","0","1","4","0","3.1","8.10","2.70","0.00",".364","100.0%","72.7%","0.0%","101.0","0.00","","2.37","3.80","0.1","20373","662253"
"Ben Joyce","LAA","0","0","0","1","0","1.0","18.00","0.00","0.00",".500","100.0%","50.0%","0.0%","101.5","0.00","","-0.73","0.86","0.1","31461","690829"
"John King","TEX","0","0","0","5","0","4.2","5.79","0.00","0.00",".524","81.8%","71.4%","0.0%","","3.86","","1.98","2.67","0.1","22051","667463"
"Braden Bristo","- - -","0","0","1","2","0","5.0","7.20","3.60","0.00",".143","75.0%","42.9%","0.0%","","0.00","","2.87","5.10","0.1","20494","668754"
"Nick Mears","COL","0","0","0","4","0","6.0","12.00","6.00","0.00",".286","75.0%","42.9%","0.0%","96.2","3.00","","2.60","4.20","0.1","25376","683232"
"Anthony Bass","TOR","0","0","0","21","0","19.0","9.00","4.26","0.95",".269","67.6%","40.7%","10.5%","94.6","4.26","","4.06","4.28","0.1","7982","542914"
"Andrew Nardi","MIA","3","1","1","28","0","24.2","10.22","3.28","1.46",".271","86.1%","44.3%","17.4%","94.4","2.92","","4.32","3.70","0.1","25942","677053"
"Nick Ramirez","NYY","0","0","0","6","0","9.0","5.00","4.00","0.00",".258","83.3%","58.1%","0.0%","","2.00","","3.49","5.26","0.1","12575","598286"
"Packy Naughton","STL","0","0","0","4","0","5.0","9.00","1.80","0.00",".182","100.0%","63.6%","0.0%","93.8","0.00","","1.87","2.83","0.1","23292","676050"
"George Soriano","MIA","0","0","0","3","0","7.0","3.86","2.57","0.00",".280","66.7%","36.0%","0.0%","95.5","2.57","","3.27","5.32","0.1","21863","666277"
"Tyler Holton","DET","0","0","0","15","0","28.1","6.04","2.22","0.95",".185","82.6%","46.4%","10.0%","91.5","2.54","","4.15","4.46","0.1","26231","663947"
"Ryan Sherriff","BOS","0","0","0","3","0","4.2","5.79","1.93","0.00",".214","75.0%","23.1%","0.0%","","1.93","","2.63","4.68","0.1","12249","595411"
"Eury Perez","MIA","2","1","0","4","4","19.0","9.00","4.74","1.42",".213","85.1%","28.6%","13.0%","97.5","2.84","","4.90","4.78","0.1","27768","691587"
"Rafael Montero","HOU","1","3","1","23","0","21.2","10.38","4.15","1.25",".419","66.1%","38.5%","11.5%","96.3","6.65","","4.15","4.26","0.1","12760","606160"
"Brent Headrick","MIN","0","0","1","3","0","8.1","12.96","4.32","1.08",".188","75.8%","17.6%","9.1%","92.2","3.24","","3.39","3.93","0.1","27702","687396"
"Michael Rucker","CHC","1","1","0","20","0","23.0","9.78","3.52","1.17",".418","74.1%","52.9%","18.8%","95.1","5.48","","4.23","3.64","0.1","19454","621074"
"J.P. France","HOU","1","1","0","5","5","27.0","8.67","2.67","2.00",".276","83.3%","47.6%","20.7%","93.8","4.00","","5.23","4.06","0.1","21212","641585"
"Zack Burdi","TBR","0","0","0","3","0","4.0","11.25","4.50","0.00",".462","25.0%","46.2%","0.0%","94.4","11.25","","2.27","4.26","0.1","19159","641420"
"Ronel Blanco","HOU","0","0","0","9","0","12.0","12.00","5.25","0.75",".441","66.4%","31.4%","6.3%","95.3","4.50","","3.69","4.73","0.1","19407","669854"
"Jon Heasley","KCR","0","0","0","1","0","2.2","3.38","0.00","0.00",".364","50.0%","18.2%","0.0%","93.6","6.75","","2.52","5.51","0.1","22224","669169"
"Jake Irvin","WSN","1","3","0","6","6","27.0","7.33","5.67","1.33",".295","67.6%","39.5%","11.8%","93.3","5.67","","5.79","5.87","0.1","21504","663623"
"Brandon Williamson","CIN","0","0","0","3","3","14.1","7.53","5.65","1.26",".250","65.9%","33.3%","10.0%","91.6","5.02","","5.29","5.70","0.1","25463","682227"
"Cole Sands","MIN","0","0","0","7","0","12.1","9.49","5.11","0.73",".273","100.0%","32.4%","5.9%","93.7","0.73","","3.92","5.06","0.1","21461","663485"
"Erik Swanson","TOR","2","2","0","25","0","25.1","11.72","4.62","1.42",".180","83.3%","34.6%","13.8%","93.7","3.20","","4.26","4.03","0.1","16587","657024"
"Ryan Weber","NYY","1","0","1","7","0","12.1","4.38","0.73","0.73",".326","83.3%","46.5%","8.3%","","2.92","","3.84","4.33","0.1","10160","543901"
"Chasen Shreve","DET","1","2","0","21","0","20.0","8.55","2.70","1.35",".333","69.8%","45.2%","13.6%","90.6","4.95","","4.37","4.17","0.1","10855","592741"
"Matt Carasiti","COL","0","0","0","4","0","7.1","4.91","4.91","0.00",".308","50.0%","61.5%","0.0%","95.7","7.36","","3.82","4.68","0.1","13276","571539"
"Joey Lucchesi","NYM","1","0","0","5","5","22.1","6.85","3.22","1.61",".281","77.9%","39.4%","14.3%","90.4","4.43","","5.15","4.82","0.1","19320","664192"
"Drew Smith","NYM","3","1","1","20","0","18.1","11.29","4.91","0.98",".293","75.4%","30.2%","9.5%","95.2","3.93","","4.47","4.88","0.0","17755","622098"
"Yonny Chirinos","TBR","2","1","0","7","1","29.0","3.41","3.41","0.62",".170","76.3%","47.8%","5.9%","94.0","2.79","","4.65","5.62","0.0","16401","630023"
"Ray Kerr","SDP","0","0","0","2","0","1.1","13.50","0.00","0.00",".333","100.0%","100.0%","0.0%","95.1","0.00","","0.27","0.27","0.0","23809","678061"
"Calvin Faucher","TBR","0","1","0","11","4","17.0","7.41","4.76","1.06",".288","66.1%","55.6%","15.4%","95.2","5.82","","4.92","4.61","0.0","20116","676534"
"Peyton Battenfield","CLE","0","5","0","7","6","34.2","7.01","3.12","1.82",".270","66.3%","43.0%","15.9%","91.2","5.19","","5.38","4.77","0.0","25777","685410"
"Keegan Thompson","CHC","2","2","0","15","0","21.1","6.75","5.91","0.42",".217","67.7%","40.0%","3.7%","94.2","4.22","","4.35","5.76","0.0","19795","624522"
"Justin Bruihl","LAD","1","0","0","14","0","16.1","7.16","1.65","1.10",".327","74.3%","51.0%","13.3%","","4.41","","4.19","4.06","0.0","23779","677865"
"Cody Bradford","TEX","0","1","0","2","2","10.0","7.20","2.70","1.80",".333","57.4%","28.1%","12.5%","89.7","7.20","","5.17","5.12","0.0","27597","674003"
"Alex Vesia","LAD","0","2","0","15","0","12.0","13.50","6.00","1.50",".595","74.5%","37.2%","12.5%","94.3","8.25","","4.44","4.39","0.0","25007","681911"
"Tyler Cyr","LAD","0","0","0","2","0","1.2","10.80","0.00","0.00",".250","100.0%","75.0%","0.0%","94.1","0.00","","0.87","1.83","0.0","18421","664202"
"Sam Bachman","LAA","0","0","0","2","0","3.0","12.00","6.00","0.00",".625","85.7%","50.0%","0.0%","","3.00","","2.60","2.60","0.0","29754","696147"
"Jason Vosler","CIN","0","0","0","2","0","2.0","0.00","0.00","0.00",".455","80.0%","36.4%","0.0%","60.1","4.50","","3.27","8.05","0.0","16686","613564"
"Silvino Bracho","CIN","0","0","0","4","0","5.1","6.75","8.44","0.00",".154","57.1%","30.8%","0.0%","92.1","5.06","","4.58","6.67","0.0","15051","611093"
"Luke Jackson","SFG","0","0","0","1","0","1.0","18.00","0.00","0.00",".000","100.0%","0.0%","0.0%","95.6","0.00","","-0.73","-0.73","0.0","11752","592426"
"Penn Murfee","SEA","1","2","0","15","0","13.0","10.38","6.23","0.69",".143","73.5%","46.4%","14.3%","88.1","1.38","","4.27","4.13","0.0","25174","682171"
"Richard Lovelady","OAK","0","3","0","18","0","16.2","9.18","3.78","1.08",".158","83.3%","57.5%","15.4%","90.8","2.16","","4.23","3.91","0.0","19337","663992"
"Guillermo Zuniga","STL","0","0","0","1","0","1.0","18.00","0.00","0.00",".000","100.0%","0.0%","0.0%","99.7","0.00","","-0.73","0.86","0.0","19588","670871"
"Scott McGough","ARI","0","4","1","26","0","29.2","10.62","3.64","1.52",".169","77.3%","55.9%","23.8%","93.9","3.34","","4.42","3.35","0.0","12056","543518"
"Levi Stoudt","CIN","0","1","0","2","1","7.0","7.71","5.14","1.29",".417","51.5%","48.0%","12.5%","94.2","10.29","","5.13","5.09","0.0","25650","686651"
"Collin McHugh","ATL","2","0","0","15","1","20.1","4.87","4.43","0.44",".394","75.8%","45.1%","3.8%","91.2","3.54","","4.60","6.00","0.0","7531","543521"
"Joe LaSorsa","TBR","0","0","0","1","0","2.0","9.00","4.50","0.00",".000","100.0%","25.0%","0.0%","","0.00","","2.77","4.36","0.0","25481","686747"
"Ryan Brasier","BOS","1","0","1","20","0","21.0","7.71","3.86","0.86",".344","52.8%","33.3%","8.0%","95.6","7.29","","4.36","5.02","0.0","5615","518489"
"Brandon Bielak","HOU","2","2","0","6","5","31.0","8.13","3.48","1.74",".326","90.4%","47.8%","18.8%","92.3","3.19","","5.14","4.27","0.0","19866","656232"
"Thomas Hatch","TOR","0","0","0","2","0","1.1","20.25","6.75","0.00",".500","100.0%","100.0%","0.0%","94.1","0.00","","1.02","1.02","0.0","19264","641672"
"Jackson Kowar","KCR","0","0","0","1","0","2.1","11.57","7.71","0.00",".000","100.0%","50.0%","0.0%","97.5","0.00","","3.27","4.64","0.0","21549","663804"
"Jimmy Yacabonis","NYM","2","1","0","5","0","9.0","8.00","4.00","1.00",".367","51.3%","48.4%","11.1%","","9.00","","4.60","4.75","0.0","15157","642231"
"Sammy Long","OAK","0","0","0","13","0","19.0","6.63","2.84","0.95",".231","76.9%","36.5%","8.7%","93.9","3.32","","4.27","4.83","0.0","25379","669674"
"Chi Chi Gonzalez","MIA","0","0","0","2","0","2.2","6.75","3.38","0.00",".400","80.0%","60.0%","0.0%","93.2","3.38","","2.89","4.09","0.0","14663","592346"
"Shelby Miller","LAD","1","0","1","21","0","25.0","8.64","6.12","0.72",".123","82.6%","36.2%","6.9%","93.3","2.52","","4.55","5.36","0.0","10197","571946"
"Trey Wingenter","DET","1","0","0","6","0","4.1","10.38","4.15","0.00",".385","55.6%","53.8%","0.0%","96.1","8.31","","3.73","5.20","0.0","17793","622259"
"Pete Fairbanks","TBR","0","1","5","13","0","11.2","7.71","3.86","0.77",".219","87.3%","56.3%","11.1%","98.2","1.54","","4.21","4.33","0.0","17998","664126"
"Brent Honeywell","SDP","2","2","0","21","0","29.2","8.49","3.03","1.52",".259","80.0%","50.6%","17.9%","95.0","3.64","","4.69","4.00","0.0","16466","641703"
"Adrian Martinez","OAK","0","0","0","11","0","23.2","7.61","3.04","1.14",".314","63.8%","35.6%","11.1%","","5.70","","4.37","4.54","0.0","21023","661309"
"Konnor Pilkington","CLE","0","0","0","1","0","2.0","9.00","4.50","0.00",".200","100.0%","40.0%","0.0%","93.5","0.00","","2.77","5.16","0.0","21453","663455"
"Caleb Kilian","CHC","0","1","0","1","1","3.1","10.80","5.40","0.00",".667","50.0%","35.7%","0.0%","93.8","18.90","","4.47","5.43","0.0","26213","668873"
"Cole Ragans","TEX","2","2","0","14","0","21.0","9.00","5.14","0.86",".286","63.8%","43.1%","10.0%","96.2","5.57","","4.36","4.64","0.0","21846","666142"
"DL Hall","BAL","0","0","0","1","0","3.0","21.00","3.00","3.00",".667","87.0%","28.6%","33.3%","93.9","6.00","","3.94","1.20","0.0","22207","669084"
"Jordan Weems","WSN","0","0","0","2","0","2.1","11.57","7.71","0.00",".250","100.0%","50.0%","0.0%","96.6","0.00","","3.27","4.64","0.0","13190","607179"
"Luis Guillorme","NYM","0","0","0","1","0","1.0","0.00","0.00","0.00",".250","100.0%","0.0%","0.0%","69.6","0.00","","3.27","8.05","0.0","16451","641645"
"Luke Williams","LAD","0","0","0","1","0","1.0","0.00","0.00","0.00",".000","100.0%","33.3%","0.0%","53.0","0.00","","3.27","6.46","0.0","19931","663897"
"Nate Eaton","KCR","0","0","0","1","0","1.0","9.00","0.00","0.00",".500","100.0%","75.0%","0.0%","93.4","0.00","","1.27","1.27","0.0","25055","681987"
"Heath Hembree","TBR","0","0","0","1","0","1.1","13.50","6.75","0.00",".000","100.0%","100.0%","0.0%","93.6","0.00","","2.52","2.52","0.0","11632","592390"
"Luke Maile","CIN","0","0","0","2","0","2.0","0.00","0.00","0.00",".400","75.0%","20.0%","0.0%","68.2","4.50","","3.27","6.46","0.0","13355","571912"
"Jose Urquidy","HOU","2","2","0","6","6","27.2","7.48","3.25","1.95",".325","78.7%","32.6%","15.0%","93.4","5.20","","5.62","5.10","0.0","18413","664353"
"Nick Burdi","CHC","0","0","0","3","0","3.0","12.00","9.00","0.00",".375","50.0%","25.0%","0.0%","98.0","9.00","","3.60","6.26","0.0","16074","595897"
"Jose Rodriguez","SEA","0","0","0","1","0","3.0","3.00","3.00","0.00",".300","25.0%","60.0%","0.0%","95.9","9.00","","3.60","4.67","0.0","17860","642578"
"Austin Cox","KCR","0","0","0","1","0","2.0","4.50","4.50","0.00",".000","100.0%","60.0%","0.0%","93.3","0.00","","3.77","5.36","0.0","24604","680735"
"Anthony Misiewicz","ARI","1","0","0","7","0","8.0","6.75","3.38","1.13",".370","71.4%","32.1%","9.1%","93.0","5.63","","4.52","5.09","0.0","18152","664948"
"Blair Calvo","COL","0","0","0","1","0","1.0","0.00","0.00","0.00",".000","100.0%","66.7%","0.0%","","0.00","","3.27","3.27","0.0","25416","663971"
"Cole Irvin","BAL","0","2","0","4","3","13.0","9.00","5.54","1.38",".390","49.6%","27.9%","10.5%","91.9","10.38","","5.35","5.68","0.0","19244","608344"
"Zach Muckenhirn","NYM","0","0","0","2","0","3.2","4.91","2.45","0.00",".385","85.7%","38.5%","0.0%","91.6","2.45","","3.82","5.99","0.0","20209","669105"
"Chris Owings","PIT","0","0","0","1","0","1.0","0.00","0.00","0.00",".333","100.0%","16.7%","0.0%","49.3","0.00","","3.27","8.05","0.0","10030","572008"
"Jake Lamb","LAA","0","0","0","1","0","1.0","0.00","0.00","0.00",".250","100.0%","0.0%","0.0%","56.4","0.00","","3.27","8.05","0.0","13329","571875"
"Brandon Dixon","SDP","0","0","0","1","0","1.0","0.00","0.00","0.00",".000","100.0%","33.3%","0.0%","50.3","0.00","","3.27","6.46","0.0","15214","641525"
"Yimi Garcia","TOR","1","2","0","26","0","24.2","10.95","3.28","1.46",".368","61.0%","50.0%","26.7%","95.9","6.20","","4.28","3.14","0.0","12095","554340"
"Tucker Barnhart","CHC","0","0","0","1","0","1.0","0.00","0.00","0.00",".400","100.0%","20.0%","0.0%","","0.00","","3.27","8.05","0.0","10200","571466"
"Jose Herrera","ARI","0","0","0","1","0","1.0","0.00","0.00","0.00",".571","50.0%","28.6%","0.0%","62.8","18.00","","3.27","6.46","0.0","17040","645444"
"Isiah Kiner-Falefa","NYY","0","0","0","1","0","1.0","0.00","0.00","0.00",".250","100.0%","0.0%","0.0%","67.4","0.00","","3.27","6.46","0.0","16512","643396"
"Ryan McKenna","BAL","0","0","0","1","0","1.0","0.00","0.00","0.00",".667","50.0%","66.7%","0.0%","","18.00","","3.27","4.86","0.0","19928","663630"
"Zack Short","DET","0","0","0","1","0","1.0","0.00","0.00","0.00",".500","66.7%","33.3%","0.0%","43.5","9.00","","3.27","3.27","0.0","19562","670097"
"Nick Sandlin","CLE","2","2","0","19","0","19.1","8.38","2.79","1.40",".136","55.6%","50.0%","15.8%","92.4","3.26","","4.36","3.91","0.0","20517","680704"
"Eduardo Salazar","CIN","0","0","0","3","0","3.1","2.70","5.40","0.00",".471","40.0%","52.9%","0.0%","95.2","16.20","","4.47","5.43","0.0","23135","674285"
"Alex Claudio","MIL","0","0","0","1","0","0.1","0.00","0.00","0.00",".667","100.0%","0.0%","0.0%","","0.00","","3.27","3.27","0.0","12890","592222"
"Willi Castro","MIN","0","0","0","1","0","0.1","0.00","0.00","0.00",".000","100.0%","100.0%","0.0%","74.9","0.00","","3.27","3.27","0.0","17338","650489"
"Wandy Peralta","NYY","2","1","3","26","0","24.0","9.00","4.88","0.75",".224","80.9%","63.2%","15.4%","95.7","2.25","","4.23","4.01","0.0","14295","593974"
"Garrett Whitlock","BOS","2","2","0","4","4","21.0","6.43","1.29","2.14",".288","73.7%","42.2%","20.0%","","5.14","","5.51","4.31","0.0","20191","676477"
"Kendall Graveman","CHW","1","2","4","23","0","22.2","9.13","3.97","1.19",".173","81.7%","43.6%","11.5%","96.3","2.78","","4.68","4.79","0.0","15514","608665"
"Drey Jameson","ARI","2","1","1","7","3","20.2","9.58","5.66","1.31",".296","89.9%","42.1%","13.0%","97.5","3.05","","4.91","4.80","0.0","26260","686753"
"Cole Waites","SFG","0","0","0","3","0","2.1","7.71","7.71","0.00",".545","37.5%","54.5%","0.0%","95.8","15.43","","4.13","5.49","0.0","25665","686972"
"Matt Beaty","SFG","0","0","0","1","0","1.0","9.00","9.00","0.00",".600","25.0%","40.0%","0.0%","54.7","27.00","","4.27","5.86","0.0","17710","607461"
"Edwin Uceta","NYM","0","0","0","1","0","3.0","9.00","6.00","0.00",".000","100.0%","40.0%","0.0%","93.5","0.00","","4.27","5.86","0.0","20539","670955"
"Joel Kuhnel","CIN","0","0","0","1","0","2.0","0.00","4.50","0.00",".500","50.0%","60.0%","0.0%","96.5","13.50","","4.77","5.57","0.0","19995","669270"
"Ethan Small","MIL","0","0","0","1","0","3.0","15.00","0.00","3.00",".667","52.6%","30.8%","25.0%","92.0","15.00","","4.27","2.06","0.0","26364","663629"
"Josh Winder","MIN","0","0","0","1","0","0.2","13.50","13.50","0.00",".750","50.0%","50.0%","0.0%","94.8","27.00","","4.77","7.16","0.0","24606","680739"
"Derek Law","CIN","3","4","1","20","2","21.0","8.57","5.57","1.29",".273","85.8%","39.3%","13.6%","96.2","2.57","","5.08","4.89","0.0","13133","571882"
"Andrew Bellatti","PHI","1","0","0","15","0","12.2","9.95","6.39","1.42",".286","65.9%","37.8%","13.3%","94.3","5.68","","5.24","5.08","0.0","10657","571479"
"Dinelson Lamet","COL","1","2","0","13","1","13.2","11.20","7.90","1.32",".452","39.7%","52.3%","14.3%","95.1","13.17","","5.32","5.05","0.0","17186","659275"
"Ryan Yarbrough","KCR","1","4","0","10","3","26.1","4.78","2.39","1.03",".289","61.5%","38.6%","8.1%","87.7","6.15","","5.17","5.93","0.0","16502","642232"
"Jeremiah Estrada","CHC","0","0","0","9","0","8.2","12.46","7.27","1.04",".300","95.2%","23.8%","11.1%","95.7","2.08","","4.42","4.58","0.0","22210","669093"
"Daniel Bard","COL","1","0","0","14","0","15.2","6.32","6.32","0.57",".184","100.0%","35.9%","5.3%","94.5","0.57","","5.18","6.29","0.0","7115","453268"
"Dereck Rodriguez","- - -","0","0","0","2","0","2.2","3.38","6.75","0.00",".222","75.0%","55.6%","0.0%","91.9","3.38","","4.77","7.16","0.0","14509","605446"
"Taylor Hearn","TEX","0","0","0","4","0","7.0","9.00","5.14","1.29",".364","43.1%","21.7%","12.5%","95.9","10.29","","4.84","4.81","0.0","18325","621368"
"Sean Hjelle","SFG","1","1","0","10","0","13.1","10.80","6.75","0.68",".444","44.3%","46.7%","11.1%","","10.13","","4.54","4.65","0.0","21481","663546"
"Sammy Peralta","CHW","0","0","0","1","0","0.2","27.00","27.00","0.00","1.000","50.0%","50.0%","0.0%","","27.00","","6.27","8.66","0.0","25589","671111"
"Brett Phillips","LAA","0","0","0","1","0","0.1","0.00","27.00","0.00",".500","100.0%","0.0%","0.0%","73.8","0.00","","12.27","17.05","0.0","14735","621433"
"Darren McCaughan","SEA","0","0","0","2","0","4.0","15.75","6.75","2.25",".455","65.8%","66.7%","25.0%","88.9","6.75","","5.27","3.61","0.0","20038","670766"
"James Naile","STL","0","0","0","3","0","4.1","2.08","6.23","0.00",".400","54.5%","65.0%","0.0%","","4.15","","4.89","5.62","0.0","18186","664942"
"Nick Lodolo","CIN","2","1","0","7","7","34.1","12.32","2.62","2.62",".435","81.1%","46.0%","27.0%","93.9","6.29","","5.80","3.73","0.0","26378","666157"
"Liam Hendriks","CHW","0","0","0","1","0","1.0","0.00","9.00","0.00",".500","50.0%","33.3%","0.0%","95.8","18.00","","6.27","9.46","0.0","3548","521230"
"Josh Taylor","KCR","1","3","0","17","1","17.2","13.25","4.58","2.04",".409","55.1%","45.8%","25.0%","93.0","8.15","","4.80","3.30","0.0","17359","657031"
"Josh Harrison","PHI","0","0","0","2","0","1.2","0.00","10.80","0.00",".615","50.0%","15.4%","0.0%","56.5","27.00","","6.87","9.74","0.0","8202","543281"
"Erich Uelmen","PHI","0","0","0","1","0","1.0","9.00","18.00","0.00",".600","20.0%","40.0%","0.0%","92.7","36.00","","7.27","8.86","0.0","20323","657272"
"Tommy Milone","SEA","0","0","0","1","1","4.2","5.79","3.86","1.93",".154","100.0%","35.7%","16.7%","87.0","1.93","","6.06","5.32","0.0","7608","543548"
"Brennan Bernardino","BOS","1","0","0","12","0","13.1","7.43","2.70","1.35",".300","80.2%","52.4%","18.2%","","3.38","","4.69","4.06","0.0","16835","657514"
"Tommy Hunter","NYM","0","0","0","12","0","21.0","7.71","1.71","1.29",".313","58.1%","51.4%","12.0%","92.8","6.00","","4.27","4.31","0.0","1157","488984"
"Harold Castro","COL","0","0","0","1","0","1.0","0.00","9.00","0.00",".400","50.0%","40.0%","0.0%","63.4","18.00","","9.27","14.05","0.0","14691","605612"
"Brandon Hughes","CHC","0","2","0","13","0","11.1","11.91","3.97","1.59",".280","73.8%","40.0%","22.2%","93.7","4.76","","4.50","3.48","0.0","23460","676714"
"Michael Tonkin","ATL","3","2","0","13","0","26.1","6.49","2.05","1.37",".203","61.9%","39.5%","11.8%","","3.42","","4.48","4.57","0.0","10315","543859"
"Tanner Banks","CHW","0","0","0","4","0","8.0","5.63","2.25","1.13",".227","78.9%","47.8%","11.1%","92.1","3.38","","4.77","4.94","0.0","16990","621383"
"Austin Pruitt","OAK","1","2","0","12","2","14.1","5.65","3.14","1.26",".292","82.4%","40.0%","10.0%","91.6","3.77","","4.87","5.28","0.0","15290","643493"
"Tim Herrin","CLE","1","0","0","9","0","9.2","12.10","3.72","1.86",".318","49.0%","39.1%","22.2%","96.3","7.45","","4.51","3.31","0.0","25139","682120"
"Jeff Lindgren","MIA","0","0","0","1","0","5.0","0.00","5.40","0.00",".222","42.9%","16.7%","0.0%","90.3","7.20","","5.07","8.90","0.0","25830","689167"
"Kody Clemens","PHI","0","0","0","3","0","1.2","5.40","16.20","0.00",".500","85.7%","37.5%","0.0%","52.3","5.40","","7.47","8.43","0.0","20572","665019"
"Tylor Megill","NYM","5","3","0","11","11","54.0","7.17","4.50","1.33",".313","72.0%","43.5%","13.6%","94.7","4.67","","5.27","5.09","0.0","21318","656731"
"Pablo Reyes","BOS","0","0","0","1","0","1.0","0.00","18.00","0.00",".400","75.0%","80.0%","0.0%","68.2","9.00","","9.27","10.86","0.0","16357","622569"
"Zack Littell","- - -","0","1","0","6","0","6.1","8.53","4.26","1.42",".409","60.3%","34.8%","12.5%","94.4","8.53","","4.85","4.81","0.0","15823","641793"
"Josh Walker","NYM","0","0","0","1","0","1.0","0.00","18.00","0.00",".000","100.0%","0.0%","0.0%","94.5","0.00","","9.27","14.05","0.0","23617","677020"
"Luis Ortiz","PIT","1","2","0","4","4","20.2","6.10","4.79","1.31",".309","68.2%","47.9%","13.6%","96.4","4.35","","5.40","5.21","0.0","27646","682847"
"Parker Mushinski","HOU","0","0","0","3","0","3.1","10.80","5.40","0.00",".455","80.0%","45.5%","0.0%","92.7","5.40","","5.37","6.80","0.0","21324","656786"
"Gavin Stone","LAD","0","0","0","3","3","10.0","4.50","6.30","0.90",".478","45.5%","39.1%","8.3%","93.8","14.40","","5.67","6.28","0.0","27792","694813"
"Robbie Ray","SEA","0","1","0","1","1","3.1","8.10","13.50","0.00",".364","44.4%","40.0%","0.0%","93.9","8.10","","5.97","7.40","0.0","11486","592662"
"Tyler Alexander","DET","1","0","0","16","0","24.0","8.63","0.75","1.88",".342","50.0%","26.3%","13.5%","89.9","6.38","","4.44","4.19","0.0","17735","641302"
"Cory Abbott","WSN","0","0","0","2","0","4.0","4.50","4.50","2.25",".167","100.0%","53.8%","25.0%","91.7","2.25","","7.02","5.36","0.0","20277","676265"
"Javier Assad","CHC","0","2","0","7","1","21.2","6.23","3.74","1.25",".302","70.9%","46.9%","12.0%","93.7","4.98","","4.93","4.97","0.0","21741","665871"
"Nicholas Padilla","CHW","0","0","0","1","0","2.0","9.00","0.00","4.50",".429","76.9%","25.0%","50.0%","","9.00","","7.77","2.86","0.0","21327","656820"
"Jose Cisnero","DET","2","0","1","23","0","20.1","8.85","3.54","1.33",".317","86.3%","44.3%","11.5%","96.0","3.10","","4.70","4.82","0.0","6399","542585"
"Dominic Leone","NYM","0","1","0","10","0","11.0","8.18","2.45","1.64",".364","77.5%","28.6%","14.3%","94.8","4.91","","4.63","4.30","0.0","13763","608678"
"Adam Ottavino","NYM","0","2","5","24","0","21.1","9.28","2.95","1.27",".255","73.4%","52.8%","15.8%","","4.22","","4.44","4.03","0.0","1247","493603"
"Zack Kelly","BOS","0","0","0","6","0","7.1","7.36","7.36","0.00",".300","78.6%","52.6%","0.0%","95.1","3.68","","4.91","6.43","0.0","20349","677161"
"Janson Junk","MIL","0","1","0","1","1","4.2","3.86","3.86","1.93",".316","52.6%","61.1%","25.0%","91.6","7.71","","6.48","5.06","0.0","23301","676083"
"Simeon Woods Richardson","MIN","0","0","0","1","0","4.2","9.64","5.79","1.93",".400","58.1%","40.0%","14.3%","90.9","9.64","","5.84","5.45","0.0","24494","680573"
"Zach Davies","ARI","0","1","0","3","3","12.2","7.11","5.68","1.42",".316","72.9%","48.7%","15.4%","90.2","5.68","","5.64","5.22","0.0","13183","605200"
"Craig Kimbrel","PHI","3","1","7","22","0","20.0","14.40","4.95","2.25",".286","68.4%","32.5%","25.0%","96.0","5.85","","4.97","3.31","0.0","6655","518886"
"Nick Wittgren","KCR","0","0","0","3","0","3.1","0.00","8.10","0.00",".357","75.0%","42.9%","0.0%","92.0","5.40","","5.97","8.84","0.0","15594","621295"
"Joe Jimenez","ATL","0","1","0","20","0","18.1","11.78","2.95","1.96",".340","79.4%","29.4%","15.4%","95.0","4.42","","4.63","4.06","0.0","15761","641729"
"Bennett Sousa","MIL","0","0","0","1","0","1.2","10.80","5.40","5.40",".250","62.5%","20.0%","33.3%","94.2","10.80","","10.47","5.54","0.0","21345","656986"
"Riley Pint","COL","0","0","0","1","0","0.1","0.00","81.00","0.00",".500","75.0%","50.0%","0.0%","","27.00","","30.27","35.05","0.0","21858","666207"
"Lane Thomas","WSN","0","0","0","1","0","1.0","9.00","0.00","9.00",".500","0.0%","40.0%","50.0%","86.7","27.00","","14.27","4.46","0.0","16939","657041"
"Deivi Garcia","NYY","0","0","1","1","0","3.0","6.00","3.00","3.00",".125","100.0%","33.3%","20.0%","95.0","3.00","","7.27","5.59","0.0","20276","665620"
"Jacob Stallings","MIA","0","0","0","2","0","2.0","4.50","0.00","4.50",".200","100.0%","50.0%","33.3%","75.2","4.50","","8.77","4.66","0.0","13723","607732"
"Hogan Harris","OAK","0","0","0","2","0","5.1","8.44","10.13","0.00",".167","33.3%","41.7%","0.0%","93.6","10.13","","5.33","7.13","-0.1","21520","663687"
"Matt Gage","HOU","0","0","0","3","0","4.0","11.25","4.50","2.25",".364","89.3%","36.4%","50.0%","94.0","4.50","","5.52","3.07","-0.1","17381","657424"
"Ty Blach","COL","0","0","0","6","0","11.0","3.27","1.64","1.64",".417","51.9%","50.0%","20.0%","91.1","8.18","","5.45","4.54","-0.1","14361","621389"
"Hayden Wesneski","CHC","2","2","0","9","8","43.0","6.70","2.30","2.09",".266","73.8%","36.8%","20.0%","94.1","4.81","","5.64","4.47","-0.1","27581","669713"
"Hanser Alberto","CHW","0","0","0","2","0","1.2","5.40","5.40","5.40",".556","53.6%","30.0%","25.0%","63.4","21.60","","11.67","7.70","-0.1","11902","593643"
"Mike Soroka","ATL","0","1","0","1","1","6.0","4.50","3.00","1.50",".222","65.8%","61.1%","16.7%","93.6","6.00","","6.44","5.86","-0.1","18383","647336"
"Zach McKinstry","DET","0","0","0","1","0","1.0","0.00","0.00","9.00",".400","62.5%","50.0%","50.0%","81.4","18.00","","16.27","6.46","-0.1","19392","656716"
"Amir Garrett","KCR","0","0","0","23","0","21.0","10.29","7.29","0.86",".340","87.7%","48.1%","10.0%","95.0","3.00","","4.65","4.93","-0.1","14375","607237"
"Sandy Leon","TEX","0","0","0","1","0","1.0","0.00","0.00","9.00",".000","0.0%","0.0%","25.0%","80.1","18.00","","19.27","12.65","-0.1","5273","506702"
"Connor Brogdon","PHI","2","0","0","25","1","27.0","7.67","4.00","1.33",".286","83.8%","35.0%","10.8%","95.0","3.33","","4.94","5.19","-0.1","21205","641401"
"Yerry Rodriguez","TEX","0","0","0","4","0","4.0","2.25","4.50","2.25",".214","87.0%","40.0%","14.3%","97.4","4.50","","7.52","7.06","-0.1","21955","666720"
"JoJo Romero","STL","0","0","0","6","0","7.2","7.04","5.87","1.17",".167","78.9%","57.9%","25.0%","95.4","3.52","","5.36","4.49","-0.1","19574","668941"
"Albert Abreu","NYY","2","1","0","21","0","27.2","9.43","5.53","0.98",".243","71.8%","45.2%","10.3%","97.0","3.58","","4.64","4.90","-0.1","17485","656061"
"Brett Wisely","SFG","0","0","0","1","0","1.0","0.00","0.00","9.00",".000","100.0%","25.0%","50.0%","78.8","9.00","","16.27","6.46","-0.1","27735","689172"
"Miles Mastrobuoni","CHC","0","0","0","1","0","0.1","0.00","0.00","27.00",".750","0.0%","20.0%","100.0%","74.2","108.00","","42.27","8.05","-0.1","20017","670156"
"Randy Vasquez","NYY","0","1","0","1","1","4.2","11.57","5.79","1.93",".273","92.1%","16.7%","14.3%","94.6","3.86","","6.70","6.30","-0.1","24719","681190"
"Christian Bethancourt","TBR","0","0","0","1","0","0.1","0.00","0.00","27.00",".667","0.0%","0.0%","50.0%","","81.00","","42.27","12.83","-0.1","10028","542194"
"Max Castillo","KCR","0","1","0","4","0","14.0","5.79","3.86","1.29",".311","74.3%","37.0%","12.5%","93.4","5.14","","5.34","5.31","-0.1","21956","666721"
"Jhony Brito","NYY","3","3","0","10","9","40.1","6.69","4.02","1.56",".289","65.1%","46.8%","13.5%","95.9","5.58","","5.53","5.32","-0.1","25386","666745"
"Anthony Banda","WSN","0","0","0","10","0","7.0","7.71","6.43","1.29",".364","73.5%","40.9%","16.7%","95.7","6.43","","5.98","5.49","-0.1","14706","607455"
"Casey Legumina","CIN","1","0","0","8","0","10.1","7.84","4.35","1.74",".333","63.4%","65.6%","28.6%","94.9","4.35","","5.50","4.06","-0.1","25921","668984"
"Mike Brosseau","MIL","0","0","0","3","0","2.1","0.00","3.86","3.86",".000","100.0%","50.0%","25.0%","69.9","3.86","","10.13","7.29","-0.1","19683","670712"
"J.B. Bukauskas","SEA","0","0","0","1","0","1.0","9.00","18.00","0.00",".500","50.0%","75.0%","0.0%","","9.00","","7.27","7.27","-0.1","20491","656266"
"Michael Fulmer","CHC","0","4","1","25","0","22.0","10.23","4.09","1.64",".368","57.8%","39.3%","19.0%","94.5","7.36","","4.72","3.88","-0.1","13218","605242"
"Reiss Knehr","SDP","0","0","0","3","0","3.2","7.36","7.36","2.45",".273","35.7%","50.0%","33.3%","92.8","12.27","","7.63","5.39","-0.1","21541","663753"
"Brooks Raley","NYM","1","0","1","22","0","18.1","9.82","2.95","1.47",".244","90.9%","40.4%","14.3%","90.3","2.95","","4.85","4.55","-0.1","10061","548384"
"Michael Kopech","CHW","3","5","0","11","11","61.2","10.22","4.52","2.04",".227","82.0%","35.1%","19.2%","96.1","4.52","","5.75","4.69","-0.1","17282","656629"
"Jimmy Herget","LAA","0","2","0","12","0","12.1","6.57","2.92","1.46",".316","80.2%","35.0%","14.3%","92.6","4.38","","5.13","4.84","-0.1","17556","623474"
"Erasmo Ramirez","WSN","2","2","0","21","0","25.1","4.62","1.42","1.42",".315","65.9%","44.7%","11.8%","92.6","5.68","","5.01","5.09","-0.1","10314","541640"
"Jake Reed","LAD","0","0","0","1","0","0.2","13.50","13.50","13.50","1.000","0.0%","60.0%","50.0%","91.8","81.00","","24.27","9.55","-0.1","16209","596082"
"Tyson Miller","MIL","0","0","0","4","0","6.2","6.75","0.00","2.70",".286","64.5%","21.7%","16.7%","","6.75","","6.12","5.09","-0.1","19976","668338"
"Nick Pivetta","BOS","3","3","0","12","8","49.1","9.49","3.47","1.82",".296","67.8%","31.3%","15.6%","94.2","5.66","","5.20","4.63","-0.1","15454","601713"
"Jace Peterson","OAK","0","0","0","1","0","1.0","9.00","18.00","9.00",".333","76.9%","0.0%","33.3%","58.1","18.00","","20.27","12.05","-0.1","12325","607054"
"Denyi Reyes","NYM","0","1","0","6","1","7.1","9.82","3.68","2.45",".316","73.2%","47.6%","28.6%","93.8","6.14","","5.86","3.84","-0.1","20526","660593"
"Austin Gomber","COL","4","4","0","11","11","54.0","5.67","3.67","2.00",".294","62.5%","41.3%","19.4%","91.0","7.00","","6.12","5.06","-0.1","16561","596295"
"Wander Suero","LAD","0","0","0","4","0","6.2","9.45","5.40","2.70",".133","38.5%","35.3%","20.0%","","8.10","","6.87","5.36","-0.1","15855","593833"
"Jay Jackson","TOR","0","0","0","3","0","3.0","6.00","6.00","3.00",".000","100.0%","25.0%","16.7%","93.7","3.00","","8.27","7.12","-0.1","7432","543351"
"Joe Barlow","TEX","0","0","0","5","0","3.1","5.40","2.70","2.70",".273","83.3%","25.0%","12.5%","93.5","5.40","","6.87","6.80","-0.1","22296","669618"
"Jeff Brigham","NYM","0","1","0","18","0","18.1","10.80","2.45","1.96",".139","86.5%","37.5%","19.0%","93.7","3.44","","4.85","3.84","-0.1","16631","656257"
"Johan Quezada","MIA","0","0","0","1","0","0.2","0.00","67.50","0.00",".333","50.0%","33.3%","0.0%","97.2","40.50","","25.77","30.55","-0.1","20643","629498"
"Reiver Sanmartin","CIN","1","0","0","14","0","14.0","8.36","6.43","1.29",".333","57.9%","54.3%","18.2%","90.9","7.07","","5.41","4.81","-0.1","19754","665665"
"Austin Warren","LAA","1","0","0","2","0","1.2","10.80","0.00","5.40",".333","100.0%","0.0%","33.3%","","5.40","","8.67","3.74","-0.1","24937","681810"
"Chad Smith","OAK","1","1","0","8","0","10.0","5.40","4.50","0.90",".323","64.1%","56.3%","9.1%","","6.30","","5.17","5.62","-0.1","20190","663385"
"Carlos Perez","OAK","0","0","0","2","0","1.2","0.00","10.80","5.40",".429","87.0%","12.5%","25.0%","65.2","10.80","","14.67","10.70","-0.1","10642","542208"
"John Curtiss","NYM","0","0","0","11","0","13.0","4.85","3.46","1.38",".231","68.2%","43.9%","11.1%","94.3","4.85","","5.35","5.55","-0.1","16128","595928"
"Pierce Johnson","COL","0","1","11","23","0","21.2","12.05","5.40","2.08",".368","75.0%","23.0%","17.2%","95.9","6.23","","5.39","4.53","-0.1","13435","572955"
"Jose Cuas","KCR","3","0","0","25","0","24.2","11.31","3.28","1.82",".348","81.3%","35.2%","18.5%","92.1","4.74","","4.73","3.84","-0.1","17701","621016"
"Tristan Beck","SFG","0","0","1","10","0","26.1","8.20","1.37","1.71",".278","79.2%","51.9%","21.7%","94.5","4.10","","4.60","3.52","-0.1","21584","663941"
"Spencer Turnbull","DET","1","4","0","7","7","31.0","6.97","4.35","1.45",".327","60.4%","48.5%","15.2%","95.0","7.26","","5.56","5.16","-0.1","16207","605513"
"Alan Trejo","COL","0","0","0","2","0","2.0","4.50","0.00","9.00",".286","83.3%","22.2%","28.6%","80.9","13.50","","15.27","7.85","-0.1","20056","676701"
"Dylan Coleman","KCR","0","0","0","5","0","5.0","9.00","12.60","1.80",".375","31.7%","41.2%","16.7%","94.3","18.00","","8.07","7.38","-0.1","22276","669395"
"Garrett Cleavinger","TBR","1","0","0","15","0","12.0","10.50","4.50","1.50",".160","78.4%","40.7%","16.7%","95.5","3.00","","4.85","4.28","-0.1","17897","664076"
"Connor Seabold","COL","1","2","0","12","5","36.1","6.69","3.22","1.73",".317","67.7%","37.1%","13.7%","92.8","5.94","","5.77","5.51","-0.1","19695","657756"
"Hoby Milner","MIL","0","0","0","24","0","20.2","7.40","1.74","1.74",".310","84.1%","45.2%","18.2%","88.4","3.92","","4.87","4.05","-0.1","13346","571948"
"James Kaprielian","OAK","0","6","0","10","7","37.2","9.08","5.26","1.67",".355","60.1%","26.1%","11.9%","92.8","8.12","","5.82","5.90","-0.1","18331","621076"
"Luis Frias","ARI","0","0","0","5","0","6.2","10.80","9.45","1.35",".450","57.7%","57.1%","20.0%","96.4","10.80","","5.97","5.22","-0.1","21997","666818"
"Dennis Santana","NYM","1","0","0","8","0","8.2","11.42","5.19","2.08",".286","71.4%","30.4%","18.2%","95.6","6.23","","5.81","4.83","-0.1","17878","642701"
"Jonathan Loaisiga","NYY","0","0","0","3","0","3.1","2.70","0.00","2.70",".100","100.0%","63.6%","33.3%","97.2","2.70","","7.47","5.00","-0.1","19753","642528"
"Zack Weiss","LAA","1","0","0","2","0","1.2","10.80","5.40","5.40",".400","100.0%","16.7%","33.3%","93.5","5.40","","10.47","5.54","-0.1","15444","592848"
"Zach Neal","OAK","0","0","0","2","0","3.1","8.10","0.00","5.40",".222","83.3%","45.5%","50.0%","89.8","8.10","","9.27","3.38","-0.1","11294","594943"
"Luke Raley","TBR","0","0","0","2","0","2.2","3.38","0.00","6.75",".563","24.4%","27.8%","33.3%","53.6","30.38","","12.27","6.11","-0.1","19354","670042"
"Kirby Yates","ATL","1","0","0","20","0","19.1","11.64","6.98","1.40",".214","88.2%","23.3%","11.5%","93.7","3.26","","5.18","5.31","-0.1","9073","489446"
"Jake Cousins","MIL","0","0","0","8","0","9.1","6.75","8.68","0.96",".280","89.7%","61.5%","20.0%","94.9","2.89","","6.06","5.52","-0.1","21620","664776"
"Jose Leclerc","TEX","0","1","1","18","0","16.1","8.82","6.61","1.10",".250","75.5%","23.8%","8.0%","94.9","3.31","","5.11","5.95","-0.1","14524","600917"
"Daniel Castano","MIA","0","0","0","1","0","1.0","18.00","9.00","18.00",".000","0.0%","0.0%","66.7%","90.8","27.00","","28.27","7.05","-0.1","19805","641447"
"Carlos Vargas","ARI","0","0","0","5","0","4.2","13.50","7.71","3.86",".375","97.2%","40.0%","66.7%","99.5","5.79","","9.06","4.51","-0.1","22915","672841"
"Sean Nolin","MIA","0","0","0","1","0","3.0","6.00","6.00","6.00",".417","48.4%","35.7%","28.6%","90.8","18.00","","12.60","7.66","-0.1","11341","543594"
"Genesis Cabrera","STL","1","0","0","20","0","20.0","12.60","5.85","1.80",".326","78.7%","34.0%","18.2%","95.6","4.95","","5.02","4.17","-0.1","17490","650893"
"Hobie Harris","WSN","0","0","0","15","0","18.1","4.42","5.89","0.98",".302","70.5%","38.5%","7.1%","94.4","5.40","","5.83","6.85","-0.1","18615","665048"
"Logan Gillaspie","BAL","0","1","0","9","0","6.2","8.10","5.40","1.35",".458","70.5%","32.0%","20.0%","95.9","6.75","","5.67","4.92","-0.1","22461","670810"
"Domingo Acevedo","OAK","0","0","0","9","0","9.1","6.75","1.93","1.93",".400","49.4%","24.3%","13.3%","93.2","10.61","","5.52","5.30","-0.1","17092","642758"
"Jose Butto","NYM","0","1","0","3","2","12.0","3.75","8.25","0.75",".231","86.7%","51.3%","8.3%","93.9","3.00","","6.27","6.78","-0.1","23313","676130"
"Reyes Moronta","LAA","0","0","0","2","0","1.1","13.50","20.25","6.75",".600","100.0%","16.7%","50.0%","95.2","6.75","","16.77","9.41","-0.1","14966","606625"
"McKinley Moore","PHI","0","0","0","3","0","3.1","5.40","13.50","2.70",".364","47.2%","41.7%","20.0%","97.8","18.90","","12.27","10.76","-0.1","25663","686842"
"Cionel Perez","BAL","1","1","0","24","0","20.1","6.20","4.87","0.89",".387","72.1%","48.6%","9.5%","96.8","4.87","","4.94","5.31","-0.1","19614","672335"
"Connor Overton","CIN","0","1","0","3","3","11.0","7.36","5.73","2.45",".444","55.0%","38.5%","18.8%","91.7","11.45","","7.09","5.86","-0.1","18376","656818"
"Domingo Tapia","SDP","0","1","1","12","0","13.1","8.10","6.75","1.35",".206","81.4%","47.2%","13.3%","97.8","3.38","","5.89","5.74","-0.1","12178","593619"
"Mychal Givens","BAL","0","1","0","6","0","4.0","4.50","13.50","0.00",".308","45.5%","46.2%","0.0%","91.6","11.25","","7.52","8.32","-0.1","10430","571710"
"Peter Lambert","COL","1","1","0","7","0","18.1","9.82","2.95","2.45",".304","78.9%","43.1%","21.7%","94.1","5.40","","5.78","4.23","-0.1","17969","663567"
"Andre Pallante","STL","2","0","0","17","0","19.2","7.78","3.66","1.37",".309","80.6%","72.4%","42.9%","95.9","4.12","","4.90","3.48","-0.1","26108","669467"
"Wil Crowe","PIT","0","1","1","5","0","9.2","8.38","8.38","0.93",".296","73.9%","37.0%","33.3%","94.0","4.66","","5.86","5.01","-0.2","19800","640444"
"Sean Manaea","SFG","2","3","0","12","6","36.2","11.54","4.66","1.96",".333","59.4%","32.7%","21.6%","93.8","5.89","","5.34","4.11","-0.2","15873","640455"
"Thad Ward","WSN","0","0","0","14","0","19.2","8.24","6.86","1.37",".136","75.8%","43.5%","14.3%","93.6","4.12","","5.71","5.43","-0.2","21513","663658"
"Dylan Covey","- - -","0","1","0","3","1","9.2","8.38","1.86","3.72",".364","64.5%","54.1%","36.4%","","7.45","","7.41","3.84","-0.2","14825","592229"
"Taylor Rogers","SFG","1","2","1","22","0","18.1","9.82","4.91","1.47",".209","75.8%","41.3%","14.3%","","3.93","","5.18","4.88","-0.2","13449","573124"
"Karl Kauffmann","COL","0","3","0","3","3","12.2","4.97","4.97","2.13",".413","50.4%","39.6%","15.8%","90.1","11.37","","7.14","6.45","-0.2","27488","666154"
"Ryan Tepera","LAA","2","2","0","10","0","8.2","10.38","3.12","2.08",".448","64.0%","51.7%","18.2%","91.8","7.27","","5.69","4.72","-0.2","10291","572193"
"Yunior Marte","PHI","0","0","0","11","0","10.1","9.58","6.10","2.61",".276","58.0%","37.5%","23.1%","98.4","8.71","","6.95","5.18","-0.2","14416","628708"
"Antonio Senzatela","COL","0","1","0","2","2","7.2","4.70","2.35","3.52",".190","100.0%","54.2%","42.9%","94.2","4.70","","8.10","4.46","-0.2","15488","622608"
"Cody Bolton","PIT","0","0","0","4","0","6.1","7.11","7.11","2.84",".458","49.4%","40.0%","20.0%","94.7","15.63","","8.64","7.05","-0.2","23265","675989"
"Lucas Luetge","ATL","1","0","0","9","0","9.2","9.31","5.59","1.86",".406","57.3%","47.1%","25.0%","87.5","10.24","","6.06","4.69","-0.2","8337","476595"
"Chad Kuhl","WSN","0","3","1","8","5","27.1","7.90","5.60","1.98",".321","60.1%","30.2%","15.0%","93.3","7.90","","6.34","5.82","-0.2","14975","641771"
"Yency Almonte","LAD","3","0","0","24","0","23.0","7.83","3.91","1.57",".292","57.8%","40.6%","14.8%","96.0","7.04","","5.36","4.97","-0.2","15068","622075"
"Kaleb Ort","BOS","1","0","0","12","0","12.1","8.76","4.38","2.19",".325","58.5%","29.3%","12.5%","96.3","7.30","","6.19","6.13","-0.2","20061","672391"
"Jakob Junis","SFG","3","2","0","15","0","29.2","10.92","4.55","1.52",".368","83.3%","43.0%","19.2%","94.4","3.94","","4.65","3.86","-0.2","13619","596001"
"Andre Jackson","LAD","0","0","1","6","0","14.2","7.98","1.84","3.07",".304","60.0%","37.3%","23.8%","95.1","7.98","","6.54","4.39","-0.2","21298","656578"
"Cole Sulser","ARI","0","0","0","3","0","4.1","8.31","6.23","4.15",".111","93.8%","36.4%","40.0%","93.2","6.23","","9.50","5.34","-0.2","15256","642121"
"Alex Colome","CHW","0","1","0","4","0","3.0","6.00","9.00","3.00",".111","27.8%","77.8%","100.0%","93.9","6.00","","9.27","5.47","-0.2","6661","517008"
"Duane Underwood Jr.","PIT","1","0","2","20","0","24.1","5.18","4.07","1.11",".292","68.2%","44.0%","14.3%","","5.18","","5.08","4.85","-0.2","14677","621249"
"Fernando Abad","COL","0","0","0","3","0","2.2","0.00","6.75","6.75",".364","96.2%","23.1%","28.6%","92.9","10.13","","15.27","9.70","-0.2","4994","472551"
"Juan Then","SEA","0","0","0","9","0","11.0","4.09","1.64","2.45",".289","84.7%","63.4%","33.3%","94.5","4.91","","6.45","4.21","-0.2","22828","672730"
"Richard Bleier","BOS","1","0","0","19","0","20.0","5.40","1.35","1.80",".303","59.8%","51.5%","21.1%","89.2","5.85","","5.42","4.33","-0.2","7803","542947"
"Matthew Festa","SEA","0","0","0","3","0","3.1","13.50","16.20","2.70",".286","65.8%","37.5%","25.0%","91.8","10.80","","9.57","7.58","-0.2","19330","670036"
"Reynaldo Lopez","CHW","0","4","4","26","0","24.0","12.38","4.13","2.25",".308","69.1%","33.3%","20.7%","98.9","5.63","","5.14","3.82","-0.2","16400","625643"
"Ryan Thompson","TBR","1","1","0","16","0","15.0","5.40","4.20","1.20",".217","54.9%","48.9%","11.8%","91.7","6.60","","5.60","5.68","-0.2","16647","657044"
"Brad Keller","KCR","3","4","0","9","9","43.1","6.44","8.31","0.62",".306","76.4%","57.5%","8.3%","94.8","4.36","","5.72","6.14","-0.2","15734","641745"
"Austin Voth","BAL","1","1","0","19","0","28.2","8.79","3.14","1.57",".313","75.7%","36.4%","14.3%","93.4","4.71","","4.94","4.62","-0.2","15047","608723"
"Andres Machado","WSN","0","0","0","13","0","16.0","6.19","2.25","2.25",".320","65.2%","42.6%","28.6%","97.0","6.75","","5.89","4.04","-0.2","14681","600921"
"Chase Silseth","LAA","1","1","0","8","1","16.2","7.02","5.94","1.62",".255","59.6%","62.0%","25.0%","94.9","5.40","","6.03","4.84","-0.2","30074","681217"
"Garrett Crochet","CHW","0","0","0","6","0","6.1","5.68","12.79","1.42",".250","82.2%","38.1%","10.0%","96.6","5.68","","8.80","9.26","-0.2","27463","676979"
"Robert Stephenson","PIT","0","3","0","18","0","14.0","10.93","5.14","1.93",".273","69.6%","36.1%","18.8%","97.0","5.14","","5.34","4.38","-0.2","13594","596112"
"Joely Rodriguez","BOS","0","0","0","5","0","4.0","11.25","13.50","4.50",".417","39.2%","50.0%","50.0%","","18.00","","11.77","6.86","-0.2","11487","570257"
"Dylan Dodd","ATL","2","1","0","4","4","20.1","4.43","2.21","2.21",".361","73.3%","39.0%","14.3%","92.2","6.64","","6.37","5.91","-0.2","29928","689266"
"Greg Weissert","NYY","0","0","0","5","0","5.1","8.44","8.44","3.38",".357","98.0%","56.3%","40.0%","93.4","5.06","","9.64","6.26","-0.2","20375","669711"
"Peter Solomon","ARI","0","0","0","5","0","13.1","4.05","7.43","1.35",".319","42.0%","38.8%","11.1%","93.3","12.15","","7.02","7.22","-0.2","20476","656981"
"Spencer Patton","OAK","0","0","0","4","0","5.1","1.69","1.69","3.38",".167","62.5%","25.0%","16.7%","91.8","6.75","","8.33","7.04","-0.2","12361","607359"
"Diego Castillo","SEA","0","0","0","8","0","8.2","7.27","7.27","2.08",".208","73.8%","53.8%","18.2%","94.2","6.23","","7.42","6.45","-0.2","17496","650895"
"Tim Hill","SDP","1","1","0","25","0","22.2","5.56","1.99","1.59",".310","85.0%","63.5%","22.2%","91.1","3.97","","5.52","4.49","-0.2","16814","657612"
"Cooper Criswell","TBR","1","1","0","4","0","15.1","9.98","3.52","1.76",".381","71.4%","44.4%","25.0%","","6.46","","5.36","4.06","-0.2","24975","681867"
"Jake Diekman","- - -","0","1","0","21","0","17.0","8.47","8.47","1.06",".283","47.9%","50.0%","12.5%","95.3","7.41","","5.92","5.89","-0.2","5003","518617"
"Johnny Cueto","MIA","0","1","0","1","1","1.0","0.00","9.00","18.00",".250","0.0%","0.0%","40.0%","90.4","36.00","","32.27","14.24","-0.2","6893","456501"
"Yusei Kikuchi","TOR","6","2","0","11","11","56.1","8.31","3.04","2.40",".290","86.4%","38.5%","21.4%","95.4","4.47","","5.95","4.47","-0.2","20633","579328"
"Trevor Kelley","TBR","0","1","0","8","2","11.0","4.91","3.27","2.45",".235","84.7%","37.8%","17.6%","90.0","4.91","","7.09","6.01","-0.2","18454","665001"
"Kyle Finnegan","WSN","2","2","11","23","0","22.0","10.23","4.50","2.05",".351","76.7%","42.4%","23.8%","97.3","4.91","","5.59","4.15","-0.2","15009","640448"
"Matt Manning","DET","1","1","0","2","2","11.2","5.40","2.31","3.09",".235","95.7%","34.2%","18.2%","93.2","4.63","","7.30","5.85","-0.2","20369","666159"
"Shintaro Fujinami","OAK","2","5","0","17","4","30.0","9.30","7.20","1.20",".344","38.3%","37.2%","10.3%","97.6","12.00","","5.74","6.08","-0.2","31839","660261"
"Carlos Carrasco","NYM","2","2","0","6","6","31.1","5.46","3.73","1.72",".250","69.1%","48.0%","16.7%","92.4","5.74","","6.08","5.42","-0.3","6632","471911"
"Chris Flexen","SEA","0","4","0","12","4","33.1","6.48","3.78","1.62",".337","68.7%","43.1%","17.1%","92.1","6.21","","5.43","4.76","-0.3","13896","623167"
"Chase De Jong","PIT","0","0","0","5","0","9.1","4.82","4.82","2.89",".303","54.1%","27.8%","15.0%","92.8","10.61","","8.31","7.54","-0.3","15036","608328"
"Javy Guerra","- - -","0","0","0","14","2","13.1","6.08","12.15","0.68",".302","73.6%","30.2%","5.3%","98.0","6.75","","7.39","8.69","-0.3","17292","642770"
"Rico Garcia","OAK","0","0","0","3","0","3.0","3.00","9.00","6.00",".273","57.7%","30.8%","33.3%","96.2","15.00","","14.27","8.79","-0.3","20023","670329"
"Garrett Hill","DET","0","0","1","5","0","7.0","9.00","6.43","2.57",".250","21.7%","36.4%","16.7%","94.7","10.29","","7.13","6.14","-0.3","25097","682051"
"Jonathan Hernandez","TEX","1","1","0","24","0","21.0","9.00","4.29","1.71",".298","73.9%","40.7%","16.0%","","5.57","","5.60","5.02","-0.3","17464","642546"
"Colten Brewer","NYY","0","0","0","3","0","8.1","4.32","3.24","3.24",".130","100.0%","61.5%","30.0%","","4.32","","8.43","5.66","-0.3","12997","605155"
"Zach Pop","TOR","1","1","0","15","0","13.2","9.22","3.95","2.63",".219","52.6%","38.9%","33.3%","","6.59","","6.34","3.94","-0.3","20185","647315"
"Gus Varland","MIL","0","0","0","8","0","8.2","6.23","8.31","3.12",".364","60.6%","50.0%","33.3%","95.7","11.42","","9.50","6.66","-0.3","24737","681402"
"Brad Boxberger","CHC","0","1","2","17","0","14.2","7.98","5.52","1.84",".256","74.5%","45.2%","20.0%","92.0","5.52","","6.20","5.17","-0.3","10133","502202"
"Grayson Rodriguez","BAL","2","2","0","10","10","45.1","11.12","4.17","2.58",".372","67.4%","38.8%","27.1%","96.9","7.35","","5.92","3.88","-0.3","24492","680570"
"Nabil Crismatt","SDP","0","1","0","6","0","10.0","7.20","4.50","2.70",".389","58.5%","48.7%","25.0%","89.2","10.80","","7.37","5.38","-0.3","17732","622503"
"Kyle Muller","OAK","1","4","0","10","10","47.0","6.32","4.40","1.72",".370","64.3%","46.2%","17.6%","93.1","8.04","","6.01","5.25","-0.3","20167","666205"
"Jorge Alcala","MIN","0","1","0","10","0","15.1","7.04","4.70","2.35",".220","61.0%","35.6%","19.0%","95.4","6.46","","6.86","5.65","-0.3","19459","660896"
"Jake Woodford","STL","1","2","0","7","6","30.0","5.40","3.30","2.10",".333","79.2%","53.8%","24.1%","92.7","5.40","","6.50","5.01","-0.4","18674","663765"
"Dany Jimenez","OAK","0","0","1","7","0","6.2","5.40","8.10","2.70",".111","83.3%","35.0%","18.2%","92.7","5.40","","8.67","7.40","-0.4","21170","666204"
"Brandon Pfaadt","ARI","0","2","0","5","5","23.2","6.85","3.04","3.04",".315","61.2%","27.2%","20.5%","93.4","8.37","","7.16","5.39","-0.4","27782","694297"
"Stephen Nogosek","NYM","0","1","0","11","0","21.1","8.86","5.48","2.11",".305","74.2%","35.9%","19.2%","94.7","6.33","","6.46","5.35","-0.4","19545","668665"
"Jordan Lyles","KCR","0","9","0","11","11","61.2","6.57","3.36","2.34",".247","48.7%","29.6%","15.1%","91.1","7.30","","6.35","5.72","-0.4","7593","543475"
"Adam Cimber","TOR","0","0","1","16","0","15.0","4.80","4.20","2.40",".217","92.0%","42.0%","22.2%","85.2","4.20","","7.47","5.92","-0.4","15288","643256"
"Jimmy Lambert","CHW","2","1","0","23","1","21.1","10.13","5.48","2.53",".316","70.9%","34.4%","20.7%","94.5","5.91","","6.64","5.16","-0.4","19541","669424"
"Garrett Acton","OAK","0","0","0","6","0","5.2","7.94","7.94","4.76",".333","64.8%","33.3%","25.0%","95.8","12.71","","11.56","8.06","-0.4","27583","670183"
"Madison Bumgarner","ARI","0","3","0","4","4","16.2","5.40","8.10","2.16",".350","59.3%","37.5%","15.4%","89.6","10.26","","8.07","7.44","-0.4","5524","518516"
"Devin Smeltzer","MIA","0","1","0","6","1","15.2","5.74","2.30","3.45",".300","71.4%","32.1%","21.4%","89.5","6.89","","8.31","6.18","-0.4","19487","656970"
"Jeurys Familia","OAK","0","1","2","14","0","12.2","6.39","9.24","1.42",".282","62.0%","52.5%","15.4%","94.8","6.39","","7.22","6.80","-0.4","5114","544727"
"Alek Manoah","TOR","1","6","0","12","12","57.2","7.49","6.40","1.56",".302","73.1%","38.8%","13.9%","93.0","5.46","","6.25","5.99","-0.4","26410","666201"
"Corey Kluber","BOS","2","6","0","9","9","41.2","7.34","3.89","2.38",".278","65.9%","30.9%","17.5%","88.7","6.26","","6.58","5.56","-0.4","2429","446372"
"Adam Oller","OAK","1","1","0","9","1","19.2","5.95","5.49","2.29",".343","51.4%","29.3%","13.9%","94.0","10.07","","7.24","6.85","-0.5","20132","670124"
"Jose Ruiz","- - -","1","1","0","23","0","25.0","8.64","4.68","2.16",".324","70.7%","38.8%","20.7%","96.2","6.48","","6.63","5.36","-0.5","14552","614179"
"Ross Stripling","SFG","0","2","0","9","5","32.1","7.24","2.78","2.78",".313","65.8%","45.9%","35.7%","91.9","7.24","","6.70","4.06","-0.5","13273","548389"
"James Karinchak","CLE","1","4","0","26","0","22.2","12.71","6.35","2.38",".167","88.5%","25.5%","21.4%","95.5","4.37","","6.27","4.80","-0.5","20151","675916"
"Jose Suarez","LAA","1","2","0","6","6","24.1","7.77","5.55","3.33",".359","63.5%","32.9%","21.4%","92.6","9.62","","8.20","6.14","-0.5","19911","660761"
"Trevor May","OAK","2","3","0","12","0","11.0","6.55","8.18","2.45",".294","72.1%","29.7%","15.8%","95.0","7.36","","8.63","7.84","-0.5","6398","543507"
"Eric Lauer","MIL","4","5","0","9","8","42.2","8.65","4.22","2.74",".283","72.6%","25.4%","20.6%","91.2","5.48","","6.71","5.11","-0.5","19316","641778"
"Jorge Lopez","MIN","1","2","3","26","0","23.0","7.43","3.13","1.96",".242","76.9%","53.6%","26.3%","97.6","4.30","","6.01","4.50","-0.6","14527","605347"
"Drew Rucinski","OAK","0","4","0","4","4","18.0","3.00","7.00","2.50",".319","57.1%","44.6%","18.5%","89.5","9.00","","8.71","7.49","-0.6","12499","607968"
"Luis Medina","OAK","0","4","0","5","4","27.2","7.81","3.25","3.25",".237","66.7%","44.2%","31.3%","95.9","6.83","","7.32","4.46","-0.6","21649","665622"
"Josh Fleming","TBR","1","0","0","11","3","48.2","4.44","3.51","1.66",".271","74.9%","58.9%","25.7%","91.8","4.62","","5.86","4.60","-0.7","20418","676596"
"Matt Bush","MIL","0","1","1","9","0","7.2","9.39","7.04","4.70",".118","78.1%","23.8%","44.4%","94.8","8.22","","10.31","5.40","-0.7","1246","456713"
"Mason Englert","DET","1","2","0","18","0","31.2","6.25","2.56","2.27",".280","69.0%","43.8%","19.0%","91.8","4.83","","6.11","4.94","-0.7","22288","669438"
"Ken Waldichuk","OAK","1","4","0","12","10","50.2","8.70","5.68","2.49",".358","70.7%","36.6%","20.9%","93.1","7.46","","7.00","5.52","-0.8","27681","686610"
"Jose Urena","COL","0","4","0","5","5","18.1","4.42","6.87","4.42",".295","66.9%","44.3%","33.3%","95.8","9.82","","10.96","6.93","-0.8","11589","570632"
