,Name,Pos,WAR,Owner,PlayerId
0,Shohei Ohtani,"P,DH",7.7,Alden,19755
,Corbin Burnes,,,Sid,19361
1,Aaron Judge,"OF,DH",7.5,Sid,15640
2,Juan Soto,"OF,DH",6.7,Benji,20123
3,Mike Trout,"OF,DH",6.4,Reuben,10155
4,Yordan Alvarez,"OF,DH",5.9,Graham,19556
5,Mookie Betts,"OF,DH",5.8,Benji,13611
6,Nolan Arenado,"3B,DH",5.8,Jesse,9777
7,Julio Rodríguez,"OF,DH",5.7,Graham,23697
8,Trea Turner,"SS,DH",5.7,Jesse,16252
9,Jacob deGrom,P,5.6,Reuben,10954
10,José Ramírez,"3B,DH",5.6,Nick,13510
11,Alex Bregman,"3B,DH",5.6,Alden,17678
12,Ronald Acuña Jr.,"OF,DH",5.4,Nick,18401
13,Francisco Lindor,"SS,DH",5.3,Sid,12916
14,Kyle Tucker,"OF,DH",5.3,Jesse,18345
15,Carlos Correa,"SS,DH",5.3,Alden,14162
16,Wander Franco,"SS,DH",5.2,Graham,23667
17,Adley Rutschman,"C,DH",5.2,Benji,26288
18,Austin Riley,"3B,DH",5,Sid,18360
19,Manny Machado,"3B,DH",5,Benji,11493
20,Rafael Devers,"3B,DH",4.9,Graham,17350
21,Fernando Tatis Jr.,DH,4.9,Reuben,19709
22,Freddie Freeman,"1B,DH",4.9,Jesse,5361
23,Marcus Semien,"2B,SS,DH",4.9,Alden,12533
24,Brandon Nimmo,"OF,DH",4.8,Alden,12927
25,Jose Altuve,"2B,DH",4.7,Jesse,5417
26,Matt Chapman,"3B,DH",4.7,Alden,16505
27,Carlos Rodón,P,4.6,Reuben,16137
28,Aaron Nola,P,4.6,Benji,16149
29,Gerrit Cole,P,4.6,Nick,13125
30,J.T. Realmuto,"C,DH",4.6,Sid,11739
31,Vladimir Guerrero Jr.,"1B,DH",4.6,Nick ,19611
32,Corey Seager,"SS,DH",4.6,Alden,13624
33,Will Smith,"C,DH",4.5,Reuben,19197
34,Xander Bogaerts,"SS,DH",4.5,Benji,12161
35,Paul Goldschmidt,"1B,DH",4.5,Jesse,9218
36,Andrés Giménez,"2B,SS,DH",4.4,Sid,19950
37,Byron Buxton,"OF,DH",4.4,Graham,14161
38,Michael Harris II,"OF,DH",4.4,Jesse,25931
39,Bo Bichette,"SS,DH",4.4,Nick,19612
40,Zack Wheeler,P,4.3,Reuben,10310
41,George Springer,"OF,DH",4.3,Sid,12856
42,Pete Alonso,"1B,DH",4.3,Graham,19251
43,Dansby Swanson,"SS,DH",4.3,Nick ,18314
44,Max Scherzer,P,4.2,Benji,3137
45,Sean Murphy,"C,DH",4.2,Graham,19352
46,Willy Adames,"SS,DH",4.2,Reuben,15986
47,Luis Robert Jr.,"OF,DH",4.2,Alden,20043
48,Matt Olson,"1B,DH",4.1,Sid,14344
49,Bryan Reynolds,"OF,DH",4.1,Alden,19326
50,Justin Verlander,P,3.9,Reuben,8700
51,Shane Bieber,P,3.9,Benji,19427
52,Sandy Alcantara,P,3.9,Nick ,18684
53,Alejandro Kirk,"C,DH",3.9,Sid,22581
54,Tommy Edman,"2B,SS,DH",3.9,Graham,19470
55,Gunnar Henderson,"3B,DH",3.9,Reuben,26289
56,Brandon Woodruff,P,3.8,Reuben,16162
57,Brandon Lowe,"2B,DH",3.8,Reuben,18882
58,Harrison Bader,"OF,DH",3.8,Alden,18030
59,Shane McClanahan,P,3.7,Reuben,21483
60,Luis Castillo,P,3.7,Sid,15689
61,Jeff McNeil,"2B,OF,DH",3.7,Graham,15362
62,Anthony Rendon,"3B,DH",3.7,Reuben,12861
63,Daulton Varsho,"C,OF,DH",3.7,Nick,19918
64,Kevin Gausman,P,3.6,Alden,14107
65,Jazz Chisholm Jr.,"2B,DH",3.6,Nick,20454
66,Spencer Strider,P,3.5,Nick,27498
67,Max Fried,P,3.5,Reuben,13743
68,Cedric Mullins,"OF,DH",3.5,Graham,17929
69,Joe Musgrove,P,3.5,Sid,12970
70,Masataka Yoshida,DH,3.5,Sid,31837
71,Bobby Witt Jr.,"3B,SS,DH",3.5,Nick ,25764
72,Luis Arraez,"1B,2B,DH",3.5,Benji,18568
73,Dylan Cease,P,3.4,Nick ,18525
74,Julio Urías,P,3.4,Benji,14765
75,Framber Valdez,P,3.4,Graham,17295
76,Logan Webb,P,3.4,Graham,17995
77,Nico Hoerner,"SS,DH",3.4,Sid,21479
78,Ozzie Albies,"2B,DH",3.4,Nick,16556
79,Jonah Heim,"C,DH",3.4,Alden,16930
80,Steven Kwan,"OF,DH",3.4,Alden,24610
81,Seiya Suzuki,"OF,DH",3.3,Sid,30116
82,Ketel Marte,"2B,DH",3.3,Benji,13613
83,Jorge Polanco,"2B,DH",3.3,Alden,13152
84,Blake Snell,P,3.2,Jesse,13543
85,Clayton Kershaw,P,3.2,Graham,2036
86,Nick Lodolo,P,3.2,Sid,26378
87,Gleyber Torres,"2B,DH",3.2,Sid,16997
88,Oneil Cruz,"SS,DH",3.2,Benji,21711
89,Yandy Díaz,"1B,3B,DH",3.2,Benji,16578
90,Randy Arozarena,"OF,DH",3.2,Nick,19290
91,Willson Contreras,"C,DH",3.1,Graham,11609
92,Luis Urías,"2B,3B,SS,DH",3.1,Graham,16622
93,Ty France,"1B,DH",3.1,Graham,17982
94,Isaac Paredes,"1B,2B,3B,DH",3.1,Reuben,20036
95,Ke'Bryan Hayes,"3B,DH",3.1,Benji,18577
96,Tim Anderson,"SS,DH",3.1,Nick ,15172
97,Max Muncy,"2B,3B,DH",3.1,Alden,13301
98,Jose Miranda,"1B,3B,DH",3.1,Alden,20538
99,Christian Walker,"1B,DH",3.1,Alden,13419
100,Tyler Glasnow,P,3,Alden,14374
101,Alex Cobb,P,3,Alden,6562
102,Amed Rosario,"SS,DH",3,Sid,15518
103,Zac Gallen,P,3,Graham,19291
104,Corbin Carroll,"OF,DH",3,Benji,25878
105,Tyler O'Neill,"OF,DH",3,Reuben,15711
106,Jake Cronenworth,"2B,DH",3,Jesse,18036
107,J.P. Crawford,"SS,DH",3,Alden,15491
108,Brady Singer,P,2.9,Alden,25377
109,Hunter Greene,P,2.9,Sid,22182
110,Taylor Ward,"OF,DH",2.9,Sid,17548
111,Ian Happ,"OF,DH",2.9,Sid,17919
112,Jean Segura,"2B,DH",2.9,,5933
113,Kyle Schwarber,"OF,DH",2.9,Nick ,16478
114,Ha-Seong Kim,"3B,SS,DH",2.9,Jesse,27506
115,Trent Grisham,"OF,DH",2.9,Reuben,18564
116,Ramón Urías,"2B,3B,DH",2.9,Jesse,18795
117,Starling Marte,"OF,DH",2.9,Benji,9241
118,Riley Greene,"OF,DH",2.9,Jesse,25976
119,Jeremy Peña,"SS,DH",2.9,Benji,21636
120,Cal Raleigh,"C,DH",2.9,Alden,21534
121,Yoán Moncada,"3B,DH",2.9,Alden,17232
122,Yu Darvish,P,2.8,Nick,13074
123,Alek Manoah,P,2.8,Nick,26410
124,Enrique Hernández,"OF,DH",2.8,Sid,10472
125,Lance Lynn,P,2.8,Graham,2520
126,Danny Jansen,"C,DH",2.8,Graham,16535
127,Gavin Lux,"2B,OF,DH",2.8,Graham,19955
128,Javier Báez,"SS,DH",2.8,,12979
129,Thairo Estrada,"2B,SS,DH",2.8,Reuben,16426
130,Nestor Cortes,P,2.7,Benji,17874
131,Garrett Whitlock,P,2.7,Alden,20191
132,Patrick Sandoval,P,2.7,Sid,19447
133,Ramón Laureano,"OF,DH",2.7,Sid,17128
134,Nathaniel Lowe,"1B,DH",2.7,Sid,19566
135,Triston McKenzie,P,2.7,Graham,18000
136,José Abreu,"1B,DH",2.7,Nick ,15676
137,Ryan McMahon,"3B,DH",2.7,Nick,15112
138,Dylan Carlson,"OF,DH",2.7,Reuben,20126
139,Vinnie Pasquantino,"1B,DH",2.7,Reuben,27676
140,Christian Yelich,"OF,DH",2.7,Jesse,11477
141,Mike Yastrzemski,"OF,DH",2.7,Alden,14854
142,Jordan Montgomery,P,2.6,Alden,16511
143,Kodai Senga,P,2.6,Alden,31838
144,Germán Márquez,P,2.6,Alden,15038
145,Ezequiel Tovar,DH,2.6,,24064
146,Kolten Wong,"2B,DH",2.6,Graham,12532
147,Eloy Jiménez,"OF,DH",2.6,Nick ,17484
148,Yasmani Grandal,"C,DH",2.6,Jesse,11368
149,Lars Nootbaar,"OF,DH",2.6,Reuben,21454
150,Brendan Rodgers,"2B,DH",2.6,Benji,17907
151,Andrew Benintendi,"OF,DH",2.6,Alden,17901
152,Alex Verdugo,"OF,DH",2.6,Alden,17027
153,Chris Sale,P,2.5,Jesse,10603
154,Charlie Morton,P,2.5,Jesse,4676
155,Nathan Eovaldi,P,2.5,Alden,9132
156,Ranger Suárez,P,2.5,Alden,17277
157,Jon Gray,P,2.5,Sid,14916
158,Brandon Crawford,"SS,DH",2.5,,5343
159,Andrew Vaughn,"1B,OF,DH",2.5,,26197
160,Anthony Santander,"OF,DH",2.5,Nick ,14551
161,Jose Trevino,"C,DH",2.5,Jesse,16725
162,DJ LeMahieu,"1B,2B,3B,DH",2.5,Reuben,9874
163,Jose Siri,"OF,DH",2.5,Reuben,17452
164,Hunter Renfroe,"OF,DH",2.5,Jesse,15464
165,Rhys Hoskins,"1B,DH",2.5,Nick ,16472
166,Lucas Giolito,P,2.4,Nick,15474
167,Marcus Stroman,P,2.4,Alden,13431
168,Chris Bassitt,P,2.4,Sid,12304
169,Santiago Espinal,"2B,DH",2.4,,19997
170,Miguel Vargas,DH,2.4,,20178
171,Teoscar Hernández,"OF,DH",2.4,Graham,13066
172,Eugenio Suárez,"3B,DH",2.4,Graham,12552
173,Ryan Mountcastle,"1B,DH",2.4,Nick ,18373
174,Anthony Rizzo,"1B,DH",2.4,Nick ,3473
175,Andrew Heaney,P,2.3,Reuben,15423
176,Eduardo Rodriguez,P,2.3,Jesse,13164
177,Joe Ryan,P,2.3,Nick ,21390
178,Josh Rojas,"2B,3B,DH",2.3,,19734
179,Brendan Donovan,"2B,3B,OF,DH",2.3,,24679
180,George Kirby,P,2.3,Graham,25436
181,Drew Rasmussen,P,2.3,Graham,25385
182,Logan Gilbert,P,2.3,Graham,22250
183,Mike Zunino,"C,DH",2.3,Reuben,13265
184,Keibert Ruiz,"C,DH",2.3,Benji,19610
185,Tony Kemp,"2B,OF,DH",2.3,Jesse,14894
186,Edwin Díaz,P,2.2,Jesse,14710
187,Freddy Peralta,P,2.2,Jesse,18679
188,Luis Severino,P,2.2,Nick ,15890
189,Cristian Javier,P,2.2,Benji,17606
190,Kyle Wright,P,2.2,Benji,19665
191,Adalberto Mondesi,"SS,DH",2.2,,13769
192,Joey Wendle,"2B,3B,SS,DH",2.2,,13853
193,Austin Meadows,"OF,DH",2.2,,15672
194,Mark Canha,"OF,DH",2.2,,11445
195,Austin Hays,"OF,DH",2.2,,19363
196,Mitch Haniger,"OF,DH",2.2,,14274
197,Jake McCarthy,"OF,DH",2.2,,21622
198,Alec Bohm,"3B,DH",2.2,,21618
199,Tyler Mahle,P,2.2,Graham,16358
200,Pablo López,P,2.2,Graham,17085
201,Kris Bryant,"OF,DH",2.2,Graham,15429
202,Salvador Perez,"C,DH",2.2,Nick,7304
203,Adolis García,"OF,DH",2.2,Nick ,19287
204,Bryce Harper,DH,2.2,Jesse,11579
205,Max Kepler,"OF,DH",2.2,Benji,12144
206,Cody Bellinger,"OF,DH",2.2,Benji,15998
207,Jonathan India,"2B,DH",2.2,Nick ,21523
208,Sonny Gray,P,2.1,Jesse,12768
209,Robbie Ray,P,2.1,Nick ,11486
210,Jameson Taillon,P,2.1,Sid,11674
211,Christian Vázquez,"C,DH",2.1,Sid,9774
212,Rowdy Tellez,"1B,DH",2.1,,15679
213,Manuel Margot,"OF,DH",2.1,,14712
214,Lance McCullers Jr.,P,2.1,Graham,14120
215,Michael Conforto,DH,2.1,Graham,16376
216,Giancarlo Stanton,"OF,DH",2.1,Nick ,4949
217,Jacob Stallings,"C,DH",2.1,Alden,13723
218,Miles Mikolas,P,2,Alden,9803
219,Roansy Contreras,P,2,Sid,22810
220,Carson Kelly,"C,DH",2,,13620
221,Joey Gallo,"OF,DH",2,,14128
222,Josh Jung,"3B,DH",2,,26299
223,Myles Straw,"OF,DH",2,,17620
224,Chris Taylor,"2B,OF,DH",2,,13757
225,CJ Abrams,"SS,DH",2,,25768
226,William Contreras,"C,DH",2,Graham,20503
227,Christian Bethancourt,"1B,C,DH",2,Reuben,10028
228,Omar Narváez,"C,DH",2,Reuben,13338
229,Emmanuel Clase,P,1.9,Benji,21032
230,Jeffrey Springs,P,1.9,Reuben,17677
231,Jesús Luzardo,P,1.9,Reuben,19959
232,Justin Steele,P,1.9,Alden,17312
233,José Quintana,P,1.9,Alden,11423
234,Merrill Kelly,P,1.9,Alden,11156
235,Sean Manaea,P,1.9,Sid,15873
236,Tyler Anderson,P,1.9,Sid,12880
237,Manny Piña,DH,1.9,,2829
238,Vaughn Grissom,"2B,DH",1.9,,26031
239,Bryson Stott,"2B,SS,DH",1.9,,26294
240,Triston Casas,"1B,DH",1.9,,22514
241,Josh Naylor,"1B,DH",1.9,,18839
242,Jeimer Candelario,"3B,DH",1.9,,13621
243,Reid Detmers,P,1.9,Graham,27468
244,Josh Hader,P,1.8,Jesse,14212
245,Dustin May,P,1.8,Jesse,19716
246,Zach Eflin,P,1.8,Jesse,13774
247,Luis Garcia,P,1.8,Nick ,23735
248,Martín Pérez,P,1.8,Alden,6902
249,Mitch Keller,P,1.8,Sid,17594
250,David Villar,"3B,DH",1.8,,24782
251,Luis Rengifo,"2B,3B,SS,DH",1.8,,19858
252,Josh Donaldson,"3B,DH",1.8,,5038
253,Wilmer Flores,"1B,2B,3B,DH",1.8,,5827
254,Adam Frazier,"2B,OF,DH",1.8,,15223
255,Joc Pederson,"OF,DH",1.8,,11899
256,Justin Turner,"3B,DH",1.8,,5235
257,Frankie Montas,P,1.8,Graham,14309
258,Noah Syndergaard,P,1.8,Graham,11762
259,José Berríos,P,1.8,Graham,14168
260,Josh Bell,"1B,DH",1.8,Benji,13145
261,Christopher Morel,"2B,3B,OF,SS,DH",1.8,Benji,21897
262,Corey Kluber,P,1.7,,2429
263,Nick Martinez,P,1.7,,12730
264,Reese McGuire,"C,DH",1.7,Sid,15674
265,Alek Thomas,"OF,DH",1.7,,23792
266,José Iglesias,"SS,DH",1.7,,10231
267,Mitch Garver,"C,DH",1.7,,15161
268,Travis d'Arnaud,"C,DH",1.7,,7739
269,Kevin Kiermaier,"OF,DH",1.7,,11038
270,Jesse Winker,"OF,DH",1.7,,13590
271,Tyrone Taylor,"OF,DH",1.7,,13675
272,Seth Brown,"1B,OF,DH",1.7,,18171
273,Tyler Stephenson,"C,DH",1.7,,17988
274,Leody Taveras,"OF,DH",1.7,,18900
275,Wil Myers,"1B,OF,DH",1.7,,10047
276,Gabriel Moreno,"C,DH",1.7,Benji,22664
277,Andrés Muñoz,P,1.6,Jesse,20373
278,Brayan Bello,P,1.6,Benji,23920
279,Grayson Rodriguez,P,1.6,Reuben,sa3008130
280,Alex Wood,P,1.6,Jesse,13781
281,Tony Gonsolin,P,1.6,Benji,19388
282,JT Brubaker,P,1.6,,17578
283,Taijuan Walker,P,1.6,Jesse,11836
284,Anthony Volpe,DH,1.6,,sa3010868
285,Austin Nola,"C,DH",1.6,,15941
286,Gio Urshela,"3B,DH",1.6,,10681
287,Shea Langeliers,"C,DH",1.6,,25816
288,Michael Brantley,"OF,DH",1.6,,4106
289,Nick Allen,"2B,SS,DH",1.6,,22277
290,Elvis Andrus,"SS,DH",1.6,,8709
291,Lourdes Gurriel Jr.,"OF,DH",1.6,,19238
292,Oscar Gonzalez,"OF,DH",1.6,,20970
293,Jonathan Schoop,"2B,DH",1.6,,11265
294,MJ Melendez,"C,OF,DH",1.6,Nick,22197
295,Trayce Thompson,"OF,DH",1.6,Reuben,9952
296,José Suarez,P,1.5,,19911
297,Graham Ashcraft,P,1.5,,27552
298,Seth Lugo,P,1.5,,12447
299,Dean Kremer,P,1.5,,19350
300,James Paxton,P,1.5,,11828
301,Trevor Rogers,P,1.5,Nick ,22286
302,Ryan Jeffers,"C,DH",1.5,,24618
303,Endy Rodriguez,DH,1.5,,sa3008272
304,Nick Fortes,"C,DH",1.5,,21538
305,Trevor Story,"2B,DH",1.5,,12564
306,Logan O'Hoppe,DH,1.5,,24729
307,Max Stassi,"C,DH",1.5,,10059
308,Garrett Mitchell,"OF,DH",1.5,,27555
309,Jace Peterson,"3B,OF,DH",1.5,,12325
310,Spencer Steer,"3B,DH",1.5,,26323
311,Aledmys Díaz,"2B,OF,SS,DH",1.5,,15937
312,Eduardo Escobar,"3B,DH",1.5,,6153
313,Brandon Drury,"1B,2B,3B,DH",1.5,,11615
314,Jorge Soler,"OF,DH",1.5,,14221
315,Garrett Cooper,"1B,DH",1.5,,15279
316,Spencer Torkelson,"1B,DH",1.5,,27465
317,Drew Waters,"OF,DH",1.5,,20505
318,Lane Thomas,"OF,DH",1.5,,16939
319,Joey Meneses,"1B,OF,DH",1.5,,14366
320,Matthew Boyd,P,1.5,Graham,15440
321,Kyle Higashioka,"C,DH",1.5,Jesse,5517
322,Royce Lewis,"SS,DH",1.5,Reuben,20437
323,Jhoan Duran,P,1.4,Jesse,21029
324,Ken Waldichuk,P,1.4,,27681
325,Aaron Civale,P,1.4,,19479
326,Eric Lauer,P,1.4,,19316
327,Carlos Carrasco,P,1.4,,6632
328,Ross Stripling,P,1.4,,13273
329,Paul Blackburn,P,1.4,,14739
330,Nick Pivetta,P,1.4,,15454
331,Kenta Maeda,P,1.4,Nick ,18498
332,MacKenzie Gore,P,1.4,Nick ,22201
333,Ryan Pressly,P,1.4,Sid,7005
334,Tom Murphy,"C,DH",1.4,,13499
335,Luis Guillorme,"2B,3B,DH",1.4,,16451
336,Dylan Moore,"OF,SS,DH",1.4,,18042
337,Nick Ahmed,"SS,DH",1.4,,12147
338,Esteury Ruiz,DH,1.4,,21780
339,Michael Massey,"2B,DH",1.4,,27684
340,Chas McCormick,"OF,DH",1.4,,19599
341,J.D. Martinez,DH,1.4,Nick ,6184
342,Austin Barnes,"C,DH",1.4,Jesse,12158
343,Devin Williams,P,1.3,Jesse,15816
344,Pete Fairbanks,P,1.3,Jesse,17998
345,José Alvarado,P,1.3,Jesse,17780
346,Félix Bautista,P,1.3,Jesse,20666
347,Steven Matz,P,1.3,,13361
348,Trevor Williams,P,1.3,,16977
349,José Urquidy,P,1.3,,18413
350,Michael Wacha,P,1.3,,14078
351,Cal Quantrill,P,1.3,,19312
352,Kyle Gibson,P,1.3,,10123
353,Kyle Freeland,P,1.3,,16256
354,Jack Flaherty,P,1.3,Benji,17479
355,Michael Kopech,P,1.3,Benji,17282
356,Ryan Helsley,P,1.3,Sid,18138
357,Raisel Iglesias,P,1.3,Sid,17130
358,Roberto Perez,"C,DH",1.3,,2900
359,Miguel Rojas,"SS,DH",1.3,,7802
360,Nolan Gorman,"2B,DH",1.3,,22263
361,Ji Hwan Bae,DH,1.3,,23818
362,Brandon Belt,"1B,DH",1.3,,10264
363,Nicky Lopez,"2B,3B,SS,DH",1.3,,19339
364,Adam Duvall,"OF,DH",1.3,,10950
365,Jake Fraley,"OF,DH",1.3,,19260
366,Luis García,"2B,SS,DH",1.3,,20391
367,Ji-Man Choi,"1B,DH",1.3,,5452
368,Bryan De La Cruz,"OF,DH",1.3,,19600
369,Nick Castellanos,"OF,DH",1.3,,11737
370,Avisaíl García,"OF,DH",1.3,,5760
371,Stephen Strasburg,P,1.3,Graham,10131
372,C.J. Cron,"1B,DH",1.3,Benji,12546
373,David Bednar,P,1.2,Reuben,19569
374,A.J. Minter,P,1.2,Reuben,18655
375,Wade Miley,P,1.2,,8779
376,Cade Cavalli,P,1.2,,27473
377,Spencer Turnbull,P,1.2,,16207
378,Michael Lorenzen,P,1.2,,14843
379,Antonio Senzatela,P,1.2,,15488
380,Shintaro Fujinami,P,1.2,,31839
381,Drew Rucinski,P,1.2,,12499
382,Josiah Gray,P,1.2,,24580
383,Adam Wainwright,P,1.2,,2233
384,Brian Serven,"C,DH",1.2,,19422
385,Oswald Peraza,DH,1.2,,22823
386,Victor Caratini,"C,DH",1.2,,14968
387,Yan Gomes,"C,DH",1.2,,9627
388,Christian Arroyo,"2B,OF,DH",1.2,,16434
389,Orlando Arcia,"2B,DH",1.2,,13185
390,Jon Berti,"2B,3B,OF,DH",1.2,,12037
391,Michael A. Taylor,"OF,DH",1.2,,11489
392,Nick Maton,"OF,DH",1.2,,21635
393,Akil Baddoo,"OF,DH",1.2,,22168
394,Evan Longoria,"3B,DH",1.2,,9368
395,Rodolfo Castro,"2B,3B,SS,DH",1.2,,21987
396,Brian Anderson,"3B,OF,DH",1.2,,18289
397,Jared Walsh,"1B,DH",1.2,,18607
398,Kyle Isbel,"OF,DH",1.2,,21614
399,Victor Robles,"OF,DH",1.2,,18363
400,Carlos Santana,"1B,DH",1.2,,2396
401,Randal Grichuk,"OF,DH",1.2,,10243
402,Kevin Newman,"2B,SS,DH",1.2,,17696
403,Brandon Marsh,"OF,DH",1.2,,20202
404,Evan Phillips,P,1.1,Jesse,17734
405,Aaron Bummer,P,1.1,Reuben,16258
406,Kyle Muller,P,1.1,,20167
407,Ryne Nelson,P,1.1,,26253
408,Edward Cabrera,P,1.1,,21690
409,Mike Clevinger,P,1.1,,12808
410,Kyle Bradish,P,1.1,,24586
411,Zack Greinke,P,1.1,,1943
412,Patrick Corbin,P,1.1,,9323
413,Johnny Cueto,P,1.1,,6893
414,Austin Slater,"OF,DH",1.1,,16153
415,James Outman,DH,1.1,,24770
416,Francisco Mejía,"C,DH",1.1,,16403
417,Austin Hedges,"C,DH",1.1,,12976
418,Gary Sanchez,"C,DH",1.1,,11442
419,Jorge Mateo,"SS,DH",1.1,,17273
420,Juan Yepez,"OF,DH",1.1,,18400
421,Daniel Vogelbach,DH,1.1,,14130
422,Jack Suwinski,"OF,DH",1.1,,22244
423,Edward Olivares,"OF,DH",1.1,,19698
424,Brice Turang,DH,1.1,,sa3008294
425,Matt Carpenter,"OF,DH",1.1,,8090
426,Jurickson Profar,"OF,DH",1.1,,10815
427,Whit Merrifield,"2B,OF,DH",1.1,,11281
428,Taylor Rogers,P,1.1,Graham,13449
429,Hunter Brown,P,1,Jesse,25880
430,Luis Ortiz,P,1,,27646
431,Aaron Ashby,P,1,,23550
432,Matt Manning,P,1,,20369
433,Ryan Yarbrough,P,1,,16502
434,Donovan Solano,"1B,3B,DH",1,,8623
435,Patrick Wisdom,"1B,3B,DH",1,,13602
436,Mauricio Dubón,"OF,SS,DH",1,,16530
437,Tucker Barnhart,"C,DH",1,,10200
438,J.D. Davis,"1B,3B,DH",1,,16219
439,David Fletcher,"2B,SS,DH",1,,17992
440,Jonathan Aranda,DH,1,,21837
441,Josh H. Smith,"3B,OF,DH",1,,26396
442,Joey Bart,"C,DH",1,,21524
443,Marcell Ozuna,"OF,DH",1,,10324
444,Kerry Carpenter,"OF,DH",1,,25961
445,Jarred Kelenic,"OF,DH",1,,22558
446,David Peralta,"OF,DH",1,,2136
447,Yonathan Daza,"OF,DH",1,,15794
448,Andrew McCutchen,"OF,DH",1,,9847
449,Trey Mancini,"1B,OF,DH",1,,15149
450,Giovanny Gallegos,P,0.9,Reuben,14986
451,James Karinchak,P,0.9,Reuben,20151
452,Tarik Skubal,P,0.9,,22267
453,Bailey Ober,P,0.9,,21224
454,Michael Soroka,P,0.9,,18383
455,Braxton Garrett,P,0.9,,21844
456,Daniel Bard,P,0.9,Sid,7115
457,Connor Wong,"C,DH",0.9,,19896
458,Connor Joe,"1B,OF,DH",0.9,,16572
459,Luis Campusano,DH,0.9,,22217
460,Jesús Sánchez,"OF,DH",0.9,,19913
461,Josh Lowe,"OF,DH",0.9,,19953
462,Ben Gamel,"OF,DH",0.9,,12160
463,Eric Haase,"C,DH",0.9,,14111
464,Oswaldo Cabrera,"OF,DH",0.9,,21707
465,Alex Kirilloff,"1B,OF,DH",0.9,,20325
466,TJ Friedl,"OF,DH",0.9,,19522
467,Harold Ramírez,"1B,OF,DH",0.9,,14387
468,Jonathan Loáisiga,P,0.8,Reuben,19753
469,Seranthony Domínguez,P,0.8,Reuben,19249
470,Jason Adam,P,0.8,Benji,11861
471,Adrian Morejon,P,0.8,Benji,20039
472,Kyle Finnegan,P,0.8,,15009
473,Scott Barlow,P,0.8,,14993
474,Andrew Painter,P,0.8,,sa3017880
475,JP Sears,P,0.8,,23429
476,Bailey Falter,P,0.8,,20070
477,Domingo Germán,P,0.8,,17149
478,Rich Hill,P,0.8,,4806
479,Luke Weaver,P,0.8,,16918
480,Austin Gomber,P,0.8,,16561
481,Zach Plesac,P,0.8,,19979
482,Kyle Hendricks,P,0.8,,12049
483,Dylan Bundy,P,0.8,,12917
484,Jordan Lyles,P,0.8,,7593
485,Clay Holmes,P,0.8,Sid,13649
486,Paul DeJong,"SS,DH",0.8,,18015
487,Bo Naylor,DH,0.8,,21865
488,Luke Maile,"C,DH",0.8,,13355
489,Tomás Nido,"C,DH",0.8,,13755
490,Jake Meyers,"OF,DH",0.8,,20308
491,Donny Sands,DH,0.8,,18603
492,Taylor Walls,"2B,3B,SS,DH",0.8,,22458
493,James McCann,"C,DH",0.8,,12859
494,Kyle Farmer,"3B,SS,DH",0.8,,14813
495,Nick Gordon,"2B,OF,DH",0.8,,16337
496,Alex Call,"OF,DH",0.8,,19296
497,Ezequiel Duran,"3B,DH",0.8,,23733
498,LaMonte Wade Jr.,"1B,OF,DH",0.8,,18126
499,Aaron Hicks,"OF,DH",0.8,,5297
500,Martín Maldonado,"C,DH",0.8,,6887
501,Eric Hosmer,"1B,DH",0.8,,3516
502,Jordan Romano,P,0.7,Benji,16122
503,Luis García,P,0.7,,6984
504,Collin McHugh,P,0.7,,7531
505,Alex Lange,P,0.7,,19883
506,Alex Vesia,P,0.7,,25007
507,Chris Martin,P,0.7,,11847
508,Matthew Liberatore,P,0.7,,22294
509,John Schreiber,P,0.7,,20020
510,Tylor Megill,P,0.7,,21318
511,Erik Swanson,P,0.7,,16587
512,Daniel Lynch,P,0.7,,21537
513,Yusei Kikuchi,P,0.7,,20633
514,Anthony DeSclafani,P,0.7,,13050
515,Drew Smyly,P,0.7,,11760
516,Jake Rogers,DH,0.7,,19452
517,Seby Zavala,"C,DH",0.7,,18887
518,Jordan Luplow,"OF,DH",0.7,,16424
519,Jordan Groshans,"3B,DH",0.7,,23794
520,Lenyn Sosa,DH,0.7,,22896
521,Matt Mervis,DH,0.7,,sa3015051
522,Rougned Odor,"2B,DH",0.7,,12282
523,Will Brennan,DH,0.7,,25660
524,Cal Mitchell,"OF,DH",0.7,,22169
525,Robbie Grossman,"OF,DH",0.7,,5254
526,Yuli Gurriel,"1B,DH",0.7,,19198
527,AJ Pollock,"OF,DH",0.7,,9256
528,Dominic Smith,"1B,DH",0.7,,15653
529,Oscar Colas,DH,0.7,,sa3018099
530,Nick Senzel,"OF,DH",0.7,,19293
531,Joey Votto,"1B,DH",0.7,,4314
532,Jordan Walker,DH,0.7,Reuben,sa3014464
533,Kenley Jansen,P,0.6,Nick,3096
534,Paul Sewald,P,0.6,Jesse,13892
535,Tanner Scott,P,0.6,,17586
536,Drey Jameson,P,0.6,,26260
537,Andrew Chafin,P,0.6,,12988
538,Hayden Wesneski,P,0.6,,27581
539,Rafael Montero,P,0.6,,12760
540,Joe Mantiply,P,0.6,,14857
541,Joely Rodríguez,P,0.6,,11487
542,Joe Jiménez,P,0.6,,15761
543,Sam Hentges,P,0.6,,18548
544,José Leclerc,P,0.6,,14524
545,Reynaldo López,P,0.6,,16400
546,Brusdar Graterol,P,0.6,,20367
547,Adbert Alzolay,P,0.6,,17859
548,Michael Pineda,P,0.6,,5372
549,Ian Anderson,P,0.6,,19951
550,Kendall Graveman,P,0.6,,15514
551,Johan Oviedo,P,0.6,,22487
552,Connor Overton,P,0.6,,18376
553,Luis Cessa,P,0.6,,13345
554,Mike Minor,P,0.6,,10021
555,Brad Keller,P,0.6,,15734
556,Cole Irvin,P,0.6,,19244
557,Camilo Doval,P,0.6,Sid,21992
558,Francisco Álvarez,DH,0.6,,26121
559,Cavan Biggio,"1B,2B,DH",0.6,,19252
560,Sean Bouchard,"OF,DH",0.6,,21270
561,Andrelton Simmons,"2B,SS,DH",0.6,,10847
562,Curt Casali,"C,DH",0.6,,12510
563,Stuart Fairchild,"OF,DH",0.6,,20321
564,Josh Harrison,"2B,3B,DH",0.6,,8202
565,Kyle Lewis,DH,0.6,,19508
566,Mike Moustakas,"1B,3B,DH",0.6,,4892
567,Isiah Kiner-Falefa,"SS,DH",0.6,,16512
568,Nolan Jones,"OF,DH",0.6,,20529
569,Nate Eaton,"3B,OF,DH",0.6,,25055
570,Nick Pratto,"1B,DH",0.6,,22117
571,Tommy Pham,"OF,DH",0.6,,2967
572,Kyle Stowers,"OF,DH",0.6,,26151
573,JJ Bleday,"OF,DH",0.6,,26368
574,Hunter Dozier,"1B,3B,OF,DH",0.6,,15117
575,Brandon Pfaadt,P,0.5,Benji,sa3014983
576,Alexis Díaz,P,0.5,Benji,21132
577,Eury Pérez,P,0.5,,sa3014807
578,Gavin Stone,P,0.5,,sa3014810
579,Kyle Harrison,P,0.5,,sa3014513
580,Adam Ottavino,P,0.5,,1247
581,Joe Kelly,P,0.5,,9761
582,Pierce Johnson,P,0.5,,13435
583,Bryce Elder,P,0.5,,27779
584,Brock Burke,P,0.5,,17968
585,Caleb Thielbar,P,0.5,,10078
586,Bryan Abreu,P,0.5,,16609
587,Matt Bush,P,0.5,,1246
588,Robert Suarez,P,0.5,,30115
589,Jason Foley,P,0.5,,19531
590,Dylan Floro,P,0.5,,13394
591,Robert Stephenson,P,0.5,,13594
592,Mitch White,P,0.5,,19225
593,Kris Bubic,P,0.5,,21455
594,Tyler Wells,P,0.5,,20000
595,Vince Velasquez,P,0.5,,11189
596,Adrian Houser,P,0.5,,12718
597,Zach Davies,P,0.5,,13183
598,Brett Baty,"3B,DH",0.5,,26123
599,Sal Frelick,DH,0.5,,sa3017047
600,Tyler Freeman,"3B,DH",0.5,,22532
601,Jordan Westburg,DH,0.5,,sa3014499
602,Rob Refsnyder,"OF,DH",0.5,,13770
603,Edmundo Sosa,"3B,SS,DH",0.5,,17022
604,Ryan Kreidler,"3B,DH",0.5,,25867
605,Jake Alu,DH,0.5,,sa3010009
606,Geraldo Perdomo,"SS,DH",0.5,,22799
607,Carter Kieboom,DH,0.5,,19958
608,Keston Hiura,"1B,DH",0.5,,20003
609,Ildemaro Vargas,"3B,SS,DH",0.5,,13324
610,Gavin Sheets,"OF,DH",0.5,,19901
611,Romy Gonzalez,"2B,DH",0.5,,21562
612,Luke Voit,"1B,DH",0.5,,14811
613,Corey Dickerson,"OF,DH",0.5,,10762
614,Chase Silseth,P,0.4,,30074
615,John Means,P,0.4,,16269
616,A.J. Puk,P,0.4,,19343
617,David Peterson,P,0.4,,20302
618,Kevin Ginkel,P,0.4,,19876
619,Héctor Neris,P,0.4,,11804
620,Trevor Stephan,P,0.4,,19932
621,Matt Brash,P,0.4,,25756
622,Garrett Cleavinger,P,0.4,,17897
623,Davis Martin,P,0.4,,21448
624,Tommy Kahnle,P,0.4,,11384
625,Ryan Pepiot,P,0.4,,26221
626,Connor Seabold,P,0.4,,19695
627,Dylan Coleman,P,0.4,,22276
628,Trevor May,P,0.4,,6398
629,Jay Groome,P,0.4,,sa917925
630,Dinelson Lamet,P,0.4,,17186
631,Mike Burrows,P,0.4,,sa3008517
632,Tanner Houck,P,0.4,,19879
633,Carl Edwards Jr.,P,0.4,,13607
634,Jalen Beeks,P,0.4,,17192
635,Ryan Feltner,P,0.4,,21446
636,Marco Gonzales,P,0.4,,15467
637,James Kaprielian,P,0.4,,18331
638,Carlos Pérez,DH,0.4,,20805
639,Freddy Fermin,DH,0.4,,21840
640,Nick Madrigal,"2B,DH",0.4,,20521
641,Garrett Stubbs,"C,DH",0.4,,18067
642,Samad Taylor,DH,0.4,,sa918192
643,Vidal Bruján,"2B,OF,DH",0.4,,20536
644,Luis González,"OF,DH",0.4,,20332
645,Mike Brosseau,"3B,DH",0.4,,19683
646,Elly De La Cruz,DH,0.4,,sa3009289
647,Sam Haggerty,"OF,DH",0.4,,18054
648,Andrew Knizner,"C,DH",0.4,,19514
649,Nelson Cruz,DH,0.4,,2434
650,Jesús Aguilar,"1B,DH",0.4,,11342
651,Jordan Hicks,P,0.3,Benji,19618
652,Lucas Luetge,P,0.3,,8337
653,DL Hall,P,0.3,,22207
654,Hunter Harvey,P,0.3,,15507
655,Craig Kimbrel,P,0.3,,6655
656,Steven Wilson,P,0.3,,20353
657,Connor Brogdon,P,0.3,,21205
658,Michael King,P,0.3,,19853
659,Joey Lucchesi,P,0.3,,19320
660,Adrián Martínez,P,0.3,,21023
661,Aroldis Chapman,P,0.3,,10233
662,Diego Castillo,P,0.3,,17496
663,Hoby Milner,P,0.3,,13346
664,Julian Merryweather,P,0.3,,16703
665,Caleb Ferguson,P,0.3,,19349
666,Jovani Moran,P,0.3,,20422
667,Tommy Henry,P,0.3,,26285
668,Jimmy Herget,P,0.3,,17556
669,Dane Dunning,P,0.3,,19409
670,Yonny Chirinos,P,0.3,,16401
671,Lucas Sims,P,0.3,,13470
672,Daniel Hudson,P,0.3,,7146
673,Sixto Sánchez,P,0.3,,19680
674,Zach Jackson,P,0.3,,19493
675,Bryan Baker,P,0.3,,19804
676,Wandy Peralta,P,0.3,,14295
677,Carlos Estévez,P,0.3,,14542
678,Michael Fulmer,P,0.3,,13218
679,David Robertson,P,0.3,,8241
680,Anthony Bass,P,0.3,,7982
681,Cody Morris,P,0.3,,25388
682,José Ureña,P,0.3,,11589
683,Keegan Thompson,P,0.3,,19795
684,Chris Flexen,P,0.3,,13896
685,Madison Bumgarner,P,0.3,,5524
686,Alec Burleson,DH,0.3,,27615
687,Yainer Diaz,DH,0.3,,23003
688,Jonah Bride,"2B,3B,DH",0.3,,24703
689,Abraham Toro,"2B,3B,DH",0.3,,19844
690,Kevin Plawecki,"C,DH",0.3,,13807
691,Mark Mathias,DH,0.3,,18032
692,Terrin Vavra,DH,0.3,,24400
693,Yu Chang,"2B,SS,DH",0.3,,14773
694,George Valera,DH,0.3,,sa3006872
695,Odúbel Herrera,"OF,DH",0.3,,11476
696,César Hernández,"2B,DH",0.3,,10556
697,Darin Ruf,"1B,OF,DH",0.3,,9929
698,Isan Díaz,DH,0.3,,17922
699,Alan Trejo,"2B,SS,DH",0.3,,20056
700,Gabriel Arias,DH,0.3,,22563
701,Didi Gregorius,"SS,DH",0.3,,6012
702,Korey Lee,DH,0.3,,25543
703,Franmil Reyes,"OF,DH",0.3,,14566
704,Elehuris Montero,"1B,3B,DH",0.3,,20543
705,Emmanuel Rivera,"3B,DH",0.3,,19890
706,Jorge Alfaro,"C,DH",0.3,,12180
707,Stone Garrett,"OF,DH",0.3,,19273
708,Tyler Naquin,"OF,DH",0.3,,13359
709,Miguel Sanó,"1B,DH",0.3,,12164
710,Trevor Larnach,"OF,DH",0.3,,21501
711,Adam Engel,"OF,DH",0.3,,15082
712,Cristian Pache,"OF,DH",0.3,,19948
713,Logan Allen,P,0.2,,sa3014444
714,Bobby Miller,P,0.2,,sa3014422
715,Jared Shuster,P,0.2,,sa3014483
716,Connor Thomas,P,0.2,,sa3010784
717,Alec Mills,P,0.2,,13834
718,Shawn Dubin,P,0.2,,sa3007248
719,Reese Olson,P,0.2,,sa3008513
720,Liam Hendriks,P,0.2,,3548
721,Louie Varland,P,0.2,,27691
722,Griffin Canning,P,0.2,,19867
723,Víctor Arano,P,0.2,,15915
724,Clarke Schmidt,P,0.2,,19899
725,Reiver Sanmartin,P,0.2,,19754
726,Andrew Bellatti,P,0.2,,10657
727,Yency Almonte,P,0.2,,15068
728,Tim Mayza,P,0.2,,15042
729,Kirby Yates,P,0.2,,9073
730,José Quijada,P,0.2,,19200
731,Garrett Crochet,P,0.2,,27463
732,Jakob Junis,P,0.2,,13619
733,Jorge López,P,0.2,,14527
734,John Brebbia,P,0.2,,12777
735,Dany Jiménez,P,0.2,,21170
736,Brooks Raley,P,0.2,,10061
737,Colin Poche,P,0.2,,19403
738,Drew Smith,P,0.2,,17755
739,Dallas Keuchel,P,0.2,,9434
740,Jake Cousins,P,0.2,,21620
741,Kutter Crawford,P,0.2,,20531
742,Phil Bickford,P,0.2,,18519
743,Javier Assad,P,0.2,,21741
744,Jake Odorizzi,P,0.2,,6397
745,Yimi Garcia,P,0.2,,12095
746,Nate Pearson,P,0.2,,20160
747,Brandon Hughes,P,0.2,,23460
748,Ryan Brasier,P,0.2,,5615
749,Chris Stratton,P,0.2,,13761
750,Amir Garrett,P,0.2,,14375
751,Will Vest,P,0.2,,19769
752,Justin Lawrence,P,0.2,,17639
753,Tucker Davidson,P,0.2,,19871
754,Scott McGough,P,0.2,,12056
755,Beau Brieske,P,0.2,,26079
756,Danny Duffy,P,0.2,,3542
757,Dylan Lee,P,0.2,,19996
758,Xzavion Curry,P,0.2,,25595
759,Miguel Castro,P,0.2,,15684
760,Buck Farmer,P,0.2,,14814
761,Rowan Wick,P,0.2,,14646
762,Aníbal Sánchez,P,0.2,,3284
763,Chris Archer,P,0.2,,6345
764,Chad Kuhl,P,0.2,,14975
765,Addison Barger,DH,0.2,,sa3006910
766,René Pinto,"C,DH",0.2,,19859
767,Cooper Hummel,"C,OF,DH",0.2,,19458
768,Andy Ibáñez,"3B,DH",0.2,,18819
769,Ben Rortvedt,DH,0.2,,20287
770,Jacob Amaya,DH,0.2,,sa3005081
771,Nick Solak,"OF,DH",0.2,,19294
772,Danny Mendick,"SS,DH",0.2,,18889
773,Cam Gallagher,"C,DH",0.2,,12981
774,Zach McKinstry,"2B,3B,DH",0.2,,19392
775,Brandon Dixon,DH,0.2,,15214
776,Jarren Duran,"OF,DH",0.2,,24617
777,Kevin Smith,"3B,DH",0.2,,20242
778,Canaan Smith-Njigba,DH,0.2,,23264
779,Victor Reyes,"OF,DH",0.2,,15487
780,Colton Cowser,DH,0.2,,sa3017018
781,Zack Gelof,DH,0.2,,sa3017286
782,Jake Burger,"3B,DH",0.2,,22275
783,Jake Cave,"OF,DH",0.2,,14477
784,Hanser Alberto,"2B,3B,DH",0.2,,11902
785,Tucupita Marcano,"2B,OF,DH",0.2,,22871
786,David Hensley,DH,0.2,,25111
787,Tyler Nevin,"3B,DH",0.2,,17893
788,Brett Phillips,"OF,DH",0.2,,14735
789,Bobby Dalbec,"1B,3B,DH",0.2,,19966
790,Jackie Bradley Jr.,"OF,DH",0.2,,12984
791,Darick Hall,DH,0.2,,19717
792,Dalton Guthrie,DH,0.2,,21293
793,Harold Castro,"1B,2B,3B,SS,DH",0.2,,14691
794,Ryan Noda,DH,0.2,,sa873960
795,Tommy La Stella,DH,0.2,,12371
796,Edwin Ríos,DH,0.2,,18316
797,Matt Vierling,"OF,DH",0.2,,21558
798,Brad Miller,"3B,OF,DH",0.2,,12775
799,Bubba Thompson,"OF,DH",0.2,,22261
800,Charlie Blackmon,"OF,DH",0.2,,7859
801,Peter Lambert,P,0.1,Jesse,17969
802,Cole Henry,P,0.1,,sa3014446
803,Joey Cantillo,P,0.1,,sa3005246
804,Ky Bush,P,0.1,,sa3017386
805,Brandon Walter,P,0.1,,sa3010826
806,Glenn Otto,P,0.1,,21366
807,Hyun Jin Ryu,P,0.1,,14444
808,Josh Fleming,P,0.1,,20418
809,Jake Irvin,P,0.1,,sa3008223
810,Bryan Mata,P,0.1,,sa917784
811,Taylor Dollard,P,0.1,,sa3014982
812,Joan Adon,P,0.1,,22925
813,Slade Cecconi,P,0.1,,sa3014739
814,Simeon Woods Richardson,P,0.1,,24494
815,Caleb Kilian,P,0.1,,26213
816,Matt Krook,P,0.1,,sa737535
817,Kolby Allard,P,0.1,,18694
818,Cole Ragans,P,0.1,,21846
819,Sean Burke,P,0.1,,sa3017461
820,Connor Phillips,P,0.1,,sa3014433
821,Jonathan Heasley,P,0.1,,22224
822,Cristopher Sánchez,P,0.1,,20778
823,Angel Zerpa,P,0.1,,22717
824,Ryan Weathers,P,0.1,,23796
825,Cionel Pérez,P,0.1,,19614
826,Erasmo Ramírez,P,0.1,,10314
827,Steven Okert,P,0.1,,13580
828,Richard Bleier,P,0.1,,7803
829,Ian Gibaut,P,0.1,,17871
830,Dominic Leone,P,0.1,,13763
831,Michael Grove,P,0.1,,23221
832,Nic Enright,P,0.1,,sa3010299
833,Trevor Megill,P,0.1,,17722
834,Josh Sborz,P,0.1,,18323
835,Levi Stoudt,P,0.1,,sa3014545
836,Freddy Tarnok,P,0.1,,23324
837,Max Castillo,P,0.1,,21956
838,Cody Stashak,P,0.1,,18088
839,Griff McGarry,P,0.1,,sa3017130
840,Andrew Kittredge,P,0.1,,12828
841,Cole Hamels,P,0.1,,4972
842,Jake Woodford,P,0.1,,18674
843,Gregory Soto,P,0.1,,19677
844,Peter Strzelecki,P,0.1,,21367
845,Adam Cimber,P,0.1,,15288
846,Will Smith,P,0.1,,8048
847,Sam Moll,P,0.1,,14874
848,Elieser Hernandez,P,0.1,,16933
849,Scott Alexander,P,0.1,,10591
850,Phil Maton,P,0.1,,18064
851,Enyel De Los Santos,P,0.1,,18403
852,Nabil Crismatt,P,0.1,,17732
853,Cole Sulser,P,0.1,,15256
854,Colin Holderman,P,0.1,,22361
855,Nick Nelson,P,0.1,,20153
856,José Castillo,P,0.1,,17169
857,Richard Lovelady,P,0.1,,19337
858,Michael Plassmeyer,P,0.1,,23191
859,Brandon Williamson,P,0.1,,sa3011494
860,Luis Patiño,P,0.1,,22815
861,Emilio Pagán,P,0.1,,14771
862,Austin Voth,P,0.1,,15047
863,Ryne Stanek,P,0.1,,15947
864,Shawn Armstrong,P,0.1,,12857
865,Josh Winder,P,0.1,,24606
866,Tony Santillan,P,0.1,,19926
867,José Ruiz,P,0.1,,14552
868,Kirby Snead,P,0.1,,19179
869,Ron Marinaccio,P,0.1,,23488
870,Hunter Gaddis,P,0.1,,25636
871,Drew Pomeranz,P,0.1,,11426
872,Yerry De Los Santos,P,0.1,,21420
873,Josh Taylor,P,0.1,,17359
874,Joel Payamps,P,0.1,,14332
875,Cole Waites,P,0.1,,25665
876,Zack Thompson,P,0.1,,25918
877,Tyler Holton,P,0.1,,26231
878,Dakota Hudson,P,0.1,,19206
879,Joey Wentz,P,0.1,,19962
880,Andre Pallante,P,0.1,,26108
881,Taylor Clarke,P,0.1,,17611
882,Penn Murfee,P,0.1,,25174
883,Duane Underwood Jr.,P,0.1,,14677
884,Trevor Gott,P,0.1,,15046
885,Keegan Akin,P,0.1,,19362
886,Matt Strahm,P,0.1,,13799
887,Kevin Kelly,P,0.1,,sa3009999
888,Hogan Harris,P,0.1,,sa3009982
889,Luke Jackson,P,0.1,,11752
890,Jason Alexander,P,0.1,,19666
891,Tyler Heineman,"C,DH",0.1,,13897
892,Brett Wisely,DH,0.1,,sa1170003
893,Blake Sabol,DH,0.1,,sa3010269
894,Jose Herrera,"C,DH",0.1,,17040
895,Iván Herrera,DH,0.1,,20599
896,Enmanuel Valdez,DH,0.1,,sa917288
897,Johan Camargo,"3B,SS,DH",0.1,,14950
898,Maikel Garcia,DH,0.1,,22715
899,Miles Mastrobuoni,DH,0.1,,20017
900,Edouard Julien,DH,0.1,,sa3014445
901,Rafael Ortega,"OF,DH",0.1,,10323
902,Ceddanne Rafaela,DH,0.1,,sa3005581
903,Michael Busch,DH,0.1,,sa3011540
904,Jared Triolo,DH,0.1,,sa3010272
905,Eguy Rosario,DH,0.1,,19964
906,Luis Torrens,"C,DH",0.1,,15905
907,Tyler Wade,"2B,DH",0.1,,15730
908,David Hamilton,DH,0.1,,sa3014434
909,Richie Palacios,"OF,DH",0.1,,24589
910,Pedro Leon,DH,0.1,,sa3014838
911,Conner Capel,"OF,DH",0.1,,19983
912,Sam Huff,"C,DH",0.1,,22209
913,Israel Pineda,DH,0.1,,22906
914,Owen Miller,"1B,2B,DH",0.1,,24655
915,Nick Loftin,DH,0.1,,sa3014511
916,Joey Wiemer,DH,0.1,,sa3014531
917,Willie MacIver,DH,0.1,,sa3007828
918,Lewin Díaz,"1B,DH",0.1,,18365
919,Taylor Trammell,"OF,DH",0.1,,19960
920,Jason Heyward,"OF,DH",0.1,,4940
921,Rafael Marchan,DH,0.1,,21646
922,Chadwick Tromp,DH,0.1,,16953
923,Zack Short,DH,0.1,,19562
924,Kevin Pillar,DH,0.1,,12434
925,Raimel Tapia,"OF,DH",0.1,,14350
926,Jordan Diaz,DH,0.1,,22650
927,Travis Swaggerty,DH,0.1,,24491
928,Matt Duffy,"1B,3B,DH",0.1,,13836
929,Sam Hilliard,"OF,DH",0.1,,17954
930,Kody Clemens,"3B,DH",0.1,,20572
931,Peyton Burdick,"OF,DH",0.1,,25459
932,Travis Jankowski,"OF,DH",0.1,,13768
933,Jonathan Villar,"2B,3B,DH",0.1,,10071
934,Nomar Mazara,"OF,DH",0.1,,14553
935,Pavin Smith,"OF,DH",0.1,,19892
936,Jo Adell,"OF,DH",0.1,,20220
937,Ryan McKenna,"OF,DH",0.1,,19928
938,Will Benson,"OF,DH",0.1,,21853
939,Justyn-Henry Malloy,DH,0.1,,sa3017073
940,Gilberto Celestino,"OF,DH",0.1,,20233
941,Evan White,DH,0.1,,20078
942,Estevan Florial,"OF,DH",0.1,,19151
943,Nathan Lukes,DH,0.1,,sa875215
944,Pedro Severino,DH,0.1,,14523
945,Yolbert Sanchez,DH,0.1,,sa3011471
946,Matt Wallner,"OF,DH",0.1,,26466
947,Michael Siani,DH,0.1,,22557
948,Leury Garcia,"2B,OF,SS,DH",0.1,,5913
949,Riley Adams,"C,DH",0.1,,19864
950,Nelson Velázquez,"OF,DH",0.1,,23359
951,Chad Pinder,"OF,DH",0.1,,15191
952,Domingo Acevedo,P,0,Benji,17092
953,Taj Bradley,P,0,,sa3007839
954,Yosver Zulueta,P,0,,sa3014869
955,Ben Joyce,P,0,,sa3020078
956,Chi Chi González,P,0,,14663
957,Jimmy Cordero,P,0,,15690
958,Cody Bolton,P,0,,sa3004975
959,Bruce Zimmermann,P,0,,20370
960,Sean Hjelle,P,0,,21481
961,Jeremiah Estrada,P,0,,22210
962,Silvino Bracho,P,0,,15051
963,Mick Abel,P,0,,sa3014534
964,Mark Leiter Jr.,P,0,,15551
965,Chad Green,P,0,,15552
966,Davis Daniel,P,0,,sa3015037
967,Jonathan Stiever,P,0,,24584
968,Kevin Herget,P,0,,15369
969,Luis Gil,P,0,,21052
970,Brett Martin,P,0,,17369
971,Karl Kauffmann,P,0,,sa3014526
972,Kyle Nicolas,P,0,,sa3014523
973,Ryan Rolison,P,0,,sa3008244
974,Jay Jackson,P,0,,7432
975,Taylor Hearn,P,0,,18325
976,Matt Festa,P,0,,19330
977,Seth Martinez,P,0,,21045
978,Brandon Bielak,P,0,,19866
979,Jake Bird,P,0,,21267
980,Huascar Brazoban,P,0,,6107
981,Joel Kuhnel,P,0,,19995
982,Andrew Nardi,P,0,,25942
983,J.P. France,P,0,,sa3008310
984,Zach Thompson,P,0,,16094
985,Stephen Nogosek,P,0,,19545
986,Yunior Marte,P,0,,14416
987,Jordan Weems,P,0,,13190
988,Luis Ortiz,P,0,,16942
989,Tanner Banks,P,0,,16990
990,Luis Frías,P,0,,21997
991,Zach Greene,P,0,,sa1119415
992,Trey Wingenter,P,0,,17793
993,Thomas Szapucki,P,0,,21065
994,Michael Tonkin,P,0,,10315
995,Zack Kelly,P,0,,20349
996,Jandel Gustave,P,0,,14665
997,Will Harris,P,0,,3192
998,Sam Delaplane,P,0,,sa3004222
999,Stephen Ridings,P,0,,22358
1000,Zach Logue,P,0,,20231
1001,Michael Mercado,P,0,,sa3005024
1002,Dillon Tate,P,0,,17796
1003,Ryan Tepera,P,0,,10291
1004,Bryse Wilson,P,0,,19990
1005,Aaron Loup,P,0,,10343
1006,Lou Trivino,P,0,,15043
1007,Matt Barnes,P,0,,12863
1008,Jake Diekman,P,0,,5003
1009,Mark Melancon,P,0,,4264
1010,Tim Hill,P,0,,16814
1011,Josh Staumont,P,0,,18335
1012,Ryan Thompson,P,0,,16647
1013,Tommy Nance,P,0,,19178
1014,Corey Knebel,P,0,,15010
1015,Jeff Brigham,P,0,,16631
1016,Zack Weiss,P,0,,15444
1017,Matt Foster,P,0,,19647
1018,Wyatt Mills,P,0,,20010
1019,Bryce Montes de Oca,P,0,,21319
1020,Casey Sadler,P,0,,11209
1021,Jesse Chavez,P,0,,5448
1022,Kaleb Ort,P,0,,20061
1023,Packy Naughton,P,0,,23292
1024,Ken Giles,P,0,,12910
1025,Matt Wisler,P,0,,12804
1026,Codi Heuer,P,0,,23293
1027,Eric Torres,P,0,,sa3017262
1028,Jackson Stephens,P,0,,14420
1029,Josh Simpson,P,0,,sa1053035
1030,Mike Baumann,P,0,,20206
1031,Tejay Antone,P,0,,16233
1032,Ronny Henriquez,P,0,,24094
1033,Landon Knack,P,0,,sa3014518
1034,Chris Clarke,P,0,,sa3011411
1035,Konnor Pilkington,P,0,,21453
1036,Anthony Misiewicz,P,0,,18152
1037,Chris Rodriguez,P,0,,22310
1038,Tyler Kinley,P,0,,18297
1039,J.P. Feyereisen,P,0,,16610
1040,Austin Davis,P,0,,17117
1041,Carson Spiers,P,0,,sa3014863
1042,R.J. Dabovich,P,0,,sa3014431
1043,Anthony Maldonado,P,0,,sa1169893
1044,Jacob Webb,P,0,,19274
1045,Joe Ross,P,0,,12972
1046,Tom Cosgrove,P,0,,sa915675
1047,Miguel Del Pozo,P,0,,18792
1048,Yerry Rodriguez,P,0,,21955
1049,Jose Butto,P,0,,23313
1050,Emerson Hancock,P,0,,sa3014456
1051,Clayton Beeter,P,0,,sa3014536
1052,Avery Weems,P,0,,sa3010256
1053,Craig Stammen,P,0,,7274
1054,Vinny Nittoli,P,0,,16754
1055,Jake Brentz,P,0,,17783
1056,Joey Ortiz,DH,0,,sa3009889
1057,Michael Stefanic,"2B,DH",0,,25353
1058,Patrick Mazeika,"C,DH",0,,18142
1059,Austin Allen,DH,0,,18083
1060,Willi Castro,"2B,OF,DH",0,,17338
1061,Matt Thaiss,"C,DH",0,,19318
1062,Spencer Horwitz,DH,0,,sa1115496
1063,Otto Lopez,DH,0,,19608
1064,Mike Tauchman,DH,0,,15274
1065,Wenceel Perez,DH,0,,sa3003326
1066,Mark Vientos,DH,0,,22184
1067,Skye Bolt,"OF,DH",0,,17723
1068,Dillon Dingler,DH,0,,sa3014528
1069,Yonny Hernandez,DH,0,,19432
1070,David Bote,"2B,3B,DH",0,,14593
1071,Yairo Munoz,"2B,DH",0,,16313
1072,Dixon Machado,DH,0,,11472
1073,Hoy Park,DH,0,,18027
1074,Luke Raley,"OF,DH",0,,19354
1075,Tim Locastro,"OF,DH",0,,15124
1076,David Fry,DH,0,,sa3006787
1077,Cal Stevenson,"OF,DH",0,,22411
1078,Anthony Bemboom,"C,DH",0,,13854
1079,Niko Goodrum,DH,0,,12092
1080,Jonathan Davis,"OF,DH",0,,15104
1081,Willie Calhoun,DH,0,,17838
1082,Colton Welker,DH,0,,19961
1083,Brenton Doyle,DH,0,,sa3009965
1084,Jed Lowrie,DH,0,,4418
1085,Michael Chavis,"1B,DH",0,,17321
1086,Braden Shewmake,DH,0,,sa3010332
1087,Livan Soto,"SS,DH",0,,22471
1088,Payton Henry,"C,DH",0,,22164
1089,Liover Peguero,DH,0,,24273
1090,Adeiny Hechavarria,DH,0,,10459
1091,Símon Muzziotti,DH,0,,19553
1092,Charles Leblanc,"2B,3B,DH",0,,19813
1093,Matthew Batten,DH,0,,20157
1094,Rylan Bannon,DH,0,,19768
1095,Andrew Velazquez,"SS,DH",0,,14196
1096,Joe McCarthy,DH,0,,18399
1097,Miguel Andújar,"OF,DH",0,,15878
1098,Ehire Adrianza,"3B,DH",0,,8418
1099,Zack Collins,DH,0,,19181
1100,Dominic Fletcher,DH,0,,sa1115778
1101,Max Schrock,DH,0,,17750
1102,Sandy Leon,"C,DH",0,,5273
1103,Jake Lamb,DH,0,,13329
1104,Steven Duggar,"OF,DH",0,,17719
1105,Charlie Culberson,"3B,DH",0,,3298
1106,Seth Beer,DH,0,,20493
1107,J.J. Matijevic,DH,0,,20165
1108,Chad Wallach,"C,DH",0,,17161
1109,Brent Rooker,DH,0,,19627
1110,Garrett Hampson,"OF,SS,DH",0,,19262
1111,Michael Hermosillo,"OF,DH",0,,16285
1112,Bligh Madris,"OF,DH",0,,20054
1113,Davis Wendzel,DH,0,,sa3011890
1114,Micah Pries,DH,0,,sa3014830
1115,Jake Marisnick,"OF,DH",0,,11339
1116,Bradley Zimmer,"OF,DH",0,,16221
1117,Ryan Vilade,DH,0,,22165
1118,Roman Quinn,"OF,DH",0,,13546
1119,Parker Meadows,DH,0,,sa3007943
1120,Ryan O'Hearn,DH,0,,16442
1121,Chris Owings,DH,0,,10030
1122,Alcides Escobar,"SS,DH",0,,6310
1123,Blake Perkins,DH,0,,sa874806
1124,Eli White,"OF,DH",0,,19346
1125,Matt Beaty,DH,0,,17710
1126,Yoshi Tsutsugo,"1B,DH",0,,27459
1127,Jeter Downs,DH,0,,22202
1128,Derek Hill,"OF,DH",0,,16947
1129,José Azocar,"OF,DH",0,,18821
1130,Jose Barrero,"SS,DH",0,,23378
1131,Adrian Sampson,P,0,,13339
1132,Jonathan Hernández,P,0,,17464
1133,Brad Boxberger,P,0,,10133
1134,Matt Moore,P,0,,1890
1135,Génesis Cabrera,P,0,,17490
1136,Jimmy Lambert,P,0,,19541
1137,Nick Sandlin,P,0,,20517
1138,Jarlín García,P,0,,18282
1139,Lucas Gilbreath,P,0,,21290
1140,Jorge Alcala,P,0,,19459
1141,Trevor Richards,P,0,,19309
1142,Sam Long,P,0,,25379
1143,Mason Thompson,P,0,,21850
1144,Dennis Santana,P,0,,17878
1145,Daniel Norris,P,0,,13475
1146,Trevor Rosenthal,P,0,,10745
1147,Tim Herrin,P,0,,sa3007262
1148,Chad Smith,P,0,,20190
1149,Nick Anderson,P,0,,18337
1150,Zach Pop,P,0,,20185
1151,Thad Ward,P,0,,sa3008098
1152,Dauri Moreta,P,0,,21101
1153,Chris Devenski,P,0,,12763
1154,Jimmy Nelson,P,0,,10547
1155,Victor González,P,0,,16408
1156,John King,P,0,,22051
1157,Nick Vespi,P,0,,21093
1158,Sean Doolittle,P,0,,1581
1159,Mauricio Llovera,P,0,,20080
1160,Cole Sands,P,0,,21461
1161,Wilking Rodriguez,P,0,,8801
1162,Gabe Speier,P,0,,17170
1163,Isaiah Campbell,P,0,,sa3014432
1164,Rico Garcia,P,0,,20023
1165,Colby White,P,0,,sa3011200
1166,Victor Vodnik,P,0,,sa3008527
1167,Spencer Howard,P,0,,23252
1168,JoJo Romero,P,0,,19574
1169,Trent Thornton,P,0,,17948
1170,Austin Adams,P,0,,13801
1171,Patrick Murphy,P,0,,19712
1172,Cam Robinson,P,0,,sa3005216
1173,Brennan Bernardino,P,0,,16835
1174,Sean Newcomb,P,0,,16943
1175,Elvis Peguero,P,0,,21652
1176,Matt Cronin,P,0,,sa3011463
1177,Andrew Vasquez,P,0,,19482
1178,Zach Brzykcy,P,0,,sa3014984
1179,Tommy Hunter,P,0,,1157
1180,Pedro Avila,P,0,,18864
1181,Trevor Brigden,P,0,,sa3011481
1182,Junior Fernández,P,0,,18496
1183,Edwin Uceta,P,0,,20539
1184,Jesse Biddle,P,0,,11437
1185,Jake Reed,P,0,,16209
1186,Brent Headrick,P,0,,sa3011887
1187,Jake Jewell,P,0,,16958
1188,Mike Mayers,P,0,,15451
1189,Anthony Banda,P,0,,14706
1190,Tyson Miller,P,0,,19976
1191,Derek Law,P,0,,13133
1192,Nick Robertson,P,0,,sa3011248
1193,Evan McKendry,P,0,,sa3010787
1194,Alfonso Rivas,"1B,DH",0,,21560
1195,Mickey Moniak,"OF,DH",0,,19956
1196,Robinson Canó,"2B,DH",0,,3269
1197,Elias Díaz,"C,DH",0,,11680
1198,Eddie Rosario,"OF,DH",0,,12155
1199,Jerar Encarnacion,"OF,DH",0,,21871
1200,Kole Calhoun,"OF,DH",0,,11200
1201,Dermis Garcia,"1B,DH",0,,20926
1202,Tony Wolters,DH,0,,11470
1203,Kyle McCann,DH,0,,sa1159677
1204,Heliot Ramos,DH,0,,22515
1205,Tyler Soderstrom,DH,0,,sa3014489
1206,Cole Tucker,DH,0,,17326
1207,Billy Hamilton,DH,0,,10199
1208,Tyler Rogers,P,0,,15541
1209,Paolo Espino,P,0,,8246
1210,Eli Morgan,P,0,,20203
1211,Michael Rucker,P,0,,19454
1212,Drew VerHagen,P,0,,13424
1213,Corbin Martin,P,0,,19884
1214,John Curtiss,P,0,,16128
1215,Andrew Wantz,P,0,,24933
1216,Fernando Cruz,P,0,,7048
1217,Gavin Hollowell,P,0,,25427
1218,Brendan White,P,0,,sa3010663
1219,Kolton Ingram,P,0,,sa3011149
1220,Dan Altavilla,P,0,,16507
1221,Greg Weissert,P,0,,20375
1222,Alex Young,P,0,,18333
1223,Alex Reyes,P,0,,15015
1224,Ethan Small,P,0,,26364
1225,Garrett Hill,P,0,,25097
1226,Seth Elledge,P,0,,19766
1227,Michel Baez,P,0,,20100
1228,Danny Coulombe,P,0,,13293
1229,Ryan Borucki,P,0,,16350
1230,Noé Ramirez,P,0,,12800
1231,Franklin German,P,0,,24750
1232,Zack Littell,P,0,,15823
1233,Parker Mushinski,P,0,,21324
1234,Jackson Kowar,P,0,,21549
1235,Andrew Misiaszek,P,0,,sa3010118
1236,Brent Honeywell Jr.,P,0,,16466
1237,Tayler Saucedo,P,0,,17888
1238,Tyler Duffey,P,0,,13758
1239,Indigo Diaz,P,0,,sa3011726
1240,Tyler Chatwood,P,0,,4338
1241,Justin Wilson,P,0,,4301
1242,Ronel Blanco,P,0,,19407
1243,Jhony Brito,P,0,,sa916962
1244,Casey Lawrence,P,0,,11121
1245,Ray Kerr,P,0,,23809
1246,Janson Junk,P,0,,23301
1247,Darius Vines,P,0,,sa918848
1248,Ben Leeper,P,0,,sa3014907
1249,Carlos Vargas,P,0,,sa3007467
1250,Angel Felipe,P,0,,sa881181
1251,Carson Coleman,P,0,,sa3014857
1252,Ben Lively,P,0,,14932
1253,Alex Claudio,P,0,,12890
1254,Austin Brice,P,0,,17237
1255,Devin Smeltzer,P,0,,19487
1256,Brooks Wilson,P,0,,sa3006966
1257,Darren McCaughan,P,0,,20038
1258,Sean Poppen,P,0,,19583
1259,Wilmer Font,P,0,,5257
1260,Daniel Castano,P,0,,19805
1261,Thyago Vieira,P,0,,14510
1262,Archie Bradley,P,0,,12918
1263,Carlos Hernández,P,0,,22713
1264,Sam Coonrod,P,0,,17264
1265,Jeff Hoffman,P,0,,17432
1266,Bryan Shaw,P,0,,8110
1267,Andres Machado,P,0,,14681
1268,Alex Faedo,P,0,,19874
1269,Wily Peralta,P,0,,7738
1270,Julio Teheran,P,0,,6797
1271,Fineas Del Bonta-Smith,P,0,,sa3010821
1272,Jeurys Familia,P,0,,5114
1273,Ryan Sherriff,P,0,,12249
1274,Nick Wittgren,P,0,,15594
1275,Bennett Sousa,P,0,,21345
1276,Justin Martinez,P,0,,sa3005864
1277,Enoli Paredes,P,0,,20447
1278,Tyler Danish,P,0,,15126
1279,Nick Mikolajchak,P,0,,sa3010303
1280,Josh Winckowski,P,0,,22387
1281,Jacob Barnes,P,0,,12323
1282,Geoff Hartlieb,P,0,,19558
1283,Freddy Pacheco,P,0,,sa3006164
1284,Yennier Cano,P,0,,25911
1285,Michael Kelly,P,0,,12791
1286,Eli Villalobos,P,0,,sa3007997
1287,Darwinzon Hernandez,P,0,,19848
1288,Jake Walsh,P,0,,20227
1289,Noah Denoyer,P,0,,sa3011889
1290,Justin Yeager,P,0,,sa3010825
1291,Trevor Kelley,P,0,,18454
1292,Damon Jones,P,0,,23310
1293,Oliver Ortega,P,0,,21025
1294,Roenis Elías,P,0,,12673
1295,Dusten Knight,P,0,,16537
1296,Ryan Hendrix,P,0,,19535
1297,Hans Crouse,P,0,,22192
1298,Ty Blach,P,0,,14361
1299,Michael Stryffeler,P,0,,sa3010005
1300,Kody Funderburk,P,0,,sa3007780
1301,Sam Clay,P,0,,16279
1302,Phillip Diehl,P,0,,20030
1303,Stephen Jones,P,0,,sa3009935
1304,Andrew Politi,P,0,,sa3007243
1305,Touki Toussaint,P,0,,16929
1306,Yohan Ramirez,P,0,,19444
1307,Steven Brault,P,0,,15291
1308,Reiss Knehr,P,0,,21541
1309,Reyes Moronta,P,0,,14966
1310,Caleb Smith,P,0,,14875
1311,Thomas Hatch,P,0,,19264
1312,Cory Abbott,P,0,,20277
1313,Aaron Sanchez,P,0,,11490
1314,Miguel Diaz,P,0,,18815
1315,Jose Marte,P,0,,21761
1316,Colin Selby,P,0,,sa3007731
1317,Vladimir Gutierrez,P,0,,19278
1318,Chris Murphy,P,0,,sa3011431
1319,Kyle Funkhouser,P,0,,19456
1320,T.J. McFarland,P,0,,3237
1321,Cade Smith,P,0,,sa3015086
1322,Norge Ruiz,P,0,,19580
1323,Jonathan Sprinkle,P,0,,sa3014792
1324,Nick Margevicius,P,0,,20395
1325,Nick Neidert,P,0,,18699
1326,Durbin Feltman,P,0,,sa3007959
1327,Austin Warren,P,0,,24937
1328,James Naile,P,0,,18186
1329,Brian Moran,P,0,,9646
1330,Phillips Valdez,P,0,,15605
1331,Jackson Tetreault,P,0,,20565
1332,Joe Smith,P,0,,3281
1333,Louis Head,P,0,,13259
1334,Deolis Guerra,P,0,,8410
1335,Heath Hembree,P,0,,11632
1336,Gregory Santos,P,0,,21894
1337,Easton McGee,P,0,,22176
1338,Justus Sheffield,P,0,,17285
1339,Hobie Harris,P,0,,sa876068
1340,Osvaldo Bido,P,0,,sa3003138
1341,Chris Muller,P,0,,sa3006811
1342,Drew Hutchison,P,0,,10732
1343,Guillermo Zuniga,P,0,,sa945024
1344,Yacksel Ríos,P,0,,15007
1345,Justin Sterner,P,0,,sa3014864
1346,Drew Strotman,P,0,,sa3004584
1347,Robert Stock,P,0,,6576
1348,Cole Winn,P,0,,sa3008662
1349,A.J. Alexy,P,0,,22343
1350,Jake Faria,P,0,,13699
1351,Spenser Watkins,P,0,,17489
1352,Gus Varland,P,0,,sa3007779
1353,Trey Supak,P,0,,sa828707
1354,Hagen Danner,P,0,,sa3004501
1355,Manuel Rodríguez,P,0,,20794
1356,Jasseel De La Cruz,P,0,,sa879559
1357,Chase Anderson,P,0,,6895
1358,Nicholas Padilla,P,0,,21327
1359,Eddy Demurias,P,0,,sa3007852
1360,Travis Kuhn,P,0,,sa3009928
1361,Bryan Garcia,P,0,,19457
1362,Caleb Baragar,P,0,,19231
1363,Matt Ruppenthal,P,0,,sa915693
1364,Michael Toglia,"1B,OF,DH",-0.1,,25845
1365,Robinson Chirinos,"C,DH",-0.1,,3142
1366,Jackson Frazier,DH,-0.1,,15983
1367,Dee Strange-Gordon,"SS,DH",-0.1,,8203
1368,Alex Colomé,P,-0.1,,6661
1369,Shelby Miller,P,-0.1,,10197
1370,Kyle Nelson,P,-0.1,,20515
1371,Deivi García,P,-0.1,,20276
1372,Forrest Whitley,P,-0.1,,sa917930
1373,Justin Topa,P,-0.1,,15145
1374,Peyton Battenfield,P,-0.1,,sa3010133
1375,Justin Dunn,P,-0.1,,19268
1376,Javy Guerra,P,-0.1,,17292
1377,Mason Englert,P,-0.1,,sa3015036
1378,JT Chargois,P,-0.1,,13767
1379,Joey Krehbiel,P,-0.1,,13707
1380,Chasen Shreve,P,-0.1,,10855
1381,Albert Abreu,P,-0.1,,17485
1382,Rony García,P,-0.1,,20430
1383,Hunter Strickland,P,-0.1,,7836
1384,Jose Lopez,P,-0.1,,sa3003055
1385,Jose Cuas,P,-0.1,,17701
1386,Calvin Faucher,P,-0.1,,20116
1387,Kyle Crick,P,-0.1,,13182
1388,Jose Hernandez,P,-0.1,,sa928463
1389,Hansel Robles,P,-0.1,,11801
1390,Blair Calvo,P,-0.1,,sa3010116
1391,Justin Bruihl,P,-0.1,,23779
1392,Griffin Jax,P,-0.1,,20253
1393,Jaime Barría,P,-0.1,,18356
1394,Nick Avila,P,-0.1,,sa3011532
1395,Nick Mears,P,-0.1,,25376
1396,Riley Pint,P,-0.1,,sa917922
1397,Ian Kennedy,P,-0.1,,6986
1398,Andre Jackson,P,-0.1,,21298
1399,Ricky Karcher,P,-0.1,,sa3004590
1400,Collin Snider,P,-0.1,,23307
1401,Tyler Thornburg,P,-0.1,,10688
1402,Evan Reifert,P,-0.1,,sa3014860
1403,Zack Britton,P,-0.1,,3240
1404,Erich Uelmen,P,-0.1,,20323
1405,George Soriano,P,-0.1,,sa917493
1406,Sean Reynolds,P,-0.1,,sa917966
1407,Logan Gillaspie,P,-0.1,,22461
1408,Adam Oller,P,-0.1,,20132
1409,Jhoulys Chacín,P,-0.1,,2608
1410,Noah Davis,P,-0.1,,25862
1411,Sergio Romo,P,-0.1,,9817
1412,Justin Garza,P,-0.1,,19784
1413,Lucas Erceg,P,-0.1,,sa872722
1414,Justin Upton,DH,-0.2,,5222
1415,Brent Suter,P,-0.2,,13942
1416,José Cisnero,P,-0.2,,6399
1417,Mychal Givens,P,-0.2,,10430
1418,Tyler Alexander,P,-0.2,,17735
1419,Brad Hand,P,-0.2,,9111
1420,Joe Barlow,P,-0.2,,22296
1421,Blake Taylor,P,-0.2,,16418
1422,Miguel Cabrera,DH,-0.3,,1744
1423,Wil Crowe,P,-0.3,,19800
1424,Chase De Jong,P,-0.4,,15036
