13125,Gerrit Cole,P,199.0,5.8,5.8,0,Jesse
10954,Jacob deGrom,P,153.0,5.6,7.3,0,Jesse
10310,Zack Wheeler,P,207.0,5.1,4.9,0,Alden
19361,Corbin Burnes,P,175.0,5.0,5.7,0,Sid
19427,Shane Bieber,P,189.0,4.8,5.1,0,Benji
3137,Max Scherzer,P,188.0,4.5,4.8,0,Nick
16162,Brandon Woodruff,P,183.0,4.2,4.6,0,Alden
16149,Aaron Nola,P,191.0,4.1,4.3,0,Reuben
17995,Logan Webb,P,184.0,4.0,4.3,0,Reuben
15474,Lucas Giolito,P,181.0,3.9,4.3,0,Sid
13164,Eduardo Rodriguez,P,183.0,3.9,4.3,0,Graham
19374,Walker Buehler,P,196.0,3.8,3.9,0,Nick
9132,Nathan Eovaldi,P,179.0,3.8,4.2,0,Graham
11486,Robbie Ray,P,193.0,3.7,3.8,0,Alden
15689,Luis Castillo,P,192.0,3.7,3.9,0,Reuben
18684,Sandy Alcantara,P,200.0,3.5,3.5,0,Benji
8700,Justin Verlander,P,180.0,3.4,3.8,0,Sid
14107,Kevin Gausman,P,187.0,3.4,3.6,0,Benji
13743,Max Fried,P,183.0,3.4,3.7,0,Reuben
10603,Chris Sale,P,149.0,3.3,4.4,0,Nick
4676,Charlie Morton,P,165.0,3.2,3.9,0,Graham
14168,Jose Berrios,P,196.0,3.2,3.3,0,Sid
15038,German Marquez,P,191.0,3.2,3.4,0,Jesse
14309,Frankie Montas,P,177.0,3.2,3.6,0,Alden
2520,Lance Lynn,P,182.0,3.1,3.4,0,Jesse
18525,Dylan Cease,P,163.0,3.1,3.8,0,Graham
19755,Shohei Ohtani,P,156.0,3.1,4.0,0,Benji
12970,Joe Musgrove,P,179.0,3.1,3.5,0,Sid
15873,Sean Manaea,P,175.0,3.0,3.4,0,Sid
16137,Carlos Rodon,P,150.0,3.0,4.0,0,Graham
2036,Clayton Kershaw,P,148.0,3.0,4.1,0,Reuben
17295,Framber Valdez,P,188.0,2.9,3.1,0,Jesse
11762,Noah Syndergaard,P,161.0,2.8,3.5,0,Graham
16511,Jordan Montgomery,P,158.0,2.8,3.5,0,
12730,Nick Martinez,P,136.0,2.7,4.0,0,Jesse
14765,Julio Urias,P,159.0,2.7,3.4,0,Alden
13431,Marcus Stroman,P,184.0,2.7,2.9,0,
18679,Freddy Peralta,P,140.0,2.7,3.9,0,Nick
16358,Tyler Mahle,P,169.0,2.7,3.2,0,
13074,Yu Darvish,P,165.0,2.7,3.3,0,Nick 
14444,Hyun-Jin Ryu,P,175.0,2.7,3.1,0,
22286,Trevor Rogers,P,146.0,2.7,3.7,0,Reuben
17085,Pablo Lopez,P,155.0,2.7,3.5,0,
12808,Mike Clevinger,P,141.0,2.6,3.7,0,Jesse
14120,Lance McCullers Jr.,P,146.0,2.6,3.6,0,Jesse
13543,Blake Snell,P,151.0,2.6,3.4,0,Nick
12304,Chris Bassitt,P,179.0,2.6,2.9,0,
10131,Stephen Strasburg,P,151.0,2.6,3.4,0,Nick
12768,Sonny Gray,P,157.0,2.5,3.2,0,
16269,John Means,P,165.0,2.5,3.0,0,
17479,Jack Flaherty,P,169.0,2.4,2.8,0,Benji
23735,Luis Garcia,P,161.0,2.4,3.0,0,
13781,Alex Wood,P,158.0,2.3,2.9,0,
21483,Shane McClanahan,P,149.0,2.3,3.1,0,
19291,Zac Gallen,P,173.0,2.3,2.7,0,
9323,Patrick Corbin,P,172.0,2.2,2.6,0,
26410,Alek Manoah,P,141.0,2.2,3.1,0,Nick 
15890,Luis Severino,P,136.0,2.2,3.2,0,
19951,Ian Anderson,P,156.0,2.2,2.8,0,
3548,Liam Hendriks,P,68.0,2.2,6.5,0,Reuben
17277,Ranger Suarez,P,141.0,2.2,3.1,0,
14916,Jon Gray,P,169.0,2.2,2.6,0,
10021,Mike Minor,P,170.0,2.1,2.5,0,
22267,Tarik Skubal,P,154.0,2.1,2.7,0,
14212,Josh Hader,P,67.0,2.1,6.3,0,Benji
6632,Carlos Carrasco,P,142.0,2.0,2.8,0,
11674,Jameson Taillon,P,146.0,2.0,2.7,0,Graham
15488,Antonio Senzatela,P,174.0,2.0,2.3,0,
6562,Alex Cobb,P,149.0,2.0,2.7,0,
13050,Anthony DeSclafani,P,168.0,2.0,2.4,0,
22264,Shane Baz,P,104.0,2.0,3.8,0,Reuben
17282,Michael Kopech,P,111.0,1.9,3.4,0,
25377,Brady Singer,P,141.0,1.9,2.7,0,
21032,Emmanuel Clase,P,67.0,1.9,5.7,0,Reuben
20633,Yusei Kikuchi,P,149.0,1.9,2.6,0,
19447,Patrick Sandoval,P,126.0,1.9,3.0,0,
1943,Zack Greinke,P,159.0,1.9,2.4,0,
13449,Taylor Rogers,P,67.0,1.9,5.7,0,Jesse
19409,Dane Dunning,P,141.0,1.9,2.7,0,
13361,Steven Matz,P,156.0,1.9,2.4,0,
2233,Adam Wainwright,P,190.0,1.8,1.9,0,
21390,Joe Ryan,P,129.0,1.8,2.8,0,
10123,Kyle Gibson,P,188.0,1.8,1.9,0,
21224,Bailey Ober,P,132.0,1.8,2.7,0,
15467,Marco Gonzales,P,181.0,1.8,2.0,0,
20492,Casey Mize,P,161.0,1.8,2.2,0,
17130,Raisel Iglesias,P,68.0,1.8,5.3,0,Sid
2429,Corey Kluber,P,142.0,1.7,2.4,0,
8779,Wade Miley,P,163.0,1.7,2.1,0,
22250,Logan Gilbert,P,133.0,1.7,2.6,0,
13774,Zach Eflin,P,129.0,1.7,2.6,0,
15734,Brad Keller,P,156.0,1.7,2.2,0,
16256,Kyle Freeland,P,158.0,1.7,2.2,0,
15454,Nick Pivetta,P,141.0,1.7,2.4,0,
7005,Ryan Pressly,P,66.0,1.7,5.2,0,Sid
12049,Kyle Hendricks,P,179.0,1.6,1.8,0,
10233,Aroldis Chapman,P,64.0,1.6,5.0,0,Graham
18413,Jose Urquidy,P,129.0,1.6,2.5,0,
14710,Edwin Diaz,P,67.0,1.6,4.8,0,Alden
11423,Jose Quintana,P,133.0,1.6,2.4,0,
15816,Devin Williams,P,65.0,1.5,4.6,0,Jesse
19680,Sixto Sanchez,P,91.0,1.5,3.3,0,Benji
5372,Michael Pineda,P,159.0,1.5,1.9,0,
12880,Tyler Anderson,P,182.0,1.5,1.6,0,
12703,Trevor Bauer,P,79.0,1.5,3.8,0,
19312,Cal Quantrill,P,165.0,1.5,1.8,0,
12917,Dylan Bundy,P,157.0,1.4,1.8,0,
13896,Chris Flexen,P,144.0,1.4,1.9,0,
9803,Miles Mikolas,P,141.0,1.4,2.0,0,
17578,JT Brubaker,P,133.0,1.4,2.1,0,
11156,Merrill Kelly,P,171.0,1.4,1.6,0,
19753,Jonathan Loaisiga,P,66.0,1.4,4.2,0,Reuben
20468,Huascar Ynoa,P,107.0,1.4,2.6,0,
3542,Danny Duffy,P,97.0,1.4,2.9,0,
25385,Drew Rasmussen,P,114.0,1.4,2.5,0,
24580,Josiah Gray,P,131.0,1.3,2.0,0,
12572,Blake Treinen,P,70.0,1.3,3.7,0,Sid
15423,Andrew Heaney,P,116.0,1.3,2.2,0,
9434,Dallas Keuchel,P,162.0,1.3,1.6,0,
11836,Taijuan Walker,P,160.0,1.3,1.6,0,
16561,Austin Gomber,P,137.0,1.3,1.9,0,
20151,James Karinchak,P,66.0,1.3,3.9,0,
14986,Giovanny Gallegos,P,70.0,1.2,3.4,0,Sid
12828,Andrew Kittredge,P,65.0,1.2,3.7,0,Reuben
sa3005315,Christian Greene,P,103.0,1.2,2.3,0,
21318,Tylor Megill,P,110.0,1.2,2.2,0,
18000,Triston McKenzie,P,115.0,1.2,2.1,0,
18383,Mike Soroka,P,100.0,1.2,2.4,0,
15440,Matthew Boyd,P,81.0,1.2,3.0,0,
19979,Zach Plesac,P,164.0,1.2,1.5,0,
6893,Johnny Cueto,P,142.0,1.2,1.7,0,
14993,Scott Barlow,P,66.0,1.2,3.6,0,
12863,Matt Barnes,P,66.0,1.2,3.6,0,
13470,Lucas Sims,P,65.0,1.2,3.7,0,
16258,Aaron Bummer,P,64.0,1.2,3.8,0,Reuben
16918,Luke Weaver,P,133.0,1.2,1.8,0,
16122,Jordan Romano,P,66.0,1.1,3.3,0,Alden
19479,Aaron Civale,P,154.0,1.1,1.4,0,
10058,Tyler Matzek,P,68.0,1.1,3.2,0,
20369,Matt Manning,P,131.0,1.1,1.7,0,
16502,Ryan Yarbrough,P,119.0,1.1,1.8,0,
12718,Adrian Houser,P,130.0,1.1,1.7,0,
19879,Tanner Houck,P,99.0,1.1,2.2,0,
19911,Jose Suarez,P,114.0,1.1,1.9,0,
5524,Madison Bumgarner,P,177.0,1.0,1.1,0,
17859,Adbert Alzolay,P,95.0,1.0,2.1,0,
27458,Kwang-hyun Kim,P,113.0,1.0,1.8,0,
23798,Randy Dobnak,P,99.0,1.0,2.0,0,
27468,Reid Detmers,P,79.0,1.0,2.5,0,
16933,Elieser Hernandez,P,122.0,1.0,1.6,0,
23252,Spencer Howard,P,101.0,1.0,2.0,0,
20367,Brusdar Graterol,P,66.0,1.0,3.0,0,
17874,Nestor Cortes,P,110.0,1.0,1.8,0,
21366,Glenn Otto,P,92.0,1.0,2.2,0,
15552,Chad Green,P,63.0,1.0,3.2,0,
9784,Garrett Richards,P,114.0,0.9,1.6,0,
21455,Kris Bubic,P,108.0,0.9,1.7,0,
7410,J.A. Happ,P,138.0,0.9,1.3,0,
20370,Bruce Zimmermann,P,118.0,0.9,1.5,0,
20191,Garrett Whitlock,P,68.0,0.9,2.6,0,
13892,Paul Sewald,P,67.0,0.9,2.7,0,Alden
23550,Aaron Ashby,P,81.0,0.9,2.2,0,
19362,Keegan Akin,P,98.0,0.9,1.8,0,
14078,Michael Wacha,P,106.0,0.9,1.7,0,
6345,Chris Archer,P,97.0,0.9,1.9,0,
19244,Cole Irvin,P,141.0,0.9,1.3,0,
22713,Carlos Hernandez,P,116.0,0.9,1.6,0,
19316,Eric Lauer,P,95.0,0.9,1.9,0,
17998,Pete Fairbanks,P,64.0,0.9,2.8,0,
sa3008130,Grayson Rodriguez,P,63.0,0.9,2.9,0,
19569,David Bednar,P,64.0,0.8,2.5,0,
16094,Zach Thompson,P,115.0,0.8,1.4,0,
12972,Joe Ross,P,78.0,0.8,2.1,0,
3184,David Price,P,91.0,0.8,1.8,0,
17735,Tyler Alexander,P,108.0,0.8,1.5,0,
17586,Tanner Scott,P,60.0,0.8,2.7,0,
17149,Domingo German,P,90.0,0.8,1.8,0,
14843,Michael Lorenzen,P,98.0,0.8,1.6,0,
11760,Drew Smyly,P,106.0,0.8,1.5,0,
27463,Garrett Crochet,P,69.0,0.8,2.3,0,
17425,Erick Fedde,P,106.0,0.8,1.5,0,
6655,Craig Kimbrel,P,66.0,0.8,2.4,0,
15256,Cole Sulser,P,66.0,0.8,2.4,0,
16401,Yonny Chirinos,P,97.0,0.8,1.6,0,
13394,Dylan Floro,P,67.0,0.7,2.1,0,
13435,Pierce Johnson,P,64.0,0.7,2.2,0,
18331,James Kaprielian,P,105.0,0.7,1.3,0,
19677,Gregory Soto,P,68.0,0.7,2.1,0,
8223,Brett Anderson,P,109.0,0.7,1.3,0,
15042,Tim Mayza,P,62.0,0.7,2.3,0,
15010,Corey Knebel,P,60.0,0.7,2.3,0,
6902,Martin Perez,P,105.0,0.7,1.3,0,
19388,Tony Gonsolin,P,124.0,0.7,1.1,0,
13218,Michael Fulmer,P,65.0,0.7,2.2,0,
15451,Mike Mayers,P,66.0,0.7,2.1,0,
8048,Will Smith,P,70.0,0.7,2.0,0,
23293,Codi Heuer,P,68.0,0.7,2.1,0,
19990,Bryse Wilson,P,120.0,0.7,1.2,0,
22815,Luis Patino,P,98.0,0.7,1.4,0,
sa3007993,Josh Winder,P,86.0,0.7,1.6,0,
22810,Roansy Contreras,P,57.0,0.7,2.5,0,
7738,Wily Peralta,P,123.0,0.6,1.0,0,
6398,Trevor May,P,63.0,0.6,1.9,0,
11189,Vince Velasquez,P,96.0,0.6,1.2,0,
19206,Dakota Hudson,P,111.0,0.6,1.1,0,
18655,A.J. Minter,P,62.0,0.6,1.9,0,
10343,Aaron Loup,P,62.0,0.6,1.9,0,
20160,Nate Pearson,P,76.0,0.6,1.6,0,
17606,Cristian Javier,P,79.0,0.6,1.5,0,
17780,Jose Alvarado,P,67.0,0.6,1.8,0,
19754,Reiver Sanmartin,P,72.0,0.6,1.7,0,
20302,David Peterson,P,65.0,0.6,1.8,0,
20099,Chris Paddack,P,62.0,0.6,1.9,0,
11828,James Paxton,P,43.0,0.6,2.8,0,
17594,Mitch Keller,P,88.0,0.6,1.4,0,
19871,Tucker Davidson,P,67.0,0.6,1.8,0,
19350,Dean Kremer,P,71.0,0.6,1.7,0,
13619,Jakob Junis,P,69.0,0.6,1.7,0,
4806,Rich Hill,P,100.0,0.6,1.2,0,
13273,Ross Stripling,P,80.0,0.6,1.5,0,
4264,Mark Melancon,P,65.0,0.6,1.8,0,
20000,Tyler Wells,P,64.0,0.5,1.6,0,
sa917947,Nicholas Lodolo,P,32.0,0.5,3.1,0,
17359,Josh Taylor,P,60.0,0.5,1.7,0,
19959,Jesus Luzardo,P,83.0,0.5,1.2,0,
15009,Kyle Finnegan,P,66.0,0.5,1.5,0,
11804,Hector Neris,P,72.0,0.5,1.4,0,
17312,Justin Steele,P,91.0,0.5,1.1,0,
21620,Jake Cousins,P,60.0,0.5,1.7,0,
21205,Connor Brogdon,P,63.0,0.5,1.6,0,
12988,Andrew Chafin,P,70.0,0.5,1.4,0,
11682,Carlos Martinez,P,133.0,0.5,0.8,0,
21052,Luis Gil,P,63.0,0.5,1.6,0,
sa3010616,Matthew Brash,P,83.0,0.5,1.2,0,
11487,Joely Rodriguez,P,56.0,0.5,1.8,0,
20243,Zac Lowther,P,89.0,0.5,1.1,0,
7803,Richard Bleier,P,62.0,0.5,1.6,0,
19268,Justin Dunn,P,82.0,0.5,1.2,0,
22343,A.J. Alexy,P,101.0,0.5,1.0,0,
18335,Josh Staumont,P,64.0,0.5,1.6,0,
6249,Trevor Cahill,P,76.0,0.5,1.3,0,
18325,Taylor Hearn,P,109.0,0.5,0.9,0,
21537,Daniel Lynch,P,66.0,0.5,1.5,0,
15015,Alex Reyes,P,68.0,0.5,1.5,0,
3192,Will Harris,P,56.0,0.5,1.8,0,
18251,Art Warren,P,54.0,0.5,1.9,0,
21992,Camilo Doval,P,67.0,0.5,1.5,0,
7593,Jordan Lyles,P,134.0,0.5,0.7,0,
19716,Dustin May,P,47.0,0.5,2.1,0,
19742,Anthony Bender,P,63.0,0.5,1.6,0,
22276,Dylan Coleman,P,60.0,0.5,1.7,0,
12447,Seth Lugo,P,70.0,0.5,1.4,0,
4776,Matt Shoemaker,P,61.0,0.5,1.6,0,
4972,Cole Hamels,P,61.0,0.4,1.3,0,
sa3014421,Steven Cavalli,P,51.0,0.4,1.6,0,
5003,Jake Diekman,P,69.0,0.4,1.2,0,
17964,Tyler Gilbert,P,87.0,0.4,0.9,0,
sa869798,Robert Suarez,P,58.0,0.4,1.4,0,
18790,Dillon Peters,P,98.0,0.4,0.8,0,
7754,Mike Fiers,P,127.0,0.4,0.6,0,
15514,Kendall Graveman,P,62.0,0.4,1.3,0,
sa3008653,Cody Morris,P,58.0,0.4,1.4,0,
12804,Matt Wisler,P,60.0,0.4,1.3,0,
sa3011494,Brandon Williamson,P,34.0,0.4,2.4,0,
19343,A.J. Puk,P,73.0,0.4,1.1,0,
6397,Jake Odorizzi,P,72.0,0.4,1.1,0,
7550,Jake McGee,P,66.0,0.4,1.2,0,
7274,Craig Stammen,P,60.0,0.4,1.3,0,
17264,Sam Coonrod,P,59.0,0.4,1.4,0,
13758,Tyler Duffey,P,66.0,0.4,1.2,0,
7115,Daniel Bard,P,65.0,0.4,1.2,0,
11752,Luke Jackson,P,66.0,0.4,1.2,0,
25379,Sammy Long,P,77.0,0.4,1.0,0,
7146,Daniel Hudson,P,61.0,0.4,1.3,0,
13761,Chris Stratton,P,68.0,0.4,1.2,0,
11384,Tommy Kahnle,P,54.0,0.4,1.5,0,
10078,Caleb Thielbar,P,62.0,0.4,1.3,0,
15906,Lewis Thorpe,P,61.0,0.4,1.3,0,
13183,Zach Davies,P,148.0,0.3,0.4,0,
19459,Jorge Alcala,P,62.0,0.3,1.0,0,
13345,Luis Cessa,P,66.0,0.3,0.9,0,
8410,Deolis Guerra,P,64.0,0.3,0.9,0,
11589,Jose Urena,P,106.0,0.3,0.6,0,
sa918017,Jordan Balazovic,P,42.0,0.3,1.4,0,
15947,Ryne Stanek,P,70.0,0.3,0.9,0,
20517,Nick Sandlin,P,62.0,0.3,1.0,0,
14646,Rowan Wick,P,64.0,0.3,0.9,0,
19309,Trevor Richards,P,56.0,0.3,1.1,0,
15288,Adam Cimber,P,68.0,0.3,0.9,0,
19345,Daulton Jefferies,P,78.0,0.3,0.8,0,
13649,Clay Holmes,P,60.0,0.3,1.0,0,
12910,Ken Giles,P,54.0,0.3,1.1,0,
10811,Mike Foltynewicz,P,125.0,0.3,0.5,0,
11209,Casey Sadler,P,60.0,0.3,1.0,0,
16814,Tim Hill,P,60.0,0.3,1.0,0,
21549,Jackson Kowar,P,37.0,0.3,1.6,0,
4153,Jake Arrieta,P,81.0,0.3,0.7,0,
14975,Chad Kuhl,P,93.0,0.3,0.6,0,
17369,Brett Martin,P,61.0,0.3,1.0,0,
sa3008605,Kyle Bradish,P,40.0,0.3,1.5,0,
sa3008163,Matthew Liberatore,P,39.0,0.3,1.5,0,
15684,Miguel Castro,P,63.0,0.3,1.0,0,
sa3008244,Ryan Rolison,P,50.0,0.3,1.2,0,
20039,Adrian Morejon,P,23.0,0.3,2.6,0,
13767,JT Chargois,P,63.0,0.3,1.0,0,
21690,Edward Cabrera,P,40.0,0.3,1.5,0,
25007,Alex Vesia,P,62.0,0.3,1.0,0,
1247,Adam Ottavino,P,68.0,0.3,0.9,0,
15291,Steven Brault,P,105.0,0.3,0.6,0,
sa3011524,Ryne Nelson,P,35.0,0.3,1.7,0,
17610,Tanner Rainey,P,65.0,0.3,0.9,0,
sa3011526,George Kirby,P,25.0,0.3,2.4,0,
sa3011621,Ethan Small,P,39.0,0.3,1.5,0,
15832,Paul Fry,P,52.0,0.3,1.2,0,
19867,Griffin Canning,P,38.0,0.3,1.6,0,
6399,Jose Cisnero,P,61.0,0.3,1.0,0,
11713,Matt Harvey,P,103.0,0.3,0.6,0,
19853,Michael King,P,63.0,0.3,1.0,0,
18323,Josh Sborz,P,60.0,0.3,1.0,0,
4897,Scott Kazmir,P,46.0,0.3,1.3,0,
16647,Ryan Thompson,P,55.0,0.2,0.7,0,
sa3014430,Max Meyer,P,25.0,0.2,1.6,0,
20070,Bailey Falter,P,61.0,0.2,0.7,0,
8246,Paolo Espino,P,61.0,0.2,0.7,0,
17796,Dillon Tate,P,58.0,0.2,0.7,0,
20167,Kyle Muller,P,40.0,0.2,1.0,0,
sa3008662,Cole Winn,P,39.0,0.2,1.0,0,
15541,Tyler Rogers,P,70.0,0.2,0.6,0,
sa3007989,Sean Hjelle,P,35.0,0.2,1.1,0,
17490,Genesis Cabrera,P,66.0,0.2,0.6,0,
17496,Diego Castillo,P,65.0,0.2,0.6,0,
17496,Diego Castillo,P,65.0,0.2,0.6,0,
19278,Vladimir Gutierrez,P,128.0,0.2,0.3,0,
17783,Jake Brentz,P,60.0,0.2,0.7,0,
5221,Wade LeBlanc,P,53.0,0.2,0.8,0,
17432,Jeff Hoffman,P,68.0,0.2,0.6,0,
14295,Wandy Peralta,P,58.0,0.2,0.7,0,
18064,Phil Maton,P,64.0,0.2,0.6,0,
sa3005068,MacKenzie Gore,P,32.0,0.2,1.2,0,
14375,Amir Garrett,P,61.0,0.2,0.7,0,
19665,Kyle Wright,P,45.0,0.2,0.9,0,
13834,Alec Mills,P,81.0,0.2,0.5,0,
17092,Domingo Acevedo,P,62.0,0.2,0.6,0,
8753,Tanner Roark,P,46.0,0.2,0.9,0,
27498,Spencer Strider,P,31.0,0.2,1.3,0,
sa3005282,Dayton Hall,P,25.0,0.2,1.6,0,
22224,Jon Heasley,P,39.0,0.2,1.0,0,
24937,Austin Warren,P,61.0,0.2,0.7,0,
3096,Kenley Jansen,P,67.0,0.2,0.6,0,
6797,Julio Teheran,P,92.0,0.2,0.4,0,
19200,Jose Quijada,P,56.0,0.2,0.7,0,
12361,Spencer Patton,P,64.0,0.2,0.6,0,
16703,Julian Merryweather,P,54.0,0.2,0.7,0,
23796,Ryan Weathers,P,38.0,0.2,1.1,0,
13594,Robert Stephenson,P,63.0,0.2,0.6,0,
14771,Emilio Pagan,P,63.0,0.2,0.6,0,
9761,Joe Kelly,P,59.0,0.2,0.7,0,
sa918088,Tobias Myers,P,43.0,0.2,0.9,0,
17186,Dinelson Lamet,P,52.0,0.2,0.8,0,
21656,Kervin Castro,P,53.0,0.2,0.8,0,
27515,Hirokazu Sawamura,P,56.0,0.2,0.7,0,
1890,Matt Moore,P,91.0,0.2,0.4,0,
7531,Collin McHugh,P,63.0,0.2,0.6,0,
6984,Luis Garcia,P,60.0,0.2,0.7,0,
19800,Wil Crowe,P,103.0,0.2,0.4,0,
7432,Jay Jackson,P,56.0,0.2,0.7,0,
16977,Trevor Williams,P,82.0,0.2,0.5,0,
19225,Mitch White,P,31.0,0.2,1.3,0,
18088,Cody Stashak,P,45.0,0.2,0.9,0,
21446,Ryan Feltner,P,50.0,0.2,0.8,0,
19618,Jordan Hicks,P,57.0,0.2,0.7,0,
19848,Darwinzon Hernandez,P,52.0,0.2,0.8,0,
19249,Seranthony Dominguez,P,52.0,0.2,0.8,0,
14857,Joe Mantiply,P,58.0,0.2,0.7,0,
18356,Jaime Barria,P,61.0,0.2,0.7,0,
sa915822,Zach Logue,P,26.0,0.1,0.8,0,
20418,Josh Fleming,P,43.0,0.1,0.5,0,
18519,Phil Bickford,P,56.0,0.1,0.4,0,
13942,Brent Suter,P,65.0,0.1,0.3,0,
13580,Steven Okert,P,56.0,0.1,0.4,0,
19349,Caleb Ferguson,P,50.0,0.1,0.4,0,
16400,Reynaldo Lopez,P,53.0,0.1,0.4,0,
22717,Angel Zerpa,P,19.0,0.1,1.1,0,
18694,Kolby Allard,P,44.0,0.1,0.5,0,
21298,Andre Jackson,P,36.0,0.1,0.6,0,
14527,Jorge Lopez,P,56.0,0.1,0.4,0,
8241,David Robertson,P,60.0,0.1,0.3,0,
14739,Paul Blackburn,P,43.0,0.1,0.5,0,
10745,Trevor Rosenthal,P,59.0,0.1,0.3,0,
sa829855,Alexander Faedo,P,31.0,0.1,0.6,0,
19926,Tony Santillan,P,61.0,0.1,0.3,0,
20186,Brendan McKay,P,21.0,0.1,1.0,0,
10061,Brooks Raley,P,52.0,0.1,0.4,0,
14506,J.B. Wendelken,P,60.0,0.1,0.3,0,
5615,Ryan Brasier,P,64.0,0.1,0.3,0,
20312,Alec Bettinger,P,25.0,0.1,0.8,0,
22925,Joan Adon,P,26.0,0.1,0.8,0,
22051,John King,P,55.0,0.1,0.4,0,
18806,Drew Steckenrider,P,66.0,0.1,0.3,0,
9073,Kirby Yates,P,36.0,0.1,0.6,0,
22175,Max Kranick,P,28.0,0.1,0.7,0,
19403,Colin Poche,P,44.0,0.1,0.5,0,
20203,Eli Morgan,P,65.0,0.1,0.3,0,
17969,Peter Lambert,P,73.0,0.1,0.3,0,
21894,Gregory Santos,P,24.0,0.1,0.8,0,
12095,Yimi Garcia,P,60.0,0.1,0.3,0,
19614,Cionel Perez,P,44.0,0.1,0.5,0,
8337,Lucas Luetge,P,44.0,0.1,0.5,0,
17677,Jeffrey Springs,P,34.0,0.1,0.6,0,
14552,Jose Ruiz,P,57.0,0.1,0.4,0,
16390,Brad Wieck,P,55.0,0.1,0.4,0,
sa3011773,Caleb Kilian,P,8.0,0.1,2.5,0,
12800,Noe Ramirez,P,64.0,0.1,0.3,0,
11847,Chris Martin,P,58.0,0.1,0.3,0,
8823,Oliver Drake,P,43.0,0.1,0.5,0,
23779,Justin Bruihl,P,44.0,0.1,0.5,0,
10291,Ryan Tepera,P,66.0,0.1,0.3,0,
19712,Patrick Murphy,P,53.0,0.1,0.4,0,
15761,Joe Jimenez,P,54.0,0.1,0.4,0,
13763,Dominic Leone,P,62.0,0.1,0.3,0,
18282,Jarlin Garcia,P,58.0,0.1,0.3,0,
3132,Tony Watson,P,60.0,0.1,0.3,0,
sa3010784,Sidney Thomas,P,8.0,0.1,2.5,0,
20253,Griffin Jax,P,85.0,0.1,0.2,0,
13287,Jesse Hahn,P,47.0,0.1,0.4,0,
21333,Seth Romero,P,24.0,0.1,0.8,0,
11426,Drew Pomeranz,P,34.0,0.1,0.6,0,
19845,Alexander Wells,P,45.0,0.1,0.4,0,
20531,Kutter Crawford,P,29.0,0.1,0.7,0,
17292,Javy Guerra,P,42.0,0.1,0.5,0,
20794,Manuel Rodriguez,P,58.0,0.1,0.3,0,
14696,Keone Kela,P,37.0,0.1,0.5,0,
13475,Daniel Norris,P,57.0,0.1,0.4,0,
18152,Anthony Misiewicz,P,58.0,0.1,0.3,0,
13801,Austin Adams,P,48.0,0.1,0.4,0,
14361,Ty Blach,P,16.0,0.1,1.2,0,
sa3004469,Tommy Romero,P,13.0,0.1,1.5,0,
13293,Danny Coulombe,P,40.0,0.1,0.5,0,
5114,Jeurys Familia,P,65.0,0.1,0.3,0,
19541,Jimmy Lambert,P,49.0,0.1,0.4,0,
sa918274,Douglas Ashcraft,P,8.0,0.1,2.5,0,
13654,Jharel Cotton,P,58.0,0.1,0.3,0,
12580,Adam Morgan,P,56.0,0.1,0.4,0,
15071,Kyle McGowin,P,41.0,0.1,0.5,0,
7982,Anthony Bass,P,63.0,0.1,0.3,0,
1157,Tommy Hunter,P,42.0,0.1,0.5,0,
19695,Connor Seabold,P,25.0,0.1,0.8,0,
17968,Brock Burke,P,16.0,0.1,1.2,0,
21183,Humberto Castellanos,P,16.0,0.1,1.2,0,
5358,Jose Alvarez,P,52.0,0.1,0.4,0,
9111,Brad Hand,P,67.0,0.1,0.3,0,
sa913099,Adam Oller,P,29.0,0.1,0.7,0,
14524,Jose Leclerc,P,36.0,0.1,0.6,0,
3321,Darren O'Day,P,26.0,0.1,0.8,0,
13799,Matt Strahm,P,42.0,0.1,0.5,0,
14332,Joel Payamps,P,52.0,0.1,0.4,0,
6986,Ian Kennedy,P,62.0,0.1,0.3,0,
17170,Gabe Speier,P,54.0,0.1,0.4,0,
11801,Hansel Robles,P,68.0,0.1,0.3,0,
17117,Austin Davis,P,48.0,0.1,0.4,0,
20373,Andres Munoz,P,46.0,0.1,0.4,0,
12760,Rafael Montero,P,46.0,0.1,0.4,0,
sa3007259,Garrett Hill,P,8.0,0.1,2.5,0,
21306,Jake Latz,P,8.0,0.1,2.5,0,
19487,Devin Smeltzer,P,10.0,0.1,2.0,0,
17285,Justus Sheffield,P,49.0,0.1,0.4,0,
sa877578,Alan Rangel,P,17.0,0.1,1.2,0,
9866,Chaz Roe,P,45.0,0.1,0.4,0,
4141,Derek Holland,P,60.0,0.1,0.3,0,
sa3014907,Benjamin Leeper,P,34.0,0.1,0.6,0,
6661,Alex Colome,P,68.0,0.1,0.3,0,
12249,Ryan Sherriff,P,58.0,0.1,0.3,0,
20277,Cory Abbott,P,21.0,0.1,1.0,0,
13259,Louis Head,P,52.0,0.1,0.4,0,
sa3008132,Ethan Roberts,P,35.0,0.1,0.6,0,
19795,Keegan Thompson,P,81.0,0.1,0.2,0,
20422,Jovani Moran,P,46.0,0.1,0.4,0,
sa3008611,Bryson Sands,P,8.0,0.1,2.5,0,
15043,Lou Trivino,P,65.0,0.1,0.3,0,
21018,Francisco Perez,P,42.0,0.1,0.5,0,
21997,Luis Frias,P,22.0,0.0,0.0,0,
16587,Erik Swanson,P,40.0,0.0,0.0,0,
16350,Ryan Borucki,P,46.0,0.0,0.0,0,
16159,Jace Fry,P,41.0,0.0,0.0,0,
20395,Nick Margevicius,P,20.0,0.0,0.0,0,
12777,John Brebbia,P,44.0,0.0,0.0,0,
1514,Oliver Perez,P,41.0,0.0,0.0,0,
24933,Andrew Wantz,P,60.0,0.0,0.0,0,
13346,Hoby Milner,P,30.0,0.0,0.0,0,
16408,Victor Gonzalez,P,36.0,0.0,0.0,0,
11632,Heath Hembree,P,58.0,0.0,0.0,0,
19264,Thomas Hatch,P,32.0,0.0,0.0,0,
sa3004584,Andrew Strotman,P,17.0,0.0,0.0,0,
20778,Cristopher Sanchez,P,24.0,0.0,0.0,0,
6316,David Phelps,P,24.0,0.0,0.0,0,
14542,Carlos Estevez,P,63.0,0.0,0.0,0,
5224,Blake Parker,P,50.0,0.0,0.0,0,
19899,Clarke Schmidt,P,14.0,0.0,0.0,0,
19583,Sean Poppen,P,42.0,0.0,0.0,0,
12323,Jacob Barnes,P,34.0,0.0,0.0,0,
11490,Aaron Sanchez,P,72.0,0.0,0.0,0,
17793,Trey Wingenter,P,32.0,0.0,0.0,0,
sa3011585,Mitchell Stumpo,P,24.0,0.0,0.0,0,
18337,Nick Anderson,P,20.0,0.0,0.0,0,
21844,Braxton Garrett,P,15.0,0.0,0.0,0,
13607,Carl Edwards Jr.,P,30.0,0.0,0.0,0,
sa3007715,James McArthur,P,8.0,0.0,0.0,0,
19996,Dylan Lee,P,44.0,0.0,0.0,0,
1581,Sean Doolittle,P,54.0,0.0,0.0,0,
24584,Jonathan Stiever,P,27.0,0.0,0.0,0,
16265,Sam Howard,P,58.0,0.0,0.0,0,
17759,Angel Perdomo,P,38.0,0.0,0.0,0,
sa738902,Scott Moss,P,8.0,0.0,0.0,0,
20010,Wyatt Mills,P,22.0,0.0,0.0,0,
18792,Miguel Del Pozo,P,46.0,0.0,0.0,0,
16943,Sean Newcomb,P,40.0,0.0,0.0,0,
13911,Scott Oberg,P,14.0,0.0,0.0,0,
21170,Dany Jimenez,P,22.0,0.0,0.0,0,
sa977837,Luke Barker,P,21.0,0.0,0.0,0,
16440,James Norwood,P,16.0,0.0,0.0,0,
15855,Wander Suero,P,40.0,0.0,0.0,0,
20041,Ronald Bolanos,P,28.0,0.0,0.0,0,
3281,Joe Smith,P,48.0,0.0,0.0,0,
5448,Jesse Chavez,P,56.0,0.0,0.0,0,
sa3006795,Steven Wilson,P,14.0,0.0,0.0,0,
16794,Josh James,P,24.0,0.0,0.0,0,
20739,Humberto Mejia,P,8.0,0.0,0.0,0,
sa3011244,Ryan Pepiot,P,8.0,0.0,0.0,0,
15145,Justin Topa,P,27.0,0.0,0.0,0,
22487,Johan Oviedo,P,36.0,0.0,0.0,0,
17169,Jose Castillo,P,8.0,0.0,0.0,0,
11903,Michael Feliz,P,38.0,0.0,0.0,0,
23292,Packy Naughton,P,28.0,0.0,0.0,0,
sa918451,Bowden Francis,P,17.0,0.0,0.0,0,
sa873347,Jhoan Duran,P,22.0,0.0,0.0,0,
22192,Hans Crouse,P,31.0,0.0,0.0,0,
19179,Kirby Snead,P,12.0,0.0,0.0,0,
sa3006801,Matt Frisbee,P,9.0,0.0,0.0,0,
21197,Darien Nunez,P,12.0,0.0,0.0,0,
sa3008310,Jonathan France,P,8.0,0.0,0.0,0,
10133,Brad Boxberger,P,65.0,0.0,0.0,0,
sa3004197,Dylan File,P,15.0,0.0,0.0,0,
sa3007778,Ryan Weiss,P,30.0,0.0,0.0,0,
sa856262,Patrick Ruotolo,P,30.0,0.0,0.0,0,
20387,Anthony Kay,P,14.0,0.0,0.0,0,
19178,Tommy Nance,P,46.0,0.0,0.0,0,
13360,Cam Bedrosian,P,35.0,0.0,0.0,0,
20045,Sean Guenther,P,26.0,0.0,0.0,0,
sa3004098,Phoenix Sanders,P,12.0,0.0,0.0,0,
21101,Dauri Moreta,P,44.0,0.0,0.0,0,
20344,Blake Cederlind,P,36.0,0.0,0.0,0,
12918,Archie Bradley,P,61.0,0.0,0.0,0,
10843,Adam Kolarek,P,38.0,0.0,0.0,0,
sa3010299,Nicholas Enright,P,30.0,0.0,0.0,0,
sa3003988,John Parke,P,9.0,0.0,0.0,0,
17192,Jalen Beeks,P,38.0,0.0,0.0,0,
21045,Seth Martinez,P,14.0,0.0,0.0,0,
sa918458,Matthew Swarmer,P,8.0,0.0,0.0,0,
sa876284,Daniel Tillo,P,8.0,0.0,0.0,0,
20185,Zach Pop,P,58.0,0.0,0.0,0,
16609,Bryan Abreu,P,22.0,0.0,0.0,0,
19647,Matt Foster,P,32.0,0.0,0.0,0,
sa3002790,Gerardo Carrillo,P,15.0,0.0,0.0,0,
15915,Victor Arano,P,12.0,0.0,0.0,0,
sa875576,Alexis Diaz,P,28.0,0.0,0.0,0,
17181,Yoan Lopez,P,14.0,0.0,0.0,0,
7836,Hunter Strickland,P,58.0,0.0,0.0,0,
15594,Nick Wittgren,P,57.0,0.0,0.0,0,
7196,Greg Holland,P,52.0,0.0,0.0,0,
21111,Miguel Yajure,P,34.0,0.0,0.0,0,
9817,Sergio Romo,P,64.0,0.0,0.0,0,
7555,Nick Vincent,P,25.0,0.0,0.0,0,
6216,Dellin Betances,P,42.0,0.0,0.0,0,
sa913181,John Sousa,P,10.0,0.0,0.0,0,
16201,Justin Anderson,P,36.0,0.0,0.0,0,
17734,Evan Phillips,P,40.0,0.0,0.0,0,
17755,Drew Smith,P,60.0,0.0,0.0,0,
23301,Janson Junk,P,15.0,0.0,0.0,0,
18403,Enyel De Los Santos,P,8.0,0.0,0.0,0,
20539,Edwin Uceta,P,6.0,0.0,0.0,0,
16610,J.P. Feyereisen,P,58.0,0.0,0.0,0,
17948,Trent Thornton,P,32.0,0.0,0.0,0,
16279,Sam Clay,P,35.0,0.0,0.0,0,
17897,Garrett Cleavinger,P,30.0,0.0,0.0,0,
18555,Logan Allen,P,57.0,0.0,0.0,0,
20198,Ben Bowden,P,34.0,0.0,0.0,0,
10756,Shane Greene,P,42.0,0.0,0.0,0,
sa3014793,Eric Orze,P,12.0,0.0,0.0,0,
19444,Yohan Ramirez,P,28.0,0.0,0.0,0,
10066,Ian Krol,P,34.0,0.0,0.0,0,
20476,Peter Solomon,P,11.0,0.0,0.0,0,
11812,Alberto Baldonado,P,15.0,0.0,0.0,0,
sa3006775,William Murfee,P,4.0,0.0,0.0,0,
sa3006966,Brooks Wilson,P,12.0,0.0,0.0,0,
2882,Luis Avilan,P,26.0,0.0,0.0,0,
sa3011688,Yennier Cano,P,34.0,0.0,0.0,0,
20379,Tyler Zuber,P,35.0,0.0,0.0,0,
sa918377,Brian Howard,P,15.0,0.0,0.0,0,
22358,Stephen Ridings,P,22.0,0.0,0.0,0,
15264,Keynan Middleton,P,18.0,0.0,0.0,0,
20276,Deivi Garcia,P,8.0,0.0,0.0,0,
19789,Anthony Castro,P,40.0,0.0,0.0,0,
20100,Michel Baez,P,4.0,0.0,0.0,0,
sa3008371,Konnor Pilkington,P,26.0,0.0,0.0,0,
20298,Jhonathan Diaz,P,30.0,0.0,0.0,0,
sa3011248,Nicholas Robertson,P,4.0,0.0,0.0,0,
sa3008386,Logan Gillaspie,P,12.0,0.0,0.0,0,
17888,Tayler Saucedo,P,15.0,0.0,0.0,0,
19876,Kevin Ginkel,P,4.0,0.0,0.0,0,
sa915809,Zachary Muckenhirn,P,0.0,0.0,0.0,0,
13549,Richard Rodriguez,P,65.0,0.0,0.0,0,
16929,Touki Toussaint,P,58.0,0.0,0.0,0,
sa918353,Scott Engler,P,8.0,0.0,0.0,0,
19804,Bryan Baker,P,22.0,0.0,0.0,0,
19731,Kodi Whitley,P,46.0,0.0,0.0,0,
17464,Jonathan Hernandez,P,38.0,0.0,0.0,0,
24975,Cooper Criswell,P,4.0,0.0,0.0,0,
sa3004676,Rio Gomez,P,8.0,0.0,0.0,0,
sa915688,Tyler Johnson,P,4.0,0.0,0.0,0,
sa3008097,Jacob Bird,P,10.0,0.0,0.0,0,
17583,Marcos Diplan,P,8.0,0.0,0.0,0,
19805,Daniel Castano,P,6.0,0.0,0.0,0,
22036,Angel Rondon,P,12.0,0.0,0.0,0,
17732,Nabil Crismatt,P,30.0,0.0,0.0,0,
19453,Shaun Anderson,P,6.0,0.0,0.0,0,
sa921876,Angel De Jesus,P,32.0,0.0,0.0,0,
13528,Matt Bowman,P,14.0,0.0,0.0,0,
21025,Oliver Ortega,P,14.0,0.0,0.0,0,
sa3010789,Cayne Ueckert,P,6.0,0.0,0.0,0,
16318,Ricardo Pinto,P,4.0,0.0,0.0,0,
sa874174,Zachary Jackson,P,4.0,0.0,0.0,0,
20329,Andre Scrubb,P,4.0,0.0,0.0,0,
20997,Eduard Bazardo,P,12.0,0.0,0.0,0,
19932,Trevor Stephan,P,54.0,0.0,0.0,0,
16588,Jonathan Holder,P,30.0,0.0,0.0,0,
13699,Jake Faria,P,12.0,0.0,0.0,0,
18496,Junior Fernandez,P,42.0,0.0,0.0,0,
24591,Joey Gerber,P,10.0,0.0,0.0,0,
20334,Kyle Dohy,P,6.0,0.0,0.0,0,
5498,Arodys Vizcaino,P,14.0,0.0,0.0,0,
sa829470,Argenis Angulo,P,3.0,0.0,0.0,0,
12890,Alex Claudio,P,28.0,0.0,0.0,0,
21652,Elvis Peguero,P,6.0,0.0,0.0,0,
21761,Jose Marte,P,8.0,0.0,0.0,0,
20643,Johan Quezada,P,4.0,0.0,0.0,0,
sa738442,Logan Shore,P,17.0,0.0,0.0,0,
sa3008340,Devin Sweet,P,8.0,0.0,0.0,0,
sa874215,Thomas Burrows,P,6.0,0.0,0.0,0,
sa3006804,Cole Uvila,P,6.0,0.0,0.0,0,
sa3005016,Marcel Renteria,P,4.0,0.0,0.0,0,
4301,Justin Wilson,P,58.0,0.0,0.0,0,
20447,Enoli Paredes,P,10.0,0.0,0.0,0,
sa872856,Anderson Espinoza,P,10.0,0.0,0.0,0,
sa917689,Joel Peguero,P,10.0,0.0,0.0,0,
sa3004457,Jake Walsh,P,18.0,0.0,0.0,0,
sa3007580,Allan Winans,P,8.0,0.0,0.0,0,
sa3008227,Michael Byrne,P,8.0,0.0,0.0,0,
sa3004211,Blake Weiman,P,22.0,0.0,0.0,0,
13182,Kyle Crick,P,16.0,0.0,0.0,0,
4185,Rafael Dolis,P,60.0,0.0,0.0,0,
19535,Ryan Hendrix,P,38.0,0.0,0.0,0,
14665,Jandel Gustave,P,48.0,0.0,0.0,0,
18769,Cody Poteet,P,14.0,0.0,0.0,0,
23310,Damon Jones,P,20.0,0.0,0.0,0,
sa3010303,Nicholas Mikolajchak,P,42.0,0.0,0.0,0,
sa918814,Nathan Webb,P,4.0,0.0,0.0,0,
sa3004013,Calvin Faucher,P,11.0,0.0,0.0,0,
sa917930,Charles Whitley,P,16.0,0.0,0.0,0,
20237,Tyler Ivey,P,8.0,0.0,0.0,0,
11753,Kyle Ryan,P,8.0,0.0,0.0,0,
22052,Aaron Fletcher,P,18.0,0.0,0.0,0,
21065,Thomas Szapucki,P,8.0,0.0,0.0,0,
19940,Jhon Romero,P,32.0,0.0,0.0,0,
20515,Kyle Nelson,P,8.0,0.0,0.0,0,
16300,Jesus Tinoco,P,4.0,0.0,0.0,0,
19574,JoJo Romero,P,9.0,0.0,0.0,0,
15849,Kent Emanuel,P,38.0,0.0,0.0,0,
12680,Ryne Harper,P,38.0,0.0,0.0,0,
20206,Mike Baumann,P,48.0,0.0,0.0,0,
19866,Brandon Bielak,P,32.0,0.0,0.0,0,
19159,Zack Burdi,P,22.0,0.0,0.0,0,
sa875233,Gray Fenter,P,4.0,0.0,0.0,0,
18341,Julian Fernandez,P,28.0,0.0,0.0,0,
19868,Drew Carlton,P,8.0,0.0,0.0,0,
10341,Juan Minaya,P,41.0,0.0,0.0,0,
15507,Hunter Harvey,P,48.0,0.0,0.0,0,
12385,Nick Tropeano,P,14.0,0.0,0.0,0,
10430,Mychal Givens,P,66.0,0.0,0.0,0,
19266,Taylor Widener,P,65.0,0.0,0.0,0,
15046,Trevor Gott,P,54.0,0.0,0.0,0,
21850,Mason Thompson,P,48.0,0.0,0.0,0,
19454,Michael Rucker,P,48.0,0.0,0.0,0,
9794,Rex Brothers,P,18.0,0.0,0.0,0,
4026,Hector Santiago,P,22.0,0.0,0.0,0,
sa3004589,Jared Solomon,P,4.0,0.0,0.0,0,
sa856254,Ryan Mason,P,28.0,0.0,0.0,0,
23592,Brett de Geus,P,10.0,0.0,0.0,0,
19548,J.D. Hammer,P,16.0,0.0,0.0,0,
sa873274,Parker Dunshee,P,10.0,0.0,0.0,0,
19883,Alex Lange,P,58.0,0.0,0.0,0,
20383,Antonio Santos,P,20.0,0.0,0.0,0,
13397,Sam Selman,P,35.0,0.0,0.0,0,
sa874818,Wandisson Charles,P,18.0,0.0,0.0,0,
6627,Brad Brach,P,46.0,0.0,0.0,0,
sa873657,Cameron Vieaux,P,8.0,0.0,0.0,0,
sa3010631,Jacques Pucheu,P,12.0,0.0,0.0,0,
sa917985,Jace Vines,P,33.0,0.0,0.0,0,
19269,T.J. Zeuch,P,36.0,0.0,0.0,0,
16418,Blake Taylor,P,58.0,0.0,0.0,0,
sa877364,Daniel Duarte,P,24.0,0.0,0.0,0,
2859,Ross Detwiler,P,47.0,0.0,0.0,0,
16209,Jake Reed,P,47.0,0.0,0.0,0,
17585,Jordan Yamamoto,P,43.0,0.0,0.0,0,
5420,Pedro Baez,P,54.0,0.0,0.0,0,
sa3005362,Raymond Kerr,P,21.0,0.0,0.0,0,
16110,Daniel Ponce de Leon,P,18.0,0.0,0.0,0,
sa829086,Yoan Aybar,P,6.0,0.0,0.0,0,
4994,Fernando Abad,P,37.0,0.0,0.0,0,
13696,Robert Gsellman,P,40.0,0.0,0.0,0,
20061,Kaleb Ort,P,32.0,0.0,0.0,0,
20074,Miguel Sanchez,P,34.0,0.0,0.0,0,
20385,Isaac Mattson,P,28.0,0.0,0.0,0,
sa918459,Joseph Navilhon,P,28.0,0.0,0.0,0,
sa3006164,Freddy Pacheco,P,25.0,0.0,0.0,0,
sa3011216,Cole Gordon,P,10.0,0.0,0.0,0,
20153,Nick Nelson,P,46.0,0.0,0.0,0,
sa3007959,Durbin Feltman,P,24.0,0.0,0.0,0,
sa3007235,Robert Broom,P,22.0,0.0,0.0,0,
19884,Corbin Martin,P,46.0,0.0,0.0,0,
19881,Gabe Klobosits,P,22.0,0.0,0.0,0,
20348,Riley O'Brien,P,16.0,0.0,0.0,0,
17611,Taylor Clarke,P,44.0,0.0,0.0,0,
17002,Trevor Hildenberger,P,22.0,0.0,0.0,0,
14814,Buck Farmer,P,30.0,0.0,0.0,0,
15823,Zack Littell,P,56.0,0.0,0.0,0,
sa3004770,Garrett Schilling,P,9.0,0.0,0.0,0,
17034,Sean Reid-Foley,P,40.0,0.0,0.0,0,
14672,Dillon Maples,P,38.0,0.0,0.0,0,
18873,Beau Burrows,P,8.0,0.0,0.0,0,
17536,Ryan Burr,P,46.0,0.0,0.0,0,
sa873437,Elvin Rodriguez,P,14.0,0.0,0.0,0,
16466,Brent Honeywell,P,61.0,0.0,0.0,0,
5702,Junior Guerra,P,38.0,0.0,0.0,0,
16981,Tyler Beede,P,60.0,0.0,0.0,0,
14874,Sam Moll,P,56.0,0.0,0.0,0,
sa3004093,Collin Snider,P,28.0,0.0,0.0,0,
13707,Joey Krehbiel,P,48.0,0.0,0.0,0,
10197,Shelby Miller,P,20.0,0.0,0.0,0,
6785,Andrew Miller,P,56.0,0.0,0.0,0,
10855,Chasen Shreve,P,42.0,0.0,0.0,0,
15139,Ashton Goudeau,P,30.0,0.0,0.0,0,
20339,Matt Peacock,P,36.0,0.0,0.0,0,
23493,Nick Snyder,P,44.0,0.0,0.0,0,
19274,Jacob Webb,P,60.0,0.0,0.0,0,
11428,Brandon Workman,P,40.0,0.0,0.0,0,
sa3004024,Graham Spraker,P,25.0,0.0,0.0,0,
19682,Jordan Sheffield,P,48.0,0.0,0.0,0,
1246,Matt Bush,P,18.0,0.0,0.0,0,
22092,Kyle Tyler,P,42.0,0.0,0.0,0,
9939,Brandon Kintzler,P,42.0,-0.1,-0.5,0,
19531,Jason Foley,P,38.0,-0.1,-0.5,0,
18297,Tyler Kinley,P,58.0,-0.1,-0.3,0,
19784,Justin Garza,P,16.0,-0.1,-1.2,0,
10314,Erasmo Ramirez,P,32.0,-0.1,-0.6,0,
sa917946,Joseph Wentz,P,47.0,-0.1,-0.4,0,
sa3003109,Luis Romero,P,32.0,-0.1,-0.6,0,
6483,Steve Cishek,P,71.0,-0.1,-0.3,0,
20631,Jordan Holloway,P,38.0,-0.1,-0.5,0,
9388,Josh Tomlin,P,45.0,-0.1,-0.4,0,
4020,Yusmeiro Petit,P,75.0,-0.1,-0.3,0,
17485,Albert Abreu,P,42.0,-0.1,-0.5,0,
sa3004216,Hunter Stratton,P,48.0,-0.1,-0.4,0,
22248,Paul Campbell,P,44.0,-0.1,-0.5,0,
sa737480,Felix Bautista,P,38.0,-0.1,-0.5,0,
8350,AJ Ramos,P,48.0,-0.1,-0.4,0,
17556,Jimmy Herget,P,54.0,-0.1,-0.4,0,
18548,Sam Hentges,P,56.0,-0.1,-0.4,0,
sa920272,Alexander Vizcaino,P,24.0,-0.1,-0.8,0,
25376,Nick Mears,P,56.0,-0.1,-0.4,0,
18332,Eric Hanhold,P,44.0,-0.1,-0.5,0,
12237,Dan Winkler,P,48.0,-0.1,-0.4,0,
sa838671,Anderson Severino,P,24.0,-0.1,-0.8,0,
20430,Rony Garcia,P,35.0,-0.1,-0.6,0,
15047,Austin Voth,P,63.0,-0.1,-0.3,0,
3237,T.J. McFarland,P,55.0,-0.1,-0.4,0,
18138,Ryan Helsley,P,60.0,-0.1,-0.3,0,
15068,Yency Almonte,P,40.0,-0.1,-0.5,0,
20218,Yennsy Diaz,P,33.0,-0.1,-0.6,0,
21087,Demarcus Evans,P,40.0,-0.1,-0.5,0,
3200,Ervin Santana,P,40.0,-0.1,-0.5,0,
sa828669,Harrison Holmes,P,44.0,-0.1,-0.5,0,
18384,Scott Effross,P,62.0,-0.1,-0.3,0,
18510,Josh Rogers,P,64.0,-0.1,-0.3,0,
5640,Tyler Clippard,P,60.0,-0.1,-0.3,0,
17878,Dennis Santana,P,48.0,-0.1,-0.4,0,
14677,Duane Underwood Jr.,P,60.0,-0.1,-0.3,0,
19231,Caleb Baragar,P,36.0,-0.1,-0.6,0,
18699,Nick Neidert,P,41.0,-0.1,-0.5,0,
17639,Justin Lawrence,P,42.0,-0.1,-0.5,0,
18674,Jake Woodford,P,58.0,-0.1,-0.3,0,
6895,Chase Anderson,P,90.0,-0.1,-0.2,0,
14706,Anthony Banda,P,62.0,-0.1,-0.3,0,
15605,Phillips Valdez,P,44.0,-0.1,-0.5,0,
20491,J.B. Bukauskas,P,52.0,-0.1,-0.4,0,
22296,Joe Barlow,P,66.0,-0.2,-0.6,0,
21290,Lucas Gilbreath,P,54.0,-0.2,-0.7,0,
20617,JC Mejia,P,55.0,-0.2,-0.7,0,
19456,Kyle Funkhouser,P,64.0,-0.2,-0.6,0,
17682,Ralph Garza,P,54.0,-0.2,-0.7,0,
19457,Bryan Garcia,P,42.0,-0.2,-1.0,0,
2608,Jhoulys Chacin,P,62.0,-0.2,-0.6,0,
8110,Bryan Shaw,P,72.0,-0.2,-0.6,0,
14875,Caleb Smith,P,65.0,-0.2,-0.6,0,
12178,Domingo Tapia,P,67.0,-0.3,-0.9,0,
14681,Andres Machado,P,60.0,-0.4,-1.3,0,
9460,Dan Straily,P,119.0,-0.4,-0.7,0,
5097,Anthony Gose,P,58.0,-0.7,-2.4,0,
