playerid,Name,Pos,WAR,Owner,PA,IP,hWAR,pWAR,DHWAR,hWAR700PA,pWAR200IP,DHWAR700PA
19709,Fernando Tatis Jr.,"OF,SS,DH",7.5,Sid,651.0,0.0,7.5,0.0,4.8,8.1,0.0,5.2
20123,Juan Soto,"OF,DH",7.4,Alden,672.0,0.0,7.4,0.0,4.3,7.7,0.0,4.5
19755,Shohei Ohtani,"P,DH",6.9,Benji,637.0,156.0,3.8,3.1,2.0,4.2,4.0,2.2
10155,Mike Trout,"OF,DH",6.5,Graham,637.0,0.0,6.5,0.0,3.8,7.1,0.0,4.2
13510,José Ramírez,"3B,DH",6.2,Reuben,665.0,0.0,6.2,0.0,2.3,6.5,0.0,2.4
15640,Aaron Judge,"OF,DH",6.0,Graham,658.0,0.0,6.0,0.0,2.0,6.4,0.0,2.1
19611,Vladimir Guerrero Jr.,"1B,DH",6.0,Nick,665.0,0.0,6.0,0.0,2.9,6.3,0.0,3.1
13611,Mookie Betts,"OF,DH",5.9,Reuben,672.0,0.0,5.9,0.0,2.0,6.1,0.0,2.1
13125,Gerrit Cole,P,5.8,Jesse,0.0,199.0,0.0,5.8,0.0,0.0,5.8,0.0
18401,Ronald Acuña Jr.,"OF,DH",5.6,Benji,567.0,0.0,5.6,0.0,2.2,6.9,0.0,2.7
10954,Jacob deGrom,P,5.6,Jesse,0.0,153.0,0.0,5.6,0.0,0.0,7.3,0.0
16252,Trea Turner,"2B,SS,DH",5.4,Nick,665.0,0.0,5.4,0.0,1.8,5.7,0.0,1.9
17678,Alex Bregman,"3B,DH",5.3,Sid,630.0,0.0,5.3,0.0,1.5,5.9,0.0,1.7
14162,Carlos Correa,"SS,DH",5.3,Alden,637.0,0.0,5.3,0.0,0.6,5.8,0.0,0.7
23667,Wander Franco,"SS,DH",5.1,Graham,644.0,0.0,5.1,0.0,0.2,5.5,0.0,0.2
10310,Zack Wheeler,P,5.1,Alden,0.0,207.0,0.0,5.1,0.0,0.0,4.9,0.0
11579,Bryce Harper,"OF,DH",5.0,Reuben,672.0,0.0,5.0,0.0,2.3,5.2,0.0,2.4
19361,Corbin Burnes,P,5.0,Sid,0.0,175.0,0.0,5.0,0.0,0.0,5.7,0.0
19612,Bo Bichette,"SS,DH",5.0,Benji,658.0,0.0,5.0,0.0,0.7,5.3,0.0,0.7
18345,Kyle Tucker,"OF,DH",5.0,Nick,637.0,0.0,5.0,0.0,2.0,5.5,0.0,2.2
12533,Marcus Semien,"2B,SS,DH",4.9,Graham,665.0,0.0,4.9,0.0,0.7,5.2,0.0,0.7
14161,Byron Buxton,"OF,DH",4.9,Jesse,567.0,0.0,4.9,0.0,1.0,6.0,0.0,1.2
14344,Matt Olson,"1B,DH",4.9,Sid,665.0,0.0,4.9,0.0,1.8,5.2,0.0,1.9
13624,Corey Seager,"SS,DH",4.9,Reuben,595.0,0.0,4.9,0.0,1.3,5.8,0.0,1.5
20043,Luis Robert,"OF,DH",4.8,Jesse,644.0,0.0,4.8,0.0,0.3,5.2,0.0,0.3
19427,Shane Bieber,P,4.8,Benji,0.0,189.0,0.0,4.8,0.0,0.0,5.1,0.0
12916,Francisco Lindor,"SS,DH",4.8,Jesse,658.0,0.0,4.8,0.0,0.0,5.1,0.0,0.0
11368,Yasmani Grandal,"C,DH",4.7,Sid,539.0,0.0,4.7,0.0,0.4,6.1,0.0,0.5
5361,Freddie Freeman,"1B,DH",4.7,Graham,686.0,0.0,4.7,0.0,1.3,4.8,0.0,1.3
11493,Manny Machado,"3B,DH",4.6,Graham,672.0,0.0,4.6,0.0,0.1,4.8,0.0,0.1
12161,Xander Bogaerts,"SS,DH",4.6,Jesse,665.0,0.0,4.6,0.0,0.8,4.8,0.0,0.8
17350,Rafael Devers,"3B,DH",4.6,Alden,665.0,0.0,4.6,0.0,0.9,4.8,0.0,0.9
18882,Brandon Lowe,"2B,DH",4.5,Jesse,616.0,0.0,4.5,0.0,1.0,5.1,0.0,1.1
3137,Max Scherzer,P,4.5,Nick,0.0,188.0,0.0,4.5,0.0,0.0,4.8,0.0
12564,Trevor Story,"SS,DH",4.5,Nick,644.0,0.0,4.5,0.0,-0.5,4.9,0.0,-0.5
19556,Yordan Alvarez,"OF,DH",4.4,Sid,630.0,0.0,4.4,0.0,2.5,4.9,0.0,2.8
12856,George Springer,"OF,DH",4.3,Graham,651.0,0.0,4.3,0.0,0.8,4.6,0.0,0.9
9777,Nolan Arenado,"3B,DH",4.3,Nick,672.0,0.0,4.3,0.0,-0.6,4.5,0.0,-0.6
14128,Joey Gallo,"OF,DH",4.2,Reuben,637.0,0.0,4.2,0.0,1.1,4.6,0.0,1.2
16162,Brandon Woodruff,P,4.2,Alden,0.0,183.0,0.0,4.2,0.0,0.0,4.6,0.0
16505,Matt Chapman,"3B,DH",4.2,Jesse,651.0,0.0,4.2,0.0,-0.4,4.5,0.0,-0.4
16556,Ozzie Albies,"2B,DH",4.1,Alden,665.0,0.0,4.1,0.0,-0.1,4.3,0.0,-0.1
16149,Aaron Nola,P,4.1,Reuben,0.0,191.0,0.0,4.1,0.0,0.0,4.3,0.0
12861,Anthony Rendon,"3B,DH",4.1,Graham,574.0,0.0,4.1,0.0,0.4,5.0,0.0,0.5
5417,Jose Altuve,"2B,DH",4.0,Jesse,637.0,0.0,4.0,0.0,0.0,4.4,0.0,0.0
19197,Will Smith,"C,DH",4.0,Jesse,509.0,0.0,4.0,0.0,0.7,5.5,0.0,1.0
17995,Logan Webb,P,4.0,Reuben,0.0,184.0,0.0,4.0,0.0,0.0,4.3,0.0
13164,Eduardo Rodriguez,P,3.9,Graham,0.0,183.0,0.0,3.9,0.0,0.0,4.3,0.0
19251,Pete Alonso,"1B,DH",3.9,Jesse,651.0,0.0,3.9,0.0,1.3,4.2,0.0,1.4
15474,Lucas Giolito,P,3.9,Sid,0.0,181.0,0.0,3.9,0.0,0.0,4.3,0.0
15711,Tyler O'Neill,"OF,DH",3.8,Alden,630.0,0.0,3.8,0.0,1.3,4.2,0.0,1.4
9132,Nathan Eovaldi,P,3.8,Graham,0.0,179.0,0.0,3.8,0.0,0.0,4.2,0.0
11739,J.T. Realmuto,"C,DH",3.8,Nick,602.0,0.0,3.8,0.0,-0.7,4.4,0.0,-0.8
13613,Ketel Marte,"2B,OF,DH",3.8,Benji,644.0,0.0,3.8,0.0,0.0,4.1,0.0,0.0
17232,Yoán Moncada,"3B,DH",3.8,Alden,644.0,0.0,3.8,0.0,-0.2,4.1,0.0,-0.2
19374,Walker Buehler,P,3.8,Nick,0.0,196.0,0.0,3.8,0.0,0.0,3.9,0.0
21523,Jonathan India,"2B,DH",3.7,Alden,644.0,0.0,3.7,0.0,0.0,4.0,0.0,0.0
19326,Bryan Reynolds,"OF,DH",3.7,Alden,665.0,0.0,3.7,0.0,0.3,3.9,0.0,0.3
15689,Luis Castillo,P,3.7,Reuben,0.0,192.0,0.0,3.7,0.0,0.0,3.9,0.0
11486,Robbie Ray,P,3.7,Alden,0.0,193.0,0.0,3.7,0.0,0.0,3.8,0.0
13152,Jorge Polanco,"2B,SS,DH",3.6,Sid,644.0,0.0,3.6,0.0,0.1,3.9,0.0,0.1
17929,Cedric Mullins,"OF,DH",3.5,Graham,658.0,0.0,3.5,0.0,-0.4,3.7,0.0,-0.4
18564,Trent Grisham,"OF,DH",3.5,Sid,602.0,0.0,3.5,0.0,-0.6,4.1,0.0,-0.7
15172,Tim Anderson,"SS,DH",3.5,Nick,665.0,0.0,3.5,0.0,-0.2,3.7,0.0,-0.2
13301,Max Muncy,"1B,2B,DH",3.5,Reuben,567.0,0.0,3.5,0.0,1.2,4.3,0.0,1.5
18684,Sandy Alcantara,P,3.5,Benji,0.0,200.0,0.0,3.5,0.0,0.0,3.5,0.0
8700,Justin Verlander,P,3.4,Sid,0.0,180.0,0.0,3.4,0.0,0.0,3.8,0.0
9218,Paul Goldschmidt,"1B,DH",3.4,Benji,672.0,0.0,3.4,0.0,0.2,3.5,0.0,0.2
18036,Jake Cronenworth,"1B,2B,SS,DH",3.4,Reuben,630.0,0.0,3.4,0.0,-0.4,3.8,0.0,-0.4
18360,Austin Riley,"3B,DH",3.4,Benji,665.0,0.0,3.4,0.0,-0.4,3.6,0.0,-0.4
18030,Harrison Bader,"OF,DH",3.4,Sid,602.0,0.0,3.4,0.0,-1.1,4.0,0.0,-1.3
14107,Kevin Gausman,P,3.4,Benji,0.0,187.0,0.0,3.4,0.0,0.0,3.6,0.0
13743,Max Fried,P,3.4,Reuben,0.0,183.0,0.0,3.4,0.0,0.0,3.7,0.0
10472,Enrique Hernández,"2B,OF,DH",3.4,Sid,644.0,0.0,3.4,0.0,-0.3,3.7,0.0,-0.3
11477,Christian Yelich,"OF,DH",3.3,Jesse,644.0,0.0,3.3,0.0,0.9,3.6,0.0,1.0
12927,Brandon Nimmo,"OF,DH",3.3,Graham,581.0,0.0,3.3,0.0,0.4,4.0,0.0,0.5
21711,Oneil Cruz,DH,3.3,Alden,483.0,0.0,3.3,0.0,0.2,4.8,0.0,0.3
10603,Chris Sale,P,3.3,Nick,0.0,149.0,0.0,3.3,0.0,0.0,4.4,0.0
15038,Germán Márquez,P,3.2,Jesse,0.0,191.0,0.0,3.2,0.0,0.0,3.4,0.0
19352,Sean Murphy,"C,DH",3.2,Graham,460.0,0.0,3.2,0.0,-0.9,4.9,0.0,-1.4
17128,Ramón Laureano,"OF,DH",3.2,Jesse,546.0,0.0,3.2,0.0,0.2,4.1,0.0,0.3
14309,Frankie Montas,P,3.2,Alden,0.0,177.0,0.0,3.2,0.0,0.0,3.6,0.0
5038,Josh Donaldson,"3B,DH",3.2,Reuben,595.0,0.0,3.2,0.0,-0.3,3.8,0.0,-0.4
15998,Cody Bellinger,"OF,DH",3.2,Benji,581.0,0.0,3.2,0.0,-0.2,3.9,0.0,-0.2
14168,José Berríos,P,3.2,Sid,0.0,196.0,0.0,3.2,0.0,0.0,3.3,0.0
4676,Charlie Morton,P,3.2,Graham,0.0,165.0,0.0,3.2,0.0,0.0,3.9,0.0
sa3011225,Bobby Witt Jr.,DH,3.2,Jesse,581.0,0.0,3.2,0.0,-0.7,3.9,0.0,-0.8
12970,Joe Musgrove,P,3.1,Sid,0.0,179.0,0.0,3.1,0.0,0.0,3.5,0.0
9874,DJ LeMahieu,"1B,2B,3B,DH",3.1,Sid,644.0,0.0,3.1,0.0,-1.2,3.4,0.0,-1.3
16478,Kyle Schwarber,"OF,DH",3.1,Alden,581.0,0.0,3.1,0.0,0.8,3.7,0.0,1.0
15986,Willy Adames,"SS,DH",3.1,Benji,616.0,0.0,3.1,0.0,-1.1,3.5,0.0,-1.3
17982,Ty France,"1B,2B,DH",3.1,Alden,644.0,0.0,3.1,0.0,0.4,3.4,0.0,0.4
2520,Lance Lynn,P,3.1,Jesse,0.0,182.0,0.0,3.1,0.0,0.0,3.4,0.0
18525,Dylan Cease,P,3.1,Graham,0.0,163.0,0.0,3.1,0.0,0.0,3.8,0.0
16997,Gleyber Torres,"2B,SS,DH",3.1,Graham,651.0,0.0,3.1,0.0,-1.0,3.3,0.0,-1.1
2036,Clayton Kershaw,P,3.0,Reuben,0.0,148.0,0.0,3.0,0.0,0.0,4.1,0.0
13621,Jeimer Candelario,"3B,DH",3.0,Sid,630.0,0.0,3.0,0.0,-1.0,3.3,0.0,-1.1
16137,Carlos Rodón,P,3.0,Graham,0.0,150.0,0.0,3.0,0.0,0.0,4.0,0.0
15873,Sean Manaea,P,3.0,Sid,0.0,175.0,0.0,3.0,0.0,0.0,3.4,0.0
13723,Jacob Stallings,"C,DH",3.0,Graham,429.0,0.0,3.0,0.0,-1.7,4.9,0.0,-2.8
18577,Ke'Bryan Hayes,"3B,DH",3.0,Jesse,602.0,0.0,3.0,0.0,-1.7,3.5,0.0,-2.0
18568,Luis Arraez,"2B,3B,OF,DH",2.9,Benji,623.0,0.0,2.9,0.0,-1.0,3.3,0.0,-1.1
10059,Max Stassi,"C,DH",2.9,Reuben,416.0,0.0,2.9,0.0,-1.6,4.9,0.0,-2.7
17295,Framber Valdez,P,2.9,Jesse,0.0,188.0,0.0,2.9,0.0,0.0,3.1,0.0
15491,J.P. Crawford,"SS,DH",2.9,Sid,665.0,0.0,2.9,0.0,-1.9,3.1,0.0,-2.0
9241,Starling Marte,"OF,DH",2.9,Nick,581.0,0.0,2.9,0.0,-0.2,3.5,0.0,-0.2
13590,Jesse Winker,"OF,DH",2.9,Reuben,574.0,0.0,2.9,0.0,0.8,3.5,0.0,1.0
16622,Luis Urías,"2B,3B,SS,DH",2.9,Graham,595.0,0.0,2.9,0.0,-0.9,3.4,0.0,-1.1
12979,Javier Báez,"2B,SS,DH",2.9,Alden,609.0,0.0,2.9,0.0,-0.9,3.3,0.0,-1.0
4949,Giancarlo Stanton,"OF,DH",2.8,Nick,595.0,0.0,2.8,0.0,0.2,3.3,0.0,0.2
16511,Jordan Montgomery,P,2.8,Reuben,0.0,158.0,0.0,2.8,0.0,0.0,3.5,0.0
11762,Noah Syndergaard,P,2.8,Graham,0.0,161.0,0.0,2.8,0.0,0.0,3.5,0.0
sa3011643,Adley Rutschman,DH,2.8,Alden,405.0,0.0,2.8,0.0,-0.3,4.8,0.0,-0.5
12144,Max Kepler,"OF,DH",2.8,Benji,560.0,0.0,2.8,0.0,-0.4,3.5,0.0,-0.5
11737,Nick Castellanos,"OF,DH",2.8,Benji,651.0,0.0,2.8,0.0,0.2,3.0,0.0,0.2
19470,Tommy Edman,"2B,OF,DH",2.8,Sid ,616.0,0.0,2.8,0.0,-0.9,3.2,0.0,-1.0
18607,Jared Walsh,"1B,OF,DH",2.8,Alden,651.0,0.0,2.8,0.0,0.1,3.0,0.0,0.1
16358,Tyler Mahle,P,2.7,Nick,0.0,169.0,0.0,2.7,0.0,0.0,3.2,0.0
5343,Brandon Crawford,"SS,DH",2.7,Reuben,588.0,0.0,2.7,0.0,-1.5,3.2,0.0,-1.8
17085,Pablo López,P,2.7,Sid ,0.0,155.0,0.0,2.7,0.0,0.0,3.5,0.0
11281,Whit Merrifield,"2B,OF,DH",2.7,Nick ,644.0,0.0,2.7,0.0,-1.2,2.9,0.0,-1.3
13074,Yu Darvish,P,2.7,Nick ,0.0,165.0,0.0,2.7,0.0,0.0,3.3,0.0
15429,Kris Bryant,"1B,3B,OF,DH",2.7,Nick,588.0,0.0,2.7,0.0,0.2,3.2,0.0,0.2
15362,Jeff McNeil,"2B,OF,DH",2.7,Reuben,574.0,0.0,2.7,0.0,-0.4,3.3,0.0,-0.5
sa3014504,Spencer Torkelson,DH,2.7,,560.0,0.0,2.7,0.0,0.0,3.4,0.0,0.0
14765,Julio Urías,P,2.7,Alden,0.0,159.0,0.0,2.7,0.0,0.0,3.4,0.0
18679,Freddy Peralta,P,2.7,Nick,0.0,140.0,0.0,2.7,0.0,0.0,3.9,0.0
7304,Salvador Perez,"C,DH",2.7,Benji,601.0,0.0,2.7,0.0,-0.9,3.1,0.0,-1.0
22286,Trevor Rogers,P,2.7,Reuben,0.0,146.0,0.0,2.7,0.0,0.0,3.7,0.0
13431,Marcus Stroman,P,2.7,Graham,0.0,184.0,0.0,2.7,0.0,0.0,2.9,0.0
12532,Kolten Wong,"2B,DH",2.7,,588.0,0.0,2.7,0.0,-1.3,3.2,0.0,-1.5
14444,Hyun Jin Ryu,P,2.7,,0.0,175.0,0.0,2.7,0.0,0.0,3.1,0.0
12730,Nick Martínez,P,2.7,Jesse,0.0,136.0,0.0,2.7,0.0,0.0,4.0,0.0
18314,Dansby Swanson,"SS,DH",2.6,,665.0,0.0,2.6,0.0,-1.8,2.7,0.0,-1.9
5235,Justin Turner,"3B,DH",2.6,,595.0,0.0,2.6,0.0,-0.7,3.1,0.0,-0.8
3473,Anthony Rizzo,"1B,DH",2.6,Graham,595.0,0.0,2.6,0.0,0.2,3.1,0.0,0.2
12808,Mike Clevinger,P,2.6,Jesse,0.0,141.0,0.0,2.6,0.0,0.0,3.7,0.0
17484,Eloy Jiménez,"OF,DH",2.6,Alden,630.0,0.0,2.6,0.0,0.2,2.9,0.0,0.2
12304,Chris Bassitt,P,2.6,Alden,0.0,179.0,0.0,2.6,0.0,0.0,2.9,0.0
16376,Michael Conforto,"OF,DH",2.6,Jesse,616.0,0.0,2.6,0.0,-0.2,3.0,0.0,-0.2
19290,Randy Arozarena,"OF,DH",2.6,Benji,637.0,0.0,2.6,0.0,-0.3,2.9,0.0,-0.3
20126,Dylan Carlson,"OF,DH",2.6,,630.0,0.0,2.6,0.0,-0.4,2.9,0.0,-0.4
13543,Blake Snell,P,2.6,Nick,0.0,151.0,0.0,2.6,0.0,0.0,3.4,0.0
16269,John Means,P,2.5,Graham,0.0,165.0,0.0,2.5,0.0,0.0,3.0,0.0
17027,Alex Verdugo,"OF,DH",2.5,Alden,609.0,0.0,2.5,0.0,-0.7,2.9,0.0,-0.8
14120,Lance McCullers Jr.,P,2.5,Jesse,0.0,137.0,0.0,2.5,0.0,0.0,3.6,0.0
19339,Nicky Lopez,"SS,DH",2.5,,609.0,0.0,2.5,0.0,-2.0,2.9,0.0,-2.3
12768,Sonny Gray,P,2.5,Nick,0.0,157.0,0.0,2.5,0.0,0.0,3.2,0.0
10131,Stephen Strasburg,P,2.5,Nick,0.0,151.0,0.0,2.5,0.0,0.0,3.3,0.0
17479,Jack Flaherty,P,2.4,Benji,0.0,169.0,0.0,2.4,0.0,0.0,2.8,0.0
16535,Danny Jansen,"C,DH",2.4,Jesse,399.0,0.0,2.4,0.0,-0.9,4.2,0.0,-1.6
14566,Franmil Reyes,DH,2.4,Nick ,644.0,0.0,2.4,0.0,0.3,2.6,0.0,0.3
19610,Keibert Ruiz,"C,DH",2.4,Jesse,506.0,0.0,2.4,0.0,-0.9,3.3,0.0,-1.2
15672,Austin Meadows,"OF,DH",2.4,,609.0,0.0,2.4,0.0,0.4,2.8,0.0,0.5
17919,Ian Happ,"OF,DH",2.4,,651.0,0.0,2.4,0.0,-0.5,2.6,0.0,-0.5
15518,Amed Rosario,"OF,SS,DH",2.4,,595.0,0.0,2.4,0.0,-1.4,2.8,0.0,-1.6
14894,Tony Kemp,"2B,OF,DH",2.4,,560.0,0.0,2.4,0.0,-0.5,3.0,0.0,-0.6
12703,Trevor Bauer,P,2.4,,0.0,128.0,0.0,2.4,0.0,0.0,3.8,0.0
6153,Eduardo Escobar,"1B,2B,3B,DH",2.4,Benji,595.0,0.0,2.4,0.0,-0.9,2.8,0.0,-1.1
23735,Luis Garcia,P,2.4,,0.0,161.0,0.0,2.4,0.0,0.0,3.0,0.0
4106,Michael Brantley,"OF,DH",2.3,,539.0,0.0,2.3,0.0,-0.3,3.0,0.0,-0.4
13757,Chris Taylor,"2B,OF,SS,DH",2.3,Benji,637.0,0.0,2.3,0.0,-0.7,2.5,0.0,-0.8
13781,Alex Wood,P,2.3,,0.0,158.0,0.0,2.3,0.0,0.0,2.9,0.0
17988,Tyler Stephenson,"1B,C,DH",2.3,Reuben,443.0,0.0,2.3,0.0,-1.3,3.6,0.0,-2.1
21483,Shane McClanahan,P,2.3,Jesse,0.0,149.0,0.0,2.3,0.0,0.0,3.1,0.0
21479,Nico Hoerner,"2B,SS,DH",2.3,,567.0,0.0,2.3,0.0,-2.1,2.8,0.0,-2.6
19566,Nathaniel Lowe,"1B,DH",2.3,,630.0,0.0,2.3,0.0,0.0,2.6,0.0,0.0
15161,Mitch Garver,"C,DH",2.3,Alden,406.0,0.0,2.3,0.0,-0.1,4.0,0.0,-0.2
17620,Myles Straw,"OF,DH",2.3,,560.0,0.0,2.3,0.0,-1.3,2.9,0.0,-1.6
13265,Mike Zunino,"C,DH",2.3,Sid,339.0,0.0,2.3,0.0,-0.9,4.7,0.0,-1.9
16578,Yandy Díaz,"1B,3B,DH",2.3,Sid,560.0,0.0,2.3,0.0,-0.8,2.9,0.0,-1.0
5933,Jean Segura,"2B,DH",2.3,,602.0,0.0,2.3,0.0,-1.6,2.7,0.0,-1.9
16472,Rhys Hoskins,"1B,DH",2.3,Reuben,532.0,0.0,2.3,0.0,0.2,3.0,0.0,0.3
19291,Zac Gallen,P,2.3,Graham,0.0,173.0,0.0,2.3,0.0,0.0,2.7,0.0
11609,Willson Contreras,"C,DH",2.3,Graham,574.0,0.0,2.3,0.0,-1.0,2.8,0.0,-1.2
5297,Aaron Hicks,"OF,DH",2.3,,546.0,0.0,2.3,0.0,-0.9,2.9,0.0,-1.2
10681,Gio Urshela,"3B,SS,DH",2.3,,595.0,0.0,2.3,0.0,-0.9,2.7,0.0,-1.1
7802,Miguel Rojas,"SS,DH",2.3,,560.0,0.0,2.3,0.0,-1.9,2.9,0.0,-2.4
15676,José Abreu,"1B,DH",2.2,Nick ,665.0,0.0,2.2,0.0,-0.4,2.3,0.0,-0.4
19951,Ian Anderson,P,2.2,,0.0,156.0,0.0,2.2,0.0,0.0,2.8,0.0
15223,Adam Frazier,"2B,DH",2.2,,574.0,0.0,2.2,0.0,-1.5,2.7,0.0,-1.8
13145,Josh Bell,"1B,DH",2.2,,637.0,0.0,2.2,0.0,0.2,2.4,0.0,0.2
13066,Teoscar Hernández,"OF,DH",2.2,Nick ,651.0,0.0,2.2,0.0,-0.1,2.4,0.0,-0.1
20521,Nick Madrigal,"2B,DH",2.2,,560.0,0.0,2.2,0.0,-2.1,2.8,0.0,-2.6
3548,Liam Hendriks,P,2.2,Reuben,0.0,68.0,0.0,2.2,0.0,0.0,6.5,0.0
14916,Jon Gray,P,2.2,,0.0,169.0,0.0,2.2,0.0,0.0,2.6,0.0
10264,Brandon Belt,"1B,DH",2.2,,553.0,0.0,2.2,0.0,-0.2,2.8,0.0,-0.3
9323,Patrick Corbin,P,2.2,,0.0,172.0,0.0,2.2,0.0,0.0,2.6,0.0
26410,Alek Manoah,P,2.2,Nick ,0.0,141.0,0.0,2.2,0.0,0.0,3.1,0.0
17277,Ranger Suárez,P,2.2,Alden,0.0,141.0,0.0,2.2,0.0,0.0,3.1,0.0
14274,Mitch Haniger,"OF,DH",2.2,,616.0,0.0,2.2,0.0,-0.3,2.5,0.0,-0.3
15890,Luis Severino,P,2.2,,0.0,136.0,0.0,2.2,0.0,0.0,3.2,0.0
10021,Mike Minor,P,2.1,,0.0,170.0,0.0,2.1,0.0,0.0,2.5,0.0
10324,Marcell Ozuna,"OF,DH",2.1,,644.0,0.0,2.1,0.0,-0.7,2.3,0.0,-0.8
19950,Andrés Giménez,"2B,SS,DH",2.1,,497.0,0.0,2.1,0.0,-1.2,3.0,0.0,-1.7
22267,Tarik Skubal,P,2.1,,0.0,154.0,0.0,2.1,0.0,0.0,2.7,0.0
11445,Mark Canha,"OF,DH",2.1,,581.0,0.0,2.1,0.0,-0.1,2.5,0.0,-0.1
13620,Carson Kelly,"C,DH",2.1,Graham,411.0,0.0,2.1,0.0,-1.1,3.6,0.0,-1.9
14212,Josh Hader,P,2.1,Benji,0.0,67.0,0.0,2.1,0.0,0.0,6.3,0.0
9077,Lorenzo Cain,"OF,DH",2.1,,532.0,0.0,2.1,0.0,-1.5,2.8,0.0,-2.0
14854,Mike Yastrzemski,"OF,DH",2.1,,574.0,0.0,2.1,0.0,-0.8,2.6,0.0,-1.0
9256,AJ Pollock,"OF,DH",2.0,,546.0,0.0,2.0,0.0,-0.3,2.6,0.0,-0.4
11674,Jameson Taillon,P,2.0,Graham,0.0,146.0,0.0,2.0,0.0,0.0,2.7,0.0
6184,J.D. Martinez,"OF,DH",2.0,Nick ,665.0,0.0,2.0,0.0,-0.5,2.1,0.0,-0.5
17901,Andrew Benintendi,"OF,DH",2.0,,560.0,0.0,2.0,0.0,-0.9,2.5,0.0,-1.1
15488,Antonio Senzatela,P,2.0,,0.0,174.0,0.0,2.0,0.0,0.0,2.3,0.0
6562,Alex Cobb,P,2.0,,0.0,149.0,0.0,2.0,0.0,0.0,2.7,0.0
14811,Luke Voit,"1B,DH",2.0,,581.0,0.0,2.0,0.0,0.0,2.4,0.0,0.0
16930,Jonah Heim,"C,DH",2.0,Reuben,314.0,0.0,2.0,0.0,-1.7,4.5,0.0,-3.8
13050,Anthony DeSclafani,P,2.0,,0.0,168.0,0.0,2.0,0.0,0.0,2.4,0.0
16512,Isiah Kiner-Falefa,"SS,DH",2.0,,553.0,0.0,2.0,0.0,-1.7,2.5,0.0,-2.2
22168,Akil Baddoo,"OF,DH",2.0,,616.0,0.0,2.0,0.0,-0.1,2.3,0.0,-0.1
22264,Shane Baz,P,2.0,Reuben,0.0,104.0,0.0,2.0,0.0,0.0,3.8,0.0
14221,Jorge Soler,"OF,DH",2.0,,630.0,0.0,2.0,0.0,-0.4,2.2,0.0,-0.4
6632,Carlos Carrasco,P,2.0,,0.0,142.0,0.0,2.0,0.0,0.0,2.8,0.0
sa876320,Jeremy Peña,DH,2.0,,504.0,0.0,2.0,0.0,-1.3,2.8,0.0,-1.8
19844,Abraham Toro,"2B,3B,DH",2.0,,462.0,0.0,2.0,0.0,-1.2,3.0,0.0,-1.8
11038,Kevin Kiermaier,"OF,DH",1.9,,518.0,0.0,1.9,0.0,-2.1,2.6,0.0,-2.8
5760,Avisaíl García,"OF,DH",1.9,,602.0,0.0,1.9,0.0,-1.5,2.2,0.0,-1.7
13449,Taylor Rogers,P,1.9,Jesse,0.0,67.0,0.0,1.9,0.0,0.0,5.7,0.0
20633,Yusei Kikuchi,P,1.9,,0.0,149.0,0.0,1.9,0.0,0.0,2.6,0.0
2967,Tommy Pham,"OF,DH",1.9,,560.0,0.0,1.9,0.0,-0.8,2.4,0.0,-1.0
15112,Ryan McMahon,"2B,3B,DH",1.9,Alden,581.0,0.0,1.9,0.0,-1.8,2.3,0.0,-2.2
17282,Michael Kopech,P,1.9,Jesse,0.0,111.0,0.0,1.9,0.0,0.0,3.4,0.0
21032,Emmanuel Clase,P,1.9,Reuben,0.0,67.0,0.0,1.9,0.0,0.0,5.7,0.0
4314,Joey Votto,"1B,DH",1.9,Nick ,658.0,0.0,1.9,0.0,-0.6,2.0,0.0,-0.6
13361,Steven Matz,P,1.9,,0.0,156.0,0.0,1.9,0.0,0.0,2.4,0.0
1943,Zack Greinke,P,1.9,,0.0,159.0,0.0,1.9,0.0,0.0,2.4,0.0
25377,Brady Singer,P,1.9,,0.0,141.0,0.0,1.9,0.0,0.0,2.7,0.0
19447,Patrick Sandoval,P,1.9,,0.0,126.0,0.0,1.9,0.0,0.0,3.0,0.0
19409,Dane Dunning,P,1.9,,0.0,141.0,0.0,1.9,0.0,0.0,2.7,0.0
19363,Austin Hays,"OF,DH",1.9,,588.0,0.0,1.9,0.0,-1.2,2.3,0.0,-1.4
17907,Brendan Rodgers,"2B,SS,DH",1.9,,567.0,0.0,1.9,0.0,-1.6,2.3,0.0,-2.0
11265,Jonathan Schoop,"1B,2B,DH",1.8,,609.0,0.0,1.8,0.0,-1.5,2.1,0.0,-1.7
19198,Yuli Gurriel,"1B,DH",1.8,,602.0,0.0,1.8,0.0,-0.9,2.1,0.0,-1.0
19238,Lourdes Gurriel Jr.,"OF,DH",1.8,,595.0,0.0,1.8,0.0,-1.0,2.1,0.0,-1.2
2233,Adam Wainwright,P,1.8,,0.0,190.0,0.0,1.8,0.0,0.0,1.9,0.0
21224,Bailey Ober,P,1.8,,0.0,132.0,0.0,1.8,0.0,0.0,2.7,0.0
19918,Daulton Varsho,"C,OF,DH",1.8,Benji,438.0,0.0,1.8,0.0,-1.0,2.9,0.0,-1.6
15467,Marco Gonzales,P,1.8,,0.0,181.0,0.0,1.8,0.0,0.0,2.0,0.0
10123,Kyle Gibson,P,1.8,,0.0,188.0,0.0,1.8,0.0,0.0,1.9,0.0
22581,Alejandro Kirk,"C,DH",1.8,Sid,359.0,0.0,1.8,0.0,-0.8,3.5,0.0,-1.6
21390,Joe Ryan,P,1.8,,0.0,129.0,0.0,1.8,0.0,0.0,2.8,0.0
sa3005720,Julio Rodríguez,DH,1.8,,273.0,0.0,1.8,0.0,0.2,4.6,0.0,0.5
18289,Brian Anderson,"3B,DH",1.8,,518.0,0.0,1.8,0.0,-0.7,2.4,0.0,-0.9
13602,Patrick Wisdom,"3B,OF,DH",1.8,,581.0,0.0,1.8,0.0,-1.0,2.2,0.0,-1.2
sa917952,Jose Miranda,DH,1.8,,434.0,0.0,1.8,0.0,-1.0,2.9,0.0,-1.6
13338,Omar Narváez,"C,DH",1.8,Alden,413.0,0.0,1.8,0.0,-1.4,3.1,0.0,-2.4
11899,Joc Pederson,"OF,DH",1.8,,525.0,0.0,1.8,0.0,-1.1,2.4,0.0,-1.5
20492,Casey Mize,P,1.8,,0.0,161.0,0.0,1.8,0.0,0.0,2.2,0.0
17992,David Fletcher,"2B,SS,DH",1.8,,651.0,0.0,1.8,0.0,-2.5,1.9,0.0,-2.7
5254,Robbie Grossman,"OF,DH",1.8,,602.0,0.0,1.8,0.0,-0.8,2.1,0.0,-0.9
14712,Manuel Margot,"OF,DH",1.7,,497.0,0.0,1.7,0.0,-1.7,2.4,0.0,-2.4
13774,Zach Eflin,P,1.7,,0.0,129.0,0.0,1.7,0.0,0.0,2.6,0.0
18413,José Urquidy,P,1.7,,0.0,137.0,0.0,1.7,0.0,0.0,2.5,0.0
10231,José Iglesias,"2B,SS,DH",1.7,,497.0,0.0,1.7,0.0,-1.7,2.4,0.0,-2.4
2429,Corey Kluber,P,1.7,,0.0,142.0,0.0,1.7,0.0,0.0,2.4,0.0
7005,Ryan Pressly,P,1.7,Sid,0.0,66.0,0.0,1.7,0.0,0.0,5.2,0.0
12546,C.J. Cron,"1B,DH",1.7,,581.0,0.0,1.7,0.0,-0.6,2.0,0.0,-0.7
15734,Brad Keller,P,1.7,,0.0,156.0,0.0,1.7,0.0,0.0,2.2,0.0
19913,Jesús Sánchez,"OF,DH",1.7,,539.0,0.0,1.7,0.0,-1.6,2.2,0.0,-2.1
2900,Roberto Pérez,"C,DH",1.7,,435.0,0.0,1.7,0.0,-2.9,2.7,0.0,-4.7
17130,Raisel Iglesias,P,1.7,Sid,0.0,68.0,0.0,1.7,0.0,0.0,5.0,0.0
8779,Wade Miley,P,1.7,,0.0,163.0,0.0,1.7,0.0,0.0,2.1,0.0
19252,Cavan Biggio,"3B,OF,DH",1.7,,532.0,0.0,1.7,0.0,-1.3,2.2,0.0,-1.7
22250,Logan Gilbert,P,1.7,,0.0,133.0,0.0,1.7,0.0,0.0,2.6,0.0
20308,Jake Meyers,"OF,DH",1.7,,462.0,0.0,1.7,0.0,-1.2,2.6,0.0,-1.8
16256,Kyle Freeland,P,1.7,,0.0,158.0,0.0,1.7,0.0,0.0,2.2,0.0
15149,Trey Mancini,"1B,DH",1.7,,644.0,0.0,1.7,0.0,-0.2,1.8,0.0,-0.2
19955,Gavin Lux,"2B,OF,SS,DH",1.6,,504.0,0.0,1.6,0.0,-1.3,2.2,0.0,-1.8
10233,Aroldis Chapman,P,1.6,Graham,0.0,64.0,0.0,1.6,0.0,0.0,5.0,0.0
12552,Eugenio Suárez,"3B,SS,DH",1.6,,567.0,0.0,1.6,0.0,-1.0,2.0,0.0,-1.2
15454,Nick Pivetta,P,1.6,,0.0,141.0,0.0,1.6,0.0,0.0,2.3,0.0
15464,Hunter Renfroe,"OF,DH",1.6,,581.0,0.0,1.6,0.0,-1.6,1.9,0.0,-1.9
12049,Kyle Hendricks,P,1.6,,0.0,179.0,0.0,1.6,0.0,0.0,1.8,0.0
18373,Ryan Mountcastle,"1B,OF,DH",1.6,Nick ,630.0,0.0,1.6,0.0,-0.8,1.8,0.0,-0.9
11423,José Quintana,P,1.6,,0.0,133.0,0.0,1.6,0.0,0.0,2.4,0.0
10847,Andrelton Simmons,"SS,DH",1.6,,525.0,0.0,1.6,0.0,-2.9,2.1,0.0,-3.9
12155,Eddie Rosario,"OF,DH",1.6,,588.0,0.0,1.6,0.0,-1.2,1.9,0.0,-1.4
18015,Paul DeJong,"SS,DH",1.6,,490.0,0.0,1.6,0.0,-1.6,2.3,0.0,-2.3
14710,Edwin Díaz,P,1.6,Alden,0.0,67.0,0.0,1.6,0.0,0.0,4.8,0.0
9774,Christian Vázquez,"C,DH",1.6,Nick,371.0,0.0,1.6,0.0,-1.8,3.0,0.0,-3.4
18795,Ramón Urías,"2B,SS,DH",1.6,,490.0,0.0,1.6,0.0,-1.5,2.3,0.0,-2.1
19734,Josh Rojas,"2B,OF,SS,DH",1.6,,560.0,0.0,1.6,0.0,-1.9,2.0,0.0,-2.4
20202,Brandon Marsh,"OF,DH",1.5,,518.0,0.0,1.5,0.0,-1.8,2.0,0.0,-2.4
15941,Austin Nola,"C,DH",1.5,,355.0,0.0,1.5,0.0,-1.0,3.0,0.0,-2.0
20454,Jazz Chisholm Jr.,"2B,SS,DH",1.5,Benji,546.0,0.0,1.5,0.0,-1.9,1.9,0.0,-2.4
7739,Travis d'Arnaud,"C,DH",1.5,Nick ,570.0,0.0,1.5,0.0,-2.4,1.8,0.0,-2.9
12371,Tommy La Stella,"2B,DH",1.5,,511.0,0.0,1.5,0.0,-1.6,2.1,0.0,-2.2
5372,Michael Pineda,P,1.5,,0.0,159.0,0.0,1.5,0.0,0.0,1.9,0.0
15816,Devin Williams,P,1.5,Jesse,0.0,65.0,0.0,1.5,0.0,0.0,4.6,0.0
17022,Edmundo Sosa,"2B,SS,DH",1.5,,427.0,0.0,1.5,0.0,-1.9,2.5,0.0,-3.1
19680,Sixto Sánchez,P,1.5,Benji,0.0,91.0,0.0,1.5,0.0,0.0,3.3,0.0
10950,Adam Duvall,"OF,DH",1.5,,630.0,0.0,1.5,0.0,-1.5,1.7,0.0,-1.7
6012,Didi Gregorius,"SS,DH",1.5,,616.0,0.0,1.5,0.0,-2.4,1.7,0.0,-2.7
22458,Taylor Walls,"SS,DH",1.5,,448.0,0.0,1.5,0.0,-2.3,2.3,0.0,-3.6
19287,Adolis García,"OF,DH",1.5,,630.0,0.0,1.5,0.0,-2.0,1.7,0.0,-2.2
2829,Manny Piña,"C,DH",1.5,,304.0,0.0,1.5,0.0,-1.4,3.5,0.0,-3.2
2434,Nelson Cruz,DH,1.5,,574.0,0.0,1.5,0.0,-0.4,1.8,0.0,-0.5
19312,Cal Quantrill,P,1.5,,0.0,165.0,0.0,1.5,0.0,0.0,1.8,0.0
19600,Bryan De La Cruz,"OF,DH",1.5,,525.0,0.0,1.5,0.0,-1.6,2.0,0.0,-2.1
26197,Andrew Vaughn,"1B,OF,DH",1.4,,497.0,0.0,1.4,0.0,-1.0,2.0,0.0,-1.4
13896,Chris Flexen,P,1.4,,0.0,144.0,0.0,1.4,0.0,0.0,1.9,0.0
27506,Ha-Seong Kim,"2B,3B,SS,DH",1.4,,385.0,0.0,1.4,0.0,-1.2,2.5,0.0,-2.2
14551,Anthony Santander,"OF,DH",1.4,,560.0,0.0,1.4,0.0,-1.4,1.8,0.0,-1.8
22558,Jarred Kelenic,"OF,DH",1.4,Jesse,567.0,0.0,1.4,0.0,-1.4,1.7,0.0,-1.7
25385,Drew Rasmussen,P,1.4,,0.0,114.0,0.0,1.4,0.0,0.0,2.5,0.0
12976,Austin Hedges,"C,DH",1.4,,390.0,0.0,1.4,0.0,-2.9,2.5,0.0,-5.2
12164,Miguel Sanó,"1B,DH",1.4,,644.0,0.0,1.4,0.0,0.1,1.5,0.0,0.1
9803,Miles Mikolas,P,1.4,,0.0,141.0,0.0,1.4,0.0,0.0,2.0,0.0
9368,Evan Longoria,"3B,DH",1.4,,518.0,0.0,1.4,0.0,-1.9,1.9,0.0,-2.6
19958,Carter Kieboom,"3B,DH",1.4,,546.0,0.0,1.4,0.0,-2.0,1.8,0.0,-2.6
11156,Merrill Kelly,P,1.4,,0.0,171.0,0.0,1.4,0.0,0.0,1.6,0.0
15191,Chad Pinder,"OF,DH",1.4,,525.0,0.0,1.4,0.0,-1.6,1.9,0.0,-2.1
10556,César Hernández,"2B,DH",1.4,,546.0,0.0,1.4,0.0,-2.1,1.8,0.0,-2.7
3542,Danny Duffy,P,1.4,,0.0,97.0,0.0,1.4,0.0,0.0,2.9,0.0
19753,Jonathan Loáisiga,P,1.4,Reuben,0.0,66.0,0.0,1.4,0.0,0.0,4.2,0.0
12917,Dylan Bundy,P,1.4,,0.0,157.0,0.0,1.4,0.0,0.0,1.8,0.0
17578,JT Brubaker,P,1.4,,0.0,133.0,0.0,1.4,0.0,0.0,2.1,0.0
13769,Adalberto Mondesi,"3B,DH",1.4,,588.0,0.0,1.4,0.0,-0.9,1.7,0.0,-1.1
20468,Huascar Ynoa,P,1.4,,0.0,107.0,0.0,1.4,0.0,0.0,2.6,0.0
24580,Josiah Gray,P,1.3,,0.0,131.0,0.0,1.3,0.0,0.0,2.0,0.0
11836,Taijuan Walker,P,1.3,,0.0,160.0,0.0,1.3,0.0,0.0,1.6,0.0
2136,David Peralta,"OF,DH",1.3,,518.0,0.0,1.3,0.0,-1.4,1.8,0.0,-1.9
19508,Kyle Lewis,"OF,DH",1.3,,539.0,0.0,1.3,0.0,-1.5,1.7,0.0,-1.9
13853,Joey Wendle,"2B,3B,SS,DH",1.3,,434.0,0.0,1.3,0.0,-1.2,2.1,0.0,-1.9
18126,LaMonte Wade Jr.,"1B,OF,DH",1.3,,574.0,0.0,1.3,0.0,-0.9,1.6,0.0,-1.1
11442,Gary Sánchez,"C,DH",1.3,,399.0,0.0,1.3,0.0,-1.1,2.3,0.0,-1.9
12572,Blake Treinen,P,1.3,Sid,0.0,70.0,0.0,1.3,0.0,0.0,3.7,0.0
11342,Jesús Aguilar,"1B,DH",1.3,,518.0,0.0,1.3,0.0,-1.1,1.8,0.0,-1.5
9434,Dallas Keuchel,P,1.3,,0.0,162.0,0.0,1.3,0.0,0.0,1.6,0.0
20151,James Karinchak,P,1.3,,0.0,66.0,0.0,1.3,0.0,0.0,3.9,0.0
18363,Victor Robles,"OF,DH",1.3,,504.0,0.0,1.3,0.0,-2.1,1.8,0.0,-2.9
sa3008536,Steven Kwan,DH,1.3,,371.0,0.0,1.3,0.0,-0.5,2.5,0.0,-0.9
7007,Yadier Molina,"C,DH",1.3,,444.0,0.0,1.3,0.0,-2.6,2.0,0.0,-4.1
19901,Gavin Sheets,"OF,DH",1.3,,476.0,0.0,1.3,0.0,-0.8,1.9,0.0,-1.2
15423,Andrew Heaney,P,1.3,,0.0,116.0,0.0,1.3,0.0,0.0,2.2,0.0
10323,Rafael Ortega,"OF,DH",1.3,,497.0,0.0,1.3,0.0,-1.6,1.8,0.0,-2.3
19997,Santiago Espinal,"3B,DH",1.3,,532.0,0.0,1.3,0.0,-3.0,1.7,0.0,-3.9
10200,Tucker Barnhart,"C,DH",1.3,,371.0,0.0,1.3,0.0,-2.2,2.5,0.0,-4.2
12880,Tyler Anderson,P,1.3,,0.0,164.0,0.0,1.3,0.0,0.0,1.6,0.0
15279,Garrett Cooper,"1B,OF,DH",1.3,,497.0,0.0,1.3,0.0,-0.7,1.8,0.0,-1.0
5827,Wilmer Flores,"1B,2B,3B,DH",1.3,,420.0,0.0,1.3,0.0,-0.5,2.2,0.0,-0.8
16403,Francisco Mejía,"C,DH",1.3,,262.0,0.0,1.3,0.0,-0.7,3.5,0.0,-1.9
16561,Austin Gomber,P,1.3,,0.0,137.0,0.0,1.3,0.0,0.0,1.9,0.0
12775,Brad Miller,"1B,OF,DH",1.2,,385.0,0.0,1.2,0.0,-0.9,2.2,0.0,-1.6
12828,Andrew Kittredge,P,1.2,Reuben,0.0,65.0,0.0,1.2,0.0,0.0,3.7,0.0
12147,Nick Ahmed,"SS,DH",1.2,,504.0,0.0,1.2,0.0,-2.5,1.7,0.0,-3.5
18000,Triston McKenzie,P,1.2,,0.0,115.0,0.0,1.2,0.0,0.0,2.1,0.0
13470,Lucas Sims,P,1.2,Reuben,0.0,65.0,0.0,1.2,0.0,0.0,3.7,0.0
21534,Cal Raleigh,"C,DH",1.2,,269.0,0.0,1.2,0.0,-1.2,3.1,0.0,-3.1
10071,Jonathan Villar,"3B,SS,DH",1.2,,469.0,0.0,1.2,0.0,-1.2,1.8,0.0,-1.8
6893,Johnny Cueto,P,1.2,,0.0,142.0,0.0,1.2,0.0,0.0,1.7,0.0
5517,Kyle Higashioka,"C,DH",1.2,,243.0,0.0,1.2,0.0,-1.3,3.5,0.0,-3.7
12863,Matt Barnes,P,1.2,Graham,0.0,66.0,0.0,1.2,0.0,0.0,3.6,0.0
19294,Nick Solak,"2B,DH",1.2,,476.0,0.0,1.2,0.0,-1.2,1.8,0.0,-1.8
sa3011443,Bryson Stott,DH,1.2,,322.0,0.0,1.2,0.0,-1.4,2.6,0.0,-3.0
16258,Aaron Bummer,P,1.2,Reuben,0.0,64.0,0.0,1.2,0.0,0.0,3.8,0.0
9847,Andrew McCutchen,"OF,DH",1.2,,574.0,0.0,1.2,0.0,-1.2,1.5,0.0,-1.5
6887,Martín Maldonado,"C,DH",1.2,,454.0,0.0,1.2,0.0,-2.8,1.9,0.0,-4.3
19979,Zach Plesac,P,1.2,,0.0,164.0,0.0,1.2,0.0,0.0,1.5,0.0
15679,Rowdy Tellez,"1B,DH",1.2,,483.0,0.0,1.2,0.0,-0.9,1.7,0.0,-1.3
18383,Mike Soroka,P,1.2,,0.0,100.0,0.0,1.2,0.0,0.0,2.4,0.0
15440,Matthew Boyd,P,1.2,,0.0,81.0,0.0,1.2,0.0,0.0,3.0,0.0
14813,Kyle Farmer,"SS,DH",1.2,,539.0,0.0,1.2,0.0,-2.6,1.6,0.0,-3.4
5452,Ji-Man Choi,"1B,DH",1.2,,469.0,0.0,1.2,0.0,-0.9,1.8,0.0,-1.3
10047,Wil Myers,"OF,DH",1.2,,630.0,0.0,1.2,0.0,-1.5,1.3,0.0,-1.7
21318,Tylor Megill,P,1.2,,0.0,110.0,0.0,1.2,0.0,0.0,2.2,0.0
16918,Luke Weaver,P,1.2,,0.0,133.0,0.0,1.2,0.0,0.0,1.8,0.0
18083,Austin Allen,DH,1.2,,224.0,0.0,1.2,0.0,-0.6,3.8,0.0,-1.9
14986,Giovanny Gallegos,P,1.2,Sid,0.0,70.0,0.0,1.2,0.0,0.0,3.4,0.0
14993,Scott Barlow,P,1.2,Sid,0.0,66.0,0.0,1.2,0.0,0.0,3.6,0.0
sa3005315,Hunter Greene,P,1.2,,0.0,103.0,0.0,1.2,0.0,0.0,2.3,0.0
19479,Aaron Civale,P,1.1,,0.0,154.0,0.0,1.1,0.0,0.0,1.4,0.0
11489,Michael A. Taylor,"OF,DH",1.1,,539.0,0.0,1.1,0.0,-3.1,1.4,0.0,-4.0
15351,Frank Schwindel,"1B,DH",1.1,Benji,553.0,0.0,1.1,0.0,-1.2,1.4,0.0,-1.5
8709,Elvis Andrus,"SS,DH",1.1,,490.0,0.0,1.1,0.0,-2.3,1.6,0.0,-3.3
17838,Willie Calhoun,"OF,DH",1.1,,539.0,0.0,1.1,0.0,-1.3,1.4,0.0,-1.7
19879,Tanner Houck,P,1.1,,0.0,102.0,0.0,1.1,0.0,0.0,2.2,0.0
sa3010694,Riley Greene,DH,1.1,,224.0,0.0,1.1,0.0,0.0,3.4,0.0,0.0
12718,Adrian Houser,P,1.1,,0.0,130.0,0.0,1.1,0.0,0.0,1.7,0.0
21618,Alec Bohm,"3B,DH",1.1,,553.0,0.0,1.1,0.0,-1.8,1.4,0.0,-2.3
19260,Jake Fraley,"OF,DH",1.1,,406.0,0.0,1.1,0.0,-0.6,1.9,0.0,-1.0
16725,Jose Trevino,"C,DH",1.1,,307.0,0.0,1.1,0.0,-2.1,2.5,0.0,-4.8
11200,Kole Calhoun,"OF,DH",1.1,,455.0,0.0,1.1,0.0,-1.1,1.7,0.0,-1.7
16122,Jordan Romano,P,1.1,Alden,0.0,66.0,0.0,1.1,0.0,0.0,3.3,0.0
19911,José Suarez,P,1.1,,0.0,114.0,0.0,1.1,0.0,0.0,1.9,0.0
16939,Lane Thomas,"OF,DH",1.1,,490.0,0.0,1.1,0.0,-1.7,1.6,0.0,-2.4
20369,Matt Manning,P,1.1,,0.0,131.0,0.0,1.1,0.0,0.0,1.7,0.0
10058,Tyler Matzek,P,1.1,,0.0,68.0,0.0,1.1,0.0,0.0,3.2,0.0
16502,Ryan Yarbrough,P,1.1,,0.0,119.0,0.0,1.1,0.0,0.0,1.8,0.0
17859,Adbert Alzolay,P,1.0,,0.0,95.0,0.0,1.0,0.0,0.0,2.1,0.0
16933,Elieser Hernandez,P,1.0,,0.0,122.0,0.0,1.0,0.0,0.0,1.6,0.0
11680,Elias Díaz,"C,DH",1.0,,358.0,0.0,1.0,0.0,-1.6,2.0,0.0,-3.1
23252,Spencer Howard,P,1.0,,0.0,101.0,0.0,1.0,0.0,0.0,2.0,0.0
15552,Chad Green,P,1.0,,0.0,63.0,0.0,1.0,0.0,0.0,3.2,0.0
11476,Odúbel Herrera,"OF,DH",1.0,,315.0,0.0,1.0,0.0,-1.1,2.2,0.0,-2.4
5913,Leury García,"2B,OF,SS,DH",1.0,,483.0,0.0,1.0,0.0,-1.9,1.4,0.0,-2.8
21366,Glenn Otto,P,1.0,,0.0,92.0,0.0,1.0,0.0,0.0,2.2,0.0
13499,Tom Murphy,"C,DH",1.0,,256.0,0.0,1.0,0.0,-1.0,2.7,0.0,-2.7
17874,Nestor Cortes,P,1.0,,0.0,110.0,0.0,1.0,0.0,0.0,1.8,0.0
27468,Reid Detmers,P,1.0,,0.0,79.0,0.0,1.0,0.0,0.0,2.5,0.0
20367,Brusdar Graterol,P,1.0,,0.0,66.0,0.0,1.0,0.0,0.0,3.0,0.0
27458,Kwang Hyun Kim,P,1.0,,0.0,113.0,0.0,1.0,0.0,0.0,1.8,0.0
16219,J.D. Davis,"3B,DH",1.0,,315.0,0.0,1.0,0.0,-0.2,2.2,0.0,-0.4
16153,Austin Slater,"OF,DH",1.0,,322.0,0.0,1.0,0.0,-0.3,2.2,0.0,-0.7
15937,Aledmys Díaz,"1B,3B,OF,DH",1.0,,322.0,0.0,1.0,0.0,-1.2,2.2,0.0,-2.6
21524,Joey Bart,DH,1.0,,378.0,0.0,1.0,0.0,-1.8,1.9,0.0,-3.3
8623,Donovan Solano,"2B,DH",1.0,,420.0,0.0,1.0,0.0,-1.4,1.7,0.0,-2.3
5524,Madison Bumgarner,P,1.0,,0.0,177.0,0.0,1.0,0.0,0.0,1.1,0.0
12859,James McCann,"C,DH",1.0,,403.0,0.0,1.0,0.0,-2.0,1.7,0.0,-3.5
13807,Kevin Plawecki,"C,DH",1.0,,250.0,0.0,1.0,0.0,-0.9,2.8,0.0,-2.5
23798,Randy Dobnak,P,1.0,,0.0,103.0,0.0,1.0,0.0,0.0,1.9,0.0
21614,Kyle Isbel,"OF,DH",1.0,,434.0,0.0,1.0,0.0,-1.4,1.6,0.0,-2.3
12158,Austin Barnes,"C,DH",1.0,,230.0,0.0,1.0,0.0,-1.2,3.0,0.0,-3.7
20391,Luis García,"2B,DH",1.0,,420.0,0.0,1.0,0.0,-1.4,1.7,0.0,-2.3
19966,Bobby Dalbec,"1B,DH",0.9,,497.0,0.0,0.9,0.0,-1.3,1.3,0.0,-1.8
16426,Thairo Estrada,"SS,DH",0.9,,287.0,0.0,0.9,0.0,-0.7,2.2,0.0,-1.7
13675,Tyrone Taylor,"OF,DH",0.9,,476.0,0.0,0.9,0.0,-1.6,1.3,0.0,-2.4
4892,Mike Moustakas,"3B,DH",0.9,,490.0,0.0,0.9,0.0,-1.3,1.3,0.0,-1.9
21455,Kris Bubic,P,0.9,,0.0,108.0,0.0,0.9,0.0,0.0,1.7,0.0
8202,Josh Harrison,"2B,3B,OF,DH",0.9,,490.0,0.0,0.9,0.0,-2.0,1.3,0.0,-2.9
17998,Pete Fairbanks,P,0.9,,0.0,64.0,0.0,0.9,0.0,0.0,2.8,0.0
7410,J.A. Happ,P,0.9,,0.0,138.0,0.0,0.9,0.0,0.0,1.3,0.0
19599,Chas McCormick,"OF,DH",0.9,,301.0,0.0,0.9,0.0,-0.9,2.1,0.0,-2.1
20370,Bruce Zimmermann,P,0.9,,0.0,118.0,0.0,0.9,0.0,0.0,1.5,0.0
4940,Jason Heyward,"OF,DH",0.9,,420.0,0.0,0.9,0.0,-1.5,1.5,0.0,-2.5
19362,Keegan Akin,P,0.9,,0.0,98.0,0.0,0.9,0.0,0.0,1.8,0.0
16424,Jordan Luplow,"1B,OF,DH",0.9,,378.0,0.0,0.9,0.0,-0.8,1.7,0.0,-1.5
9627,Yan Gomes,"C,DH",0.9,,284.0,0.0,0.9,0.0,-1.3,2.2,0.0,-3.2
20325,Alex Kirilloff,"1B,OF,DH",0.9,,476.0,0.0,0.9,0.0,-1.2,1.3,0.0,-1.8
19316,Eric Lauer,P,0.9,,0.0,95.0,0.0,0.9,0.0,0.0,1.9,0.0
sa3008130,Grayson Rodriguez,P,0.9,,0.0,63.0,0.0,0.9,0.0,0.0,2.9,0.0
6345,Chris Archer,P,0.9,,0.0,97.0,0.0,0.9,0.0,0.0,1.9,0.0
19244,Cole Irvin,P,0.9,,0.0,141.0,0.0,0.9,0.0,0.0,1.3,0.0
22713,Carlos Hernández,P,0.9,,0.0,116.0,0.0,0.9,0.0,0.0,1.6,0.0
14078,Michael Wacha,P,0.9,,0.0,109.0,0.0,0.9,0.0,0.0,1.7,0.0
13359,Tyler Naquin,"OF,DH",0.9,,525.0,0.0,0.9,0.0,-1.7,1.2,0.0,-2.3
13892,Paul Sewald,P,0.9,Alden,0.0,67.0,0.0,0.9,0.0,0.0,2.7,0.0
13185,Orlando Arcia,"OF,DH",0.9,,462.0,0.0,0.9,0.0,-2.2,1.4,0.0,-3.3
9784,Garrett Richards,P,0.9,,0.0,114.0,0.0,0.9,0.0,0.0,1.6,0.0
20191,Garrett Whitlock,P,0.9,,0.0,68.0,0.0,0.9,0.0,0.0,2.6,0.0
23550,Aaron Ashby,P,0.9,,0.0,81.0,0.0,0.9,0.0,0.0,2.2,0.0
24618,Ryan Jeffers,"C,DH",0.8,,186.0,0.0,0.8,0.0,-0.9,3.0,0.0,-3.4
18042,Dylan Moore,"2B,OF,DH",0.8,,371.0,0.0,0.8,0.0,-1.1,1.5,0.0,-2.1
27463,Garrett Crochet,P,0.8,,0.0,69.0,0.0,0.8,0.0,0.0,2.3,0.0
17586,Tanner Scott,P,0.8,,0.0,60.0,0.0,0.8,0.0,0.0,2.7,0.0
17149,Domingo Germán,P,0.8,,0.0,90.0,0.0,0.8,0.0,0.0,1.8,0.0
14843,Michael Lorenzen,P,0.8,,0.0,98.0,0.0,0.8,0.0,0.0,1.6,0.0
sa3004138,Nick Pratto,DH,0.8,,231.0,0.0,0.8,0.0,-0.2,2.4,0.0,-0.6
16401,Yonny Chirinos,P,0.8,,0.0,97.0,0.0,0.8,0.0,0.0,1.6,0.0
16094,Zach Thompson,P,0.8,,0.0,119.0,0.0,0.8,0.0,0.0,1.3,0.0
6655,Craig Kimbrel,P,0.8,,0.0,66.0,0.0,0.8,0.0,0.0,2.4,0.0
19569,David Bednar,P,0.8,,0.0,64.0,0.0,0.8,0.0,0.0,2.5,0.0
12972,Joe Ross,P,0.8,,0.0,78.0,0.0,0.8,0.0,0.0,2.1,0.0
16572,Connor Joe,"1B,OF,DH",0.8,,378.0,0.0,0.8,0.0,-1.2,1.5,0.0,-2.2
17425,Erick Fedde,P,0.8,,0.0,106.0,0.0,0.8,0.0,0.0,1.5,0.0
11760,Drew Smyly,P,0.8,,0.0,106.0,0.0,0.8,0.0,0.0,1.5,0.0
15487,Victor Reyes,"OF,DH",0.8,,273.0,0.0,0.8,0.0,-0.6,2.1,0.0,-1.5
17594,Mitch Keller,P,0.8,,0.0,120.0,0.0,0.8,0.0,0.0,1.3,0.0
17719,Steven Duggar,"OF,DH",0.8,,364.0,0.0,0.8,0.0,-1.3,1.5,0.0,-2.5
17735,Tyler Alexander,P,0.8,,0.0,108.0,0.0,0.8,0.0,0.0,1.5,0.0
20220,Jo Adell,"OF,DH",0.8,,546.0,0.0,0.8,0.0,-1.5,1.0,0.0,-1.9
15256,Cole Sulser,P,0.8,,0.0,66.0,0.0,0.8,0.0,0.0,2.4,0.0
19318,Matt Thaiss,DH,0.8,,221.0,0.0,0.8,0.0,-0.7,2.5,0.0,-2.2
15082,Adam Engel,"OF,DH",0.8,,378.0,0.0,0.8,0.0,-1.2,1.5,0.0,-2.2
18819,Andy Ibáñez,"1B,2B,DH",0.8,,350.0,0.0,0.8,0.0,-0.9,1.6,0.0,-1.8
8722,Jason Castro,"C,DH",0.7,,160.0,0.0,0.7,0.0,-0.4,3.1,0.0,-1.8
13435,Pierce Johnson,P,0.7,,0.0,64.0,0.0,0.7,0.0,0.0,2.2,0.0
12282,Rougned Odor,"2B,3B,DH",0.7,,378.0,0.0,0.7,0.0,-1.5,1.3,0.0,-2.8
10762,Corey Dickerson,"OF,DH",0.7,,427.0,0.0,0.7,0.0,-1.6,1.1,0.0,-2.6
sa877505,Juan Yepez,DH,0.7,,315.0,0.0,0.7,0.0,-0.7,1.6,0.0,-1.6
8048,Will Smith,P,0.7,,0.0,70.0,0.0,0.7,0.0,0.0,2.0,0.0
sa3007634,Triston Casas,DH,0.7,,273.0,0.0,0.7,0.0,-0.6,1.8,0.0,-1.5
13218,Michael Fulmer,P,0.7,,0.0,65.0,0.0,0.7,0.0,0.0,2.2,0.0
22810,Roansy Contreras,P,0.7,,0.0,65.0,0.0,0.7,0.0,0.0,2.2,0.0
15042,Tim Mayza,P,0.7,,0.0,62.0,0.0,0.7,0.0,0.0,2.3,0.0
14968,Victor Caratini,"C,DH",0.7,,237.0,0.0,0.7,0.0,-1.0,2.1,0.0,-3.0
8223,Brett Anderson,P,0.7,,0.0,109.0,0.0,0.7,0.0,0.0,1.3,0.0
10243,Randal Grichuk,"OF,DH",0.7,,511.0,0.0,0.7,0.0,-1.7,1.0,0.0,-2.3
13394,Dylan Floro,P,0.7,,0.0,67.0,0.0,0.7,0.0,0.0,2.1,0.0
15010,Corey Knebel,P,0.7,,0.0,60.0,0.0,0.7,0.0,0.0,2.3,0.0
13419,Christian Walker,"1B,DH",0.7,,497.0,0.0,0.7,0.0,-1.5,1.0,0.0,-2.1
15451,Mike Mayers,P,0.7,,0.0,66.0,0.0,0.7,0.0,0.0,2.1,0.0
12160,Ben Gamel,"OF,DH",0.7,,525.0,0.0,0.7,0.0,-1.6,0.9,0.0,-2.1
23293,Codi Heuer,P,0.7,,0.0,68.0,0.0,0.7,0.0,0.0,2.1,0.0
6902,Martín Pérez,P,0.7,,0.0,105.0,0.0,0.7,0.0,0.0,1.3,0.0
19892,Pavin Smith,"1B,OF,DH",0.7,,483.0,0.0,0.7,0.0,-1.7,1.0,0.0,-2.5
13836,Matt Duffy,"2B,3B,DH",0.7,,266.0,0.0,0.7,0.0,-0.8,1.8,0.0,-2.1
19388,Tony Gonsolin,P,0.7,,0.0,124.0,0.0,0.7,0.0,0.0,1.1,0.0
19677,Gregory Soto,P,0.7,,0.0,68.0,0.0,0.7,0.0,0.0,2.1,0.0
24617,Jarren Duran,"OF,DH",0.7,,497.0,0.0,0.7,0.0,-1.7,1.0,0.0,-2.4
22815,Luis Patiño,P,0.7,,0.0,98.0,0.0,0.7,0.0,0.0,1.4,0.0
17278,Bobby Bradley,"1B,DH",0.7,,518.0,0.0,0.7,0.0,-1.7,0.9,0.0,-2.3
4579,Starlin Castro,"3B,DH",0.7,,280.0,0.0,0.7,0.0,-1.2,1.8,0.0,-3.0
18331,James Kaprielian,P,0.7,,0.0,105.0,0.0,0.7,0.0,0.0,1.3,0.0
17696,Kevin Newman,"2B,SS,DH",0.7,,406.0,0.0,0.7,0.0,-2.0,1.2,0.0,-3.4
20242,Kevin Smith,DH,0.7,,350.0,0.0,0.7,0.0,-1.6,1.4,0.0,-3.2
9927,Brett Gardner,"OF,DH",0.7,,406.0,0.0,0.7,0.0,-1.4,1.2,0.0,-2.4
16434,Christian Arroyo,"2B,DH",0.7,,231.0,0.0,0.7,0.0,-0.7,2.1,0.0,-2.1
7859,Charlie Blackmon,"OF,DH",0.7,,595.0,0.0,0.7,0.0,-1.9,0.8,0.0,-2.2
9929,Darin Ruf,"1B,OF,DH",0.7,,378.0,0.0,0.7,0.0,-0.8,1.3,0.0,-1.5
19858,Luis Rengifo,"SS,DH",0.6,,217.0,0.0,0.6,0.0,-0.9,1.9,0.0,-2.9
sa3007993,Josh Winder,P,0.6,,0.0,82.0,0.0,0.6,0.0,0.0,1.5,0.0
7738,Wily Peralta,P,0.6,,0.0,123.0,0.0,0.6,0.0,0.0,1.0,0.0
10815,Jurickson Profar,"1B,OF,DH",0.6,,497.0,0.0,0.6,0.0,-1.4,0.8,0.0,-2.0
10343,Aaron Loup,P,0.6,,0.0,62.0,0.0,0.6,0.0,0.0,1.9,0.0
19754,Reiver Sanmartin,P,0.6,,0.0,72.0,0.0,0.6,0.0,0.0,1.7,0.0
16221,Bradley Zimmer,"OF,DH",0.6,,343.0,0.0,0.6,0.0,-1.2,1.2,0.0,-2.4
20493,Seth Beer,DH,0.6,,385.0,0.0,0.6,0.0,-0.9,1.1,0.0,-1.6
19990,Bryse Wilson,P,0.6,,0.0,120.0,0.0,0.6,0.0,0.0,1.0,0.0
20160,Nate Pearson,P,0.6,,0.0,76.0,0.0,0.6,0.0,0.0,1.6,0.0
19522,TJ Friedl,DH,0.6,,315.0,0.0,0.6,0.0,-1.2,1.3,0.0,-2.7
11828,James Paxton,P,0.6,,0.0,43.0,0.0,0.6,0.0,0.0,2.8,0.0
6398,Trevor May,P,0.6,,0.0,63.0,0.0,0.6,0.0,0.0,1.9,0.0
sa917941,Nolan Jones,DH,0.6,,238.0,0.0,0.6,0.0,-0.6,1.8,0.0,-1.8
19871,Tucker Davidson,P,0.6,,0.0,67.0,0.0,0.6,0.0,0.0,1.8,0.0
20099,Chris Paddack,P,0.6,,0.0,61.0,0.0,0.6,0.0,0.0,2.0,0.0
12510,Curt Casali,"C,DH",0.6,,243.0,0.0,0.6,0.0,-1.3,1.7,0.0,-3.7
17954,Sam Hilliard,"OF,DH",0.6,,441.0,0.0,0.6,0.0,-2.0,1.0,0.0,-3.2
20302,David Peterson,P,0.6,,0.0,65.0,0.0,0.6,0.0,0.0,1.8,0.0
11189,Vince Velasquez,P,0.6,,0.0,96.0,0.0,0.6,0.0,0.0,1.2,0.0
3184,David Price,P,0.6,,0.0,79.0,0.0,0.6,0.0,0.0,1.5,0.0
3516,Eric Hosmer,"1B,DH",0.6,,560.0,0.0,0.6,0.0,-2.2,0.8,0.0,-2.8
15117,Hunter Dozier,"1B,3B,OF,DH",0.6,,504.0,0.0,0.6,0.0,-1.4,0.8,0.0,-1.9
16375,Oscar Mercado,"OF,DH",0.6,,280.0,0.0,0.6,0.0,-0.9,1.5,0.0,-2.2
19206,Dakota Hudson,P,0.6,,0.0,111.0,0.0,0.6,0.0,0.0,1.1,0.0
sa3006892,Alek Thomas,DH,0.6,,168.0,0.0,0.6,0.0,-0.5,2.5,0.0,-2.1
13619,Jakob Junis,P,0.6,,0.0,69.0,0.0,0.6,0.0,0.0,1.7,0.0
17780,José Alvarado,P,0.6,,0.0,67.0,0.0,0.6,0.0,0.0,1.8,0.0
13273,Ross Stripling,P,0.6,,0.0,80.0,0.0,0.6,0.0,0.0,1.5,0.0
13755,Tomás Nido,"C,DH",0.6,,205.0,0.0,0.6,0.0,-1.5,2.0,0.0,-5.1
2396,Carlos Santana,"1B,DH",0.6,,427.0,0.0,0.6,0.0,-1.4,1.0,0.0,-2.3
sa3004139,MJ Melendez,DH,0.6,,119.0,0.0,0.6,0.0,-0.3,3.5,0.0,-1.8
18839,Josh Naylor,"1B,OF,DH",0.6,,252.0,0.0,0.6,0.0,-0.6,1.7,0.0,-1.7
sa3003305,Oswald Peraza,DH,0.6,,210.0,0.0,0.6,0.0,-0.8,2.0,0.0,-2.7
17606,Cristian Javier,P,0.6,,0.0,79.0,0.0,0.6,0.0,0.0,1.5,0.0
4806,Rich Hill,P,0.6,,0.0,100.0,0.0,0.6,0.0,0.0,1.2,0.0
19350,Dean Kremer,P,0.6,,0.0,71.0,0.0,0.6,0.0,0.0,1.7,0.0
18365,Lewin Díaz,"1B,DH",0.6,,343.0,0.0,0.6,0.0,-1.2,1.2,0.0,-2.4
4264,Mark Melancon,P,0.6,,0.0,65.0,0.0,0.6,0.0,0.0,1.8,0.0
15170,Josh VanMeter,"2B,3B,DH",0.6,,357.0,0.0,0.6,0.0,-1.2,1.2,0.0,-2.4
14950,Johan Camargo,DH,0.6,,175.0,0.0,0.6,0.0,-0.5,2.4,0.0,-2.0
18655,A.J. Minter,P,0.6,,0.0,62.0,0.0,0.6,0.0,0.0,1.9,0.0
21537,Daniel Lynch,P,0.5,,0.0,66.0,0.0,0.5,0.0,0.0,1.5,0.0
11682,Carlos Martínez,P,0.5,,0.0,133.0,0.0,0.5,0.0,0.0,0.8,0.0
11804,Héctor Neris,P,0.5,,0.0,72.0,0.0,0.5,0.0,0.0,1.4,0.0
19742,Anthony Bender,P,0.5,,0.0,63.0,0.0,0.5,0.0,0.0,1.6,0.0
19716,Dustin May,P,0.5,,0.0,47.0,0.0,0.5,0.0,0.0,2.1,0.0
sa3010616,Matt Brash,P,0.5,,0.0,83.0,0.0,0.5,0.0,0.0,1.2,0.0
11982,Travis Shaw,"1B,3B,DH",0.5,,224.0,0.0,0.5,0.0,-0.9,1.6,0.0,-2.8
18900,Leody Taveras,"OF,DH",0.5,,196.0,0.0,0.5,0.0,-0.8,1.8,0.0,-2.9
23378,Jose Barrero,DH,0.5,,161.0,0.0,0.5,0.0,-0.6,2.2,0.0,-2.6
21558,Matt Vierling,DH,0.5,,504.0,0.0,0.5,0.0,-2.9,0.7,0.0,-4.0
21205,Connor Brogdon,P,0.5,,0.0,63.0,0.0,0.5,0.0,0.0,1.6,0.0
22343,A.J. Alexy,P,0.5,,0.0,101.0,0.0,0.5,0.0,0.0,1.0,0.0
21620,Jake Cousins,P,0.5,,0.0,60.0,0.0,0.5,0.0,0.0,1.7,0.0
3192,Will Harris,P,0.5,,0.0,56.0,0.0,0.5,0.0,0.0,1.8,0.0
6249,Trevor Cahill,P,0.5,,0.0,76.0,0.0,0.5,0.0,0.0,1.3,0.0
20243,Zac Lowther,P,0.5,,0.0,89.0,0.0,0.5,0.0,0.0,1.1,0.0
4418,Jed Lowrie,"2B,DH",0.5,,476.0,0.0,0.5,0.0,-1.9,0.7,0.0,-2.8
7803,Richard Bleier,P,0.5,,0.0,62.0,0.0,0.5,0.0,0.0,1.6,0.0
16285,Michael Hermosillo,DH,0.5,,175.0,0.0,0.5,0.0,-0.4,2.0,0.0,-1.6
15653,Dominic Smith,"OF,DH",0.5,,413.0,0.0,0.5,0.0,-1.2,0.8,0.0,-2.0
7593,Jordan Lyles,P,0.5,,0.0,134.0,0.0,0.5,0.0,0.0,0.7,0.0
17359,Josh Taylor,P,0.5,,0.0,60.0,0.0,0.5,0.0,0.0,1.7,0.0
17312,Justin Steele,P,0.5,,0.0,91.0,0.0,0.5,0.0,0.0,1.1,0.0
17468,Kelvin Gutierrez,"3B,DH",0.5,,378.0,0.0,0.5,0.0,-2.3,0.9,0.0,-4.3
4972,Cole Hamels,P,0.5,,0.0,70.0,0.0,0.5,0.0,0.0,1.4,0.0
13367,Stephen Piscotty,"OF,DH",0.5,,553.0,0.0,0.5,0.0,-1.7,0.6,0.0,-2.2
21992,Camilo Doval,P,0.5,,0.0,67.0,0.0,0.5,0.0,0.0,1.5,0.0
1433,Wilson Ramos,"C,DH",0.5,,173.0,0.0,0.5,0.0,-0.5,2.0,0.0,-2.0
19268,Justin Dunn,P,0.5,,0.0,82.0,0.0,0.5,0.0,0.0,1.2,0.0
15015,Alex Reyes,P,0.5,,0.0,68.0,0.0,0.5,0.0,0.0,1.5,0.0
sa3007017,Nolan Gorman,DH,0.5,,126.0,0.0,0.5,0.0,-0.4,2.8,0.0,-2.2
18251,Art Warren,P,0.5,,0.0,54.0,0.0,0.5,0.0,0.0,1.9,0.0
27459,Yoshi Tsutsugo,"1B,OF,DH",0.5,,532.0,0.0,0.5,0.0,-1.8,0.7,0.0,-2.4
14735,Brett Phillips,"OF,DH",0.5,,224.0,0.0,0.5,0.0,-0.8,1.6,0.0,-2.5
12984,Jackie Bradley Jr.,"OF,DH",0.5,,392.0,0.0,0.5,0.0,-2.0,0.9,0.0,-3.6
14773,Yu Chang,"1B,3B,DH",0.5,,245.0,0.0,0.5,0.0,-0.9,1.4,0.0,-2.6
19959,Jesús Luzardo,P,0.5,,0.0,83.0,0.0,0.5,0.0,0.0,1.2,0.0
18027,Hoy Park,"2B,DH",0.5,,182.0,0.0,0.5,0.0,-0.6,1.9,0.0,-2.3
21052,Luis Gil,P,0.5,,0.0,63.0,0.0,0.5,0.0,0.0,1.6,0.0
20000,Tyler Wells,P,0.5,,0.0,64.0,0.0,0.5,0.0,0.0,1.6,0.0
15009,Kyle Finnegan,P,0.5,,0.0,66.0,0.0,0.5,0.0,0.0,1.5,0.0
18325,Taylor Hearn,P,0.5,,0.0,109.0,0.0,0.5,0.0,0.0,0.9,0.0
sa917947,Nick Lodolo,P,0.5,,0.0,32.0,0.0,0.5,0.0,0.0,3.1,0.0
22276,Dylan Coleman,P,0.5,,0.0,60.0,0.0,0.5,0.0,0.0,1.7,0.0
sa918412,Cooper Hummel,DH,0.5,,182.0,0.0,0.5,0.0,-0.5,1.9,0.0,-1.9
12447,Seth Lugo,P,0.5,,0.0,70.0,0.0,0.5,0.0,0.0,1.4,0.0
15055,Dom Nuñez,"C,DH",0.5,,262.0,0.0,0.5,0.0,-1.5,1.3,0.0,-4.0
12649,Alex Dickerson,"OF,DH",0.5,,294.0,0.0,0.5,0.0,-0.8,1.2,0.0,-1.9
sa3007512,Travis Swaggerty,DH,0.5,,210.0,0.0,0.5,0.0,-1.0,1.7,0.0,-3.3
12988,Andrew Chafin,P,0.5,,0.0,70.0,0.0,0.5,0.0,0.0,1.4,0.0
18335,Josh Staumont,P,0.5,,0.0,64.0,0.0,0.5,0.0,0.0,1.6,0.0
11487,Joely Rodríguez,P,0.5,,0.0,56.0,0.0,0.5,0.0,0.0,1.8,0.0
14130,Daniel Vogelbach,"1B,DH",0.5,,182.0,0.0,0.5,0.0,-0.3,1.9,0.0,-1.2
20536,Vidal Bruján,DH,0.5,,168.0,0.0,0.5,0.0,-0.6,2.1,0.0,-2.5
10078,Caleb Thielbar,P,0.4,,0.0,62.0,0.0,0.4,0.0,0.0,1.3,0.0
16451,Luis Guillorme,"2B,3B,DH",0.4,,112.0,0.0,0.4,0.0,-0.3,2.5,0.0,-1.9
10322,Danny Santana,"1B,OF,DH",0.4,,231.0,0.0,0.4,0.0,-0.6,1.2,0.0,-1.8
6397,Jake Odorizzi,P,0.4,,0.0,72.0,0.0,0.4,0.0,0.0,1.1,0.0
16530,Mauricio Dubón,"OF,SS,DH",0.4,,126.0,0.0,0.4,0.0,-0.5,2.2,0.0,-2.8
sa3011494,Brandon Williamson,P,0.4,,0.0,34.0,0.0,0.4,0.0,0.0,2.4,0.0
21454,Lars Nootbaar,"OF,DH",0.4,,329.0,0.0,0.4,0.0,-1.3,0.9,0.0,-2.8
17710,Matt Beaty,"1B,OF,DH",0.4,,343.0,0.0,0.4,0.0,-0.9,0.8,0.0,-1.8
5000,Stephen Vogt,"C,DH",0.4,,179.0,0.0,0.4,0.0,-1.2,1.6,0.0,-4.7
16417,Sergio Alcántara,"2B,SS,DH",0.4,,245.0,0.0,0.4,0.0,-1.5,1.1,0.0,-4.3
7754,Mike Fiers,P,0.4,,0.0,127.0,0.0,0.4,0.0,0.0,0.6,0.0
20036,Isaac Paredes,DH,0.4,,77.0,0.0,0.4,0.0,-0.1,3.6,0.0,-0.9
15730,Tyler Wade,"3B,OF,SS,DH",0.4,,322.0,0.0,0.4,0.0,-1.7,0.9,0.0,-3.7
15124,Tim Locastro,"OF,DH",0.4,,175.0,0.0,0.4,0.0,-0.3,1.6,0.0,-1.2
11384,Tommy Kahnle,P,0.4,,0.0,54.0,0.0,0.4,0.0,0.0,1.5,0.0
3086,Mitch Moreland,DH,0.4,,385.0,0.0,0.4,0.0,-1.1,0.7,0.0,-2.0
16337,Nick Gordon,"2B,OF,DH",0.4,,196.0,0.0,0.4,0.0,-0.8,1.4,0.0,-2.9
sa3014421,Cade Cavalli,P,0.4,,0.0,51.0,0.0,0.4,0.0,0.0,1.6,0.0
18171,Seth Brown,"OF,DH",0.4,,546.0,0.0,0.4,0.0,-1.5,0.5,0.0,-1.9
11752,Luke Jackson,P,0.4,,0.0,66.0,0.0,0.4,0.0,0.0,1.2,0.0
7115,Daniel Bard,P,0.4,,0.0,65.0,0.0,0.4,0.0,0.0,1.2,0.0
7146,Daniel Hudson,P,0.4,,0.0,61.0,0.0,0.4,0.0,0.0,1.3,0.0
7274,Craig Stammen,P,0.4,,0.0,60.0,0.0,0.4,0.0,0.0,1.3,0.0
16623,Greg Allen,"OF,DH",0.4,,182.0,0.0,0.4,0.0,-0.5,1.5,0.0,-1.9
5003,Jake Diekman,P,0.4,,0.0,69.0,0.0,0.4,0.0,0.0,1.2,0.0
15906,Lewis Thorpe,P,0.4,,0.0,65.0,0.0,0.4,0.0,0.0,1.2,0.0
19293,Nick Senzel,"OF,DH",0.4,,224.0,0.0,0.4,0.0,-1.0,1.3,0.0,-3.1
12037,Jon Berti,"2B,3B,DH",0.4,,133.0,0.0,0.4,0.0,-0.4,2.1,0.0,-2.1
15905,Luis Torrens,"C,DH",0.4,,241.0,0.0,0.4,0.0,-0.9,1.2,0.0,-2.6
18889,Danny Mendick,"2B,SS,DH",0.4,,168.0,0.0,0.4,0.0,-0.8,1.7,0.0,-3.3
15482,Aristides Aquino,"OF,DH",0.4,,462.0,0.0,0.4,0.0,-1.3,0.6,0.0,-2.0
sa3008653,Cody Morris,P,0.4,,0.0,58.0,0.0,0.4,0.0,0.0,1.4,0.0
14196,Andrew Velazquez,"SS,DH",0.4,,147.0,0.0,0.4,0.0,-0.5,1.9,0.0,-2.4
25379,Sammy Long,P,0.4,,0.0,77.0,0.0,0.4,0.0,0.0,1.0,0.0
12092,Niko Goodrum,"SS,DH",0.4,,245.0,0.0,0.4,0.0,-0.9,1.1,0.0,-2.6
19627,Brent Rooker,"OF,DH",0.4,,280.0,0.0,0.4,0.0,-0.7,1.0,0.0,-1.8
14111,Eric Haase,"C,OF,DH",0.4,,287.0,0.0,0.4,0.0,-1.4,1.0,0.0,-3.4
15514,Kendall Graveman,P,0.4,,0.0,62.0,0.0,0.4,0.0,0.0,1.3,0.0
17273,Jorge Mateo,"2B,OF,SS,DH",0.4,,364.0,0.0,0.4,0.0,-2.0,0.8,0.0,-3.8
17264,Sam Coonrod,P,0.4,,0.0,59.0,0.0,0.4,0.0,0.0,1.4,0.0
19514,Andrew Knizner,"C,DH",0.4,,192.0,0.0,0.4,0.0,-0.8,1.5,0.0,-2.9
13758,Tyler Duffey,P,0.4,,0.0,66.0,0.0,0.4,0.0,0.0,1.2,0.0
19343,A.J. Puk,P,0.4,,0.0,73.0,0.0,0.4,0.0,0.0,1.1,0.0
3269,Robinson Canó,DH,0.4,,483.0,0.0,0.4,0.0,-1.6,0.6,0.0,-2.3
19392,Zach McKinstry,"2B,OF,DH",0.4,,203.0,0.0,0.4,0.0,-0.8,1.4,0.0,-2.8
12981,Cam Gallagher,"C,DH",0.4,,96.0,0.0,0.4,0.0,-0.5,2.9,0.0,-3.6
13761,Chris Stratton,P,0.4,,0.0,68.0,0.0,0.4,0.0,0.0,1.2,0.0
12804,Matt Wisler,P,0.4,,0.0,60.0,0.0,0.4,0.0,0.0,1.3,0.0
15983,Clint Frazier,"OF,DH",0.4,,399.0,0.0,0.4,0.0,-1.3,0.7,0.0,-2.3
7550,Jake McGee,P,0.4,,0.0,66.0,0.0,0.4,0.0,0.0,1.2,0.0
19334,Yadiel Hernandez,"OF,DH",0.4,,427.0,0.0,0.4,0.0,-1.1,0.7,0.0,-1.8
4153,Jake Arrieta,P,0.3,,0.0,81.0,0.0,0.3,0.0,0.0,0.7,0.0
4962,Asdrúbal Cabrera,"1B,3B,DH",0.3,,266.0,0.0,0.3,0.0,-1.1,0.8,0.0,-2.9
sa3004723,Nick Allen,DH,0.3,,252.0,0.0,0.3,0.0,-1.5,0.8,0.0,-4.2
13649,Clay Holmes,P,0.3,,0.0,60.0,0.0,0.3,0.0,0.0,1.0,0.0
14646,Rowan Wick,P,0.3,,0.0,64.0,0.0,0.3,0.0,0.0,0.9,0.0
14975,Chad Kuhl,P,0.3,,0.0,93.0,0.0,0.3,0.0,0.0,0.6,0.0
13770,Rob Refsnyder,"OF,DH",0.3,,203.0,0.0,0.3,0.0,-0.8,1.0,0.0,-2.8
14553,Nomar Mazara,"OF,DH",0.3,,350.0,0.0,0.3,0.0,-1.4,0.6,0.0,-2.8
11209,Casey Sadler,P,0.3,,0.0,60.0,0.0,0.3,0.0,0.0,1.0,0.0
14593,David Bote,"2B,3B,DH",0.3,,224.0,0.0,0.3,0.0,-1.0,0.9,0.0,-3.1
sa3008605,Kyle Bradish,P,0.3,,0.0,40.0,0.0,0.3,0.0,0.0,1.5,0.0
sa869798,Robert Suarez,P,0.3,,0.0,58.0,0.0,0.3,0.0,0.0,1.0,0.0
11205,Adam Eaton,"OF,DH",0.3,,231.0,0.0,0.3,0.0,-0.7,0.9,0.0,-2.1
19948,Cristian Pache,"OF,DH",0.3,,224.0,0.0,0.3,0.0,-1.4,0.9,0.0,-4.4
sa3008244,Ryan Rolison,P,0.3,,0.0,50.0,0.0,0.3,0.0,0.0,1.2,0.0
17766,DJ Stewart,"OF,DH",0.3,,224.0,0.0,0.3,0.0,-0.5,0.9,0.0,-1.6
17610,Tanner Rainey,P,0.3,,0.0,65.0,0.0,0.3,0.0,0.0,0.9,0.0
8410,Deolis Guerra,P,0.3,,0.0,64.0,0.0,0.3,0.0,0.0,0.9,0.0
sa3004162,Rylan Bannon,DH,0.3,,154.0,0.0,0.3,0.0,-0.7,1.4,0.0,-3.2
15402,Jack Mayfield,"3B,DH",0.3,,154.0,0.0,0.3,0.0,-0.7,1.4,0.0,-3.2
19432,Yonny Hernandez,"3B,DH",0.3,,105.0,0.0,0.3,0.0,-0.4,2.0,0.0,-2.7
14388,Ronald Guzmán,DH,0.3,,231.0,0.0,0.3,0.0,-0.7,0.9,0.0,-2.1
25007,Alex Vesia,P,0.3,,0.0,62.0,0.0,0.3,0.0,0.0,1.0,0.0
14350,Raimel Tapia,"OF,DH",0.3,,581.0,0.0,0.3,0.0,-2.6,0.4,0.0,-3.1
17964,Tyler Gilbert,P,0.3,,0.0,58.0,0.0,0.3,0.0,0.0,1.0,0.0
17684,Vimael Machín,DH,0.3,,182.0,0.0,0.3,0.0,-0.9,1.2,0.0,-3.5
18067,Garrett Stubbs,DH,0.3,,128.0,0.0,0.3,0.0,-0.7,1.6,0.0,-3.8
15291,Steven Brault,P,0.3,,0.0,105.0,0.0,0.3,0.0,0.0,0.6,0.0
18323,Josh Sborz,P,0.3,,0.0,60.0,0.0,0.3,0.0,0.0,1.0,0.0
4897,Scott Kazmir,P,0.3,,0.0,46.0,0.0,0.3,0.0,0.0,1.3,0.0
13767,JT Chargois,P,0.3,,0.0,63.0,0.0,0.3,0.0,0.0,1.0,0.0
15674,Reese McGuire,"C,DH",0.3,,70.0,0.0,0.3,0.0,-0.4,3.0,0.0,-4.0
15684,Miguel Castro,P,0.3,,0.0,63.0,0.0,0.3,0.0,0.0,1.0,0.0
15288,Adam Cimber,P,0.3,,0.0,68.0,0.0,0.3,0.0,0.0,0.9,0.0
19698,Edward Olivares,"OF,DH",0.3,,126.0,0.0,0.3,0.0,-0.4,1.7,0.0,-2.2
13183,Zach Davies,P,0.3,,0.0,148.0,0.0,0.3,0.0,0.0,0.4,0.0
sa3011526,George Kirby,P,0.3,,0.0,25.0,0.0,0.3,0.0,0.0,2.4,0.0
16814,Tim Hill,P,0.3,,0.0,60.0,0.0,0.3,0.0,0.0,1.0,0.0
13345,Luis Cessa,P,0.3,,0.0,66.0,0.0,0.3,0.0,0.0,0.9,0.0
17369,Brett Martin,P,0.3,,0.0,61.0,0.0,0.3,0.0,0.0,1.0,0.0
19683,Mike Brosseau,"2B,3B,DH",0.3,,252.0,0.0,0.3,0.0,-1.0,0.8,0.0,-2.8
21549,Jackson Kowar,P,0.3,,0.0,37.0,0.0,0.3,0.0,0.0,1.6,0.0
15947,Ryne Stanek,P,0.3,,0.0,70.0,0.0,0.3,0.0,0.0,0.9,0.0
10811,Mike Foltynewicz,P,0.3,,0.0,125.0,0.0,0.3,0.0,0.0,0.5,0.0
17321,Michael Chavis,"2B,DH",0.3,,462.0,0.0,0.3,0.0,-1.6,0.5,0.0,-2.4
sa3006908,Richie Palacios,DH,0.3,,77.0,0.0,0.3,0.0,-0.1,2.7,0.0,-0.9
22275,Jake Burger,DH,0.3,,56.0,0.0,0.3,0.0,-0.1,3.8,0.0,-1.3
6399,José Cisnero,P,0.3,,0.0,61.0,0.0,0.3,0.0,0.0,1.0,0.0
19345,Daulton Jefferies,P,0.3,,0.0,78.0,0.0,0.3,0.0,0.0,0.8,0.0
21562,Romy Gonzalez,DH,0.3,,119.0,0.0,0.3,0.0,-0.5,1.8,0.0,-2.9
19309,Trevor Richards,P,0.3,,0.0,56.0,0.0,0.3,0.0,0.0,1.1,0.0
21690,Edward Cabrera,P,0.3,,0.0,40.0,0.0,0.3,0.0,0.0,1.5,0.0
sa918017,Jordan Balazovic,P,0.3,,0.0,42.0,0.0,0.3,0.0,0.0,1.4,0.0
20039,Adrian Morejon,P,0.3,,0.0,23.0,0.0,0.3,0.0,0.0,2.6,0.0
21538,Nick Fortes,DH,0.3,,128.0,0.0,0.3,0.0,-0.6,1.6,0.0,-3.3
11589,José Ureña,P,0.3,,0.0,106.0,0.0,0.3,0.0,0.0,0.6,0.0
20287,Ben Rortvedt,"C,DH",0.3,,83.0,0.0,0.3,0.0,-0.5,2.5,0.0,-4.2
20517,Nick Sandlin,P,0.3,,0.0,62.0,0.0,0.3,0.0,0.0,1.0,0.0
1247,Adam Ottavino,P,0.3,,0.0,68.0,0.0,0.3,0.0,0.0,0.9,0.0
12434,Kevin Pillar,"OF,DH",0.3,,294.0,0.0,0.3,0.0,-1.1,0.7,0.0,-2.6
5222,Justin Upton,"OF,DH",0.3,,336.0,0.0,0.3,0.0,-1.1,0.6,0.0,-2.3
19867,Griffin Canning,P,0.3,,0.0,38.0,0.0,0.3,0.0,0.0,1.6,0.0
sa3011621,Ethan Small,P,0.3,,0.0,39.0,0.0,0.3,0.0,0.0,1.5,0.0
19864,Riley Adams,"C,DH",0.3,,326.0,0.0,0.3,0.0,-1.5,0.6,0.0,-3.2
12325,Jace Peterson,"1B,2B,OF,DH",0.3,,196.0,0.0,0.3,0.0,-0.6,1.1,0.0,-2.1
19459,Jorge Alcala,P,0.3,,0.0,62.0,0.0,0.3,0.0,0.0,1.0,0.0
12910,Ken Giles,P,0.3,,0.0,54.0,0.0,0.3,0.0,0.0,1.1,0.0
sa3008163,Matthew Liberatore,P,0.3,,0.0,39.0,0.0,0.3,0.0,0.0,1.5,0.0
19853,Michael King,P,0.3,,0.0,63.0,0.0,0.3,0.0,0.0,1.0,0.0
15832,Paul Fry,P,0.3,,0.0,52.0,0.0,0.3,0.0,0.0,1.2,0.0
22224,Jon Heasley,P,0.2,,0.0,39.0,0.0,0.2,0.0,0.0,1.0,0.0
19278,Vladimir Gutierrez,P,0.2,,0.0,128.0,0.0,0.2,0.0,0.0,0.3,0.0
sa3008479,Michael Stefanic,DH,0.2,,70.0,0.0,0.2,0.0,-0.2,2.0,0.0,-2.0
18790,Dillon Peters,P,0.2,,0.0,76.0,0.0,0.2,0.0,0.0,0.5,0.0
23796,Ryan Weathers,P,0.2,,0.0,36.0,0.0,0.2,0.0,0.0,1.1,0.0
12977,Michael Perez,"C,DH",0.2,,160.0,0.0,0.2,0.0,-1.1,0.9,0.0,-4.8
19354,Luke Raley,"OF,DH",0.2,,63.0,0.0,0.2,0.0,-0.1,2.2,0.0,-1.1
13594,Robert Stephenson,P,0.2,,0.0,63.0,0.0,0.2,0.0,0.0,0.6,0.0
15794,Yonathan Daza,"OF,DH",0.2,,315.0,0.0,0.2,0.0,-1.9,0.4,0.0,-4.2
7531,Collin McHugh,P,0.2,,0.0,63.0,0.0,0.2,0.0,0.0,0.6,0.0
13593,José Peraza,"2B,DH",0.2,,91.0,0.0,0.2,0.0,-0.4,1.5,0.0,-3.1
19452,Jake Rogers,"C,DH",0.2,,64.0,0.0,0.2,0.0,-0.3,2.2,0.0,-3.3
15541,Tyler Rogers,P,0.2,,0.0,70.0,0.0,0.2,0.0,0.0,0.6,0.0
17432,Jeff Hoffman,P,0.2,,0.0,68.0,0.0,0.2,0.0,0.0,0.6,0.0
15878,Miguel Andújar,"OF,DH",0.2,,105.0,0.0,0.2,0.0,-0.3,1.3,0.0,-2.0
13834,Alec Mills,P,0.2,,0.0,81.0,0.0,0.2,0.0,0.0,0.5,0.0
17490,Génesis Cabrera,P,0.2,,0.0,66.0,0.0,0.2,0.0,0.0,0.6,0.0
22799,Geraldo Perdomo,DH,0.2,,105.0,0.0,0.2,0.0,-0.7,1.3,0.0,-4.7
13355,Luke Maile,DH,0.2,,102.0,0.0,0.2,0.0,-0.8,1.4,0.0,-5.5
sa3005068,MacKenzie Gore,P,0.2,,0.0,32.0,0.0,0.2,0.0,0.0,1.2,0.0
14375,Amir Garrett,P,0.2,,0.0,61.0,0.0,0.2,0.0,0.0,0.7,0.0
19151,Estevan Florial,DH,0.2,,182.0,0.0,0.2,0.0,-1.1,0.8,0.0,-4.2
sa596560,Esteban Quiroz,DH,0.2,,56.0,0.0,0.2,0.0,-0.2,2.5,0.0,-2.5
1890,Matt Moore,P,0.2,,0.0,99.0,0.0,0.2,0.0,0.0,0.4,0.0
12361,Spencer Patton,P,0.2,,0.0,64.0,0.0,0.2,0.0,0.0,0.6,0.0
22217,Luis Campusano,DH,0.2,,122.0,0.0,0.2,0.0,-0.4,1.1,0.0,-2.3
24937,Austin Warren,P,0.2,,0.0,61.0,0.0,0.2,0.0,0.0,0.7,0.0
19262,Garrett Hampson,"2B,OF,DH",0.2,,469.0,0.0,0.2,0.0,-2.3,0.3,0.0,-3.4
19249,Seranthony Domínguez,P,0.2,,0.0,52.0,0.0,0.2,0.0,0.0,0.8,0.0
sa3006917,Bryan Lavastida,DH,0.2,,64.0,0.0,0.2,0.0,-0.2,2.2,0.0,-2.2
9761,Joe Kelly,P,0.2,,0.0,59.0,0.0,0.2,0.0,0.0,0.7,0.0
sa3005282,D.L. Hall,P,0.2,,0.0,25.0,0.0,0.2,0.0,0.0,1.6,0.0
5221,Wade LeBlanc,P,0.2,,0.0,53.0,0.0,0.2,0.0,0.0,0.8,0.0
13854,Anthony Bemboom,DH,0.2,,77.0,0.0,0.2,0.0,-0.5,1.8,0.0,-4.5
sa3008662,Cole Winn,P,0.2,,0.0,39.0,0.0,0.2,0.0,0.0,1.0,0.0
17338,Willi Castro,"2B,SS,DH",0.2,,70.0,0.0,0.2,0.0,-0.3,2.0,0.0,-3.0
21656,Kervin Castro,P,0.2,,0.0,53.0,0.0,0.2,0.0,0.0,0.8,0.0
19533,Taylor Jones,DH,0.2,,63.0,0.0,0.2,0.0,-0.2,2.2,0.0,-2.2
17452,Jose Siri,"OF,DH",0.2,,231.0,0.0,0.2,0.0,-1.0,0.6,0.0,-3.0
14295,Wandy Peralta,P,0.2,,0.0,58.0,0.0,0.2,0.0,0.0,0.7,0.0
19200,José Quijada,P,0.2,,0.0,56.0,0.0,0.2,0.0,0.0,0.7,0.0
17496,Diego Castillo,P,0.2,,0.0,65.0,0.0,0.2,0.0,0.0,0.6,0.0
24655,Owen Miller,"1B,2B,DH",0.2,,175.0,0.0,0.2,0.0,-0.9,0.8,0.0,-3.6
17326,Cole Tucker,"SS,DH",0.2,,350.0,0.0,0.2,0.0,-1.8,0.4,0.0,-3.6
sa3007989,Sean Hjelle,P,0.2,,0.0,35.0,0.0,0.2,0.0,0.0,1.1,0.0
sa3010152,CJ Abrams,DH,0.2,,70.0,0.0,0.2,0.0,-0.3,2.0,0.0,-3.0
18356,Jaime Barría,P,0.2,,0.0,61.0,0.0,0.2,0.0,0.0,0.7,0.0
16313,Yairo Muñoz,DH,0.2,,77.0,0.0,0.2,0.0,-0.2,1.8,0.0,-1.8
17092,Domingo Acevedo,P,0.2,,0.0,62.0,0.0,0.2,0.0,0.0,0.6,0.0
17796,Dillon Tate,P,0.2,,0.0,58.0,0.0,0.2,0.0,0.0,0.7,0.0
8753,Tanner Roark,P,0.2,,0.0,46.0,0.0,0.2,0.0,0.0,0.9,0.0
6984,Luis García,P,0.2,,0.0,60.0,0.0,0.2,0.0,0.0,0.7,0.0
sa3011468,Josh Jung,DH,0.2,,56.0,0.0,0.2,0.0,-0.1,2.5,0.0,-1.3
27461,Shogo Akiyama,"OF,DH",0.2,,231.0,0.0,0.2,0.0,-1.2,0.6,0.0,-3.6
27498,Spencer Strider,P,0.2,,0.0,31.0,0.0,0.2,0.0,0.0,1.3,0.0
14503,Renato Núñez,DH,0.2,,98.0,0.0,0.2,0.0,-0.2,1.4,0.0,-1.4
19667,Zach Reks,DH,0.2,,168.0,0.0,0.2,0.0,-0.5,0.8,0.0,-2.1
19665,Kyle Wright,P,0.2,,0.0,45.0,0.0,0.2,0.0,0.0,0.9,0.0
7432,Jay Jackson,P,0.2,,0.0,56.0,0.0,0.2,0.0,0.0,0.7,0.0
16542,Shed Long Jr.,"OF,DH",0.2,,140.0,0.0,0.2,0.0,-0.7,1.0,0.0,-3.5
27515,Hirokazu Sawamura,P,0.2,,0.0,56.0,0.0,0.2,0.0,0.0,0.7,0.0
21501,Trevor Larnach,"OF,DH",0.2,,385.0,0.0,0.2,0.0,-1.7,0.4,0.0,-3.1
21446,Ryan Feltner,P,0.2,,0.0,50.0,0.0,0.2,0.0,0.0,0.8,0.0
19848,Darwinzon Hernandez,P,0.2,,0.0,52.0,0.0,0.2,0.0,0.0,0.8,0.0
18088,Cody Stashak,P,0.2,,0.0,45.0,0.0,0.2,0.0,0.0,0.9,0.0
14387,Harold Ramirez,"OF,DH",0.2,,217.0,0.0,0.2,0.0,-0.8,0.6,0.0,-2.6
17186,Dinelson Lamet,P,0.2,,0.0,52.0,0.0,0.2,0.0,0.0,0.8,0.0
9345,Brock Holt,"3B,DH",0.2,,252.0,0.0,0.2,0.0,-1.3,0.6,0.0,-3.6
18064,Phil Maton,P,0.2,,0.0,64.0,0.0,0.2,0.0,0.0,0.6,0.0
16647,Ryan Thompson,P,0.2,,0.0,55.0,0.0,0.2,0.0,0.0,0.7,0.0
19618,Jordan Hicks,P,0.2,,0.0,57.0,0.0,0.2,0.0,0.0,0.7,0.0
3298,Charlie Culberson,"3B,DH",0.2,,182.0,0.0,0.2,0.0,-0.7,0.8,0.0,-2.7
sa3014430,Max Meyer,P,0.2,,0.0,25.0,0.0,0.2,0.0,0.0,1.6,0.0
sa918088,Tobias Myers,P,0.2,,0.0,43.0,0.0,0.2,0.0,0.0,0.9,0.0
11400,Ronald Torreyes,"3B,SS,DH",0.2,,196.0,0.0,0.2,0.0,-1.3,0.7,0.0,-4.6
sa829058,Jamie Ritchie,DH,0.2,,45.0,0.0,0.2,0.0,-0.2,3.1,0.0,-3.1
sa830295,Jose Herrera,DH,0.2,,64.0,0.0,0.2,0.0,-0.4,2.2,0.0,-4.4
14857,Joe Mantiply,P,0.2,,0.0,58.0,0.0,0.2,0.0,0.0,0.7,0.0
19953,Josh Lowe,DH,0.2,,70.0,0.0,0.2,0.0,-0.1,2.0,0.0,-1.0
16977,Trevor Williams,P,0.2,,0.0,82.0,0.0,0.2,0.0,0.0,0.5,0.0
5497,Marwin Gonzalez,"1B,2B,DH",0.2,,371.0,0.0,0.2,0.0,-2.0,0.4,0.0,-3.8
6797,Julio Teheran,P,0.2,,0.0,101.0,0.0,0.2,0.0,0.0,0.4,0.0
14771,Emilio Pagán,P,0.2,,0.0,63.0,0.0,0.2,0.0,0.0,0.6,0.0
17783,Jake Brentz,P,0.2,,0.0,60.0,0.0,0.2,0.0,0.0,0.7,0.0
20056,Alan Trejo,DH,0.2,,336.0,0.0,0.2,0.0,-2.7,0.4,0.0,-5.6
20070,Bailey Falter,P,0.2,,0.0,61.0,0.0,0.2,0.0,0.0,0.7,0.0
16448,Jacob Nottingham,DH,0.2,,141.0,0.0,0.2,0.0,-0.8,1.0,0.0,-4.0
8246,Paolo Espino,P,0.2,,0.0,61.0,0.0,0.2,0.0,0.0,0.7,0.0
3142,Robinson Chirinos,"C,DH",0.2,,115.0,0.0,0.2,0.0,-0.6,1.2,0.0,-3.7
8418,Ehire Adrianza,"OF,DH",0.2,,196.0,0.0,0.2,0.0,-1.0,0.7,0.0,-3.6
20167,Kyle Muller,P,0.2,,0.0,40.0,0.0,0.2,0.0,0.0,1.0,0.0
16703,Julian Merryweather,P,0.2,,0.0,54.0,0.0,0.2,0.0,0.0,0.7,0.0
3096,Kenley Jansen,P,0.2,Sid,0.0,67.0,0.0,0.2,0.0,0.0,0.6,0.0
13475,Daniel Norris,P,0.1,,0.0,57.0,0.0,0.1,0.0,0.0,0.4,0.0
18806,Drew Steckenrider,P,0.1,,0.0,66.0,0.0,0.1,0.0,0.0,0.3,0.0
13654,Jharel Cotton,P,0.1,,0.0,58.0,0.0,0.1,0.0,0.0,0.3,0.0
13580,Steven Okert,P,0.1,,0.0,56.0,0.0,0.1,0.0,0.0,0.4,0.0
18353,Daz Cameron,"OF,DH",0.1,,168.0,0.0,0.1,0.0,-0.7,0.4,0.0,-2.9
18694,Kolby Allard,P,0.1,,0.0,56.0,0.0,0.1,0.0,0.0,0.4,0.0
18551,Ali Sánchez,DH,0.1,,32.0,0.0,0.1,0.0,-0.3,2.2,0.0,-6.6
13546,Roman Quinn,"OF,DH",0.1,,140.0,0.0,0.1,0.0,-0.8,0.5,0.0,-4.0
18872,Jahmai Jones,"2B,DH",0.1,,105.0,0.0,0.1,0.0,-0.6,0.7,0.0,-4.0
13287,Jesse Hahn,P,0.1,,0.0,47.0,0.0,0.1,0.0,0.0,0.4,0.0
13329,Jake Lamb,"3B,OF,DH",0.1,,224.0,0.0,0.1,0.0,-1.3,0.3,0.0,-4.1
18282,Jarlín García,P,0.1,,0.0,58.0,0.0,0.1,0.0,0.0,0.3,0.0
13293,Danny Coulombe,P,0.1,,0.0,40.0,0.0,0.1,0.0,0.0,0.5,0.0
18152,Anthony Misiewicz,P,0.1,,0.0,58.0,0.0,0.1,0.0,0.0,0.3,0.0
19225,Mitch White,P,0.1,,0.0,24.0,0.0,0.1,0.0,0.0,0.8,0.0
12580,Adam Morgan,P,0.1,,0.0,56.0,0.0,0.1,0.0,0.0,0.4,0.0
13259,Louis Head,P,0.1,,0.0,52.0,0.0,0.1,0.0,0.0,0.4,0.0
18142,Patrick Mazeika,"C,DH",0.1,,32.0,0.0,0.1,0.0,-0.2,2.2,0.0,-4.4
12249,Ryan Sherriff,P,0.1,,0.0,58.0,0.0,0.1,0.0,0.0,0.3,0.0
17969,Peter Lambert,P,0.1,,0.0,75.0,0.0,0.1,0.0,0.0,0.3,0.0
16390,Brad Wieck,P,0.1,,0.0,55.0,0.0,0.1,0.0,0.0,0.4,0.0
19800,Wil Crowe,P,0.1,,0.0,97.0,0.0,0.1,0.0,0.0,0.2,0.0
13768,Travis Jankowski,"OF,DH",0.1,,140.0,0.0,0.1,0.0,-0.8,0.5,0.0,-4.0
14332,Joel Payamps,P,0.1,,0.0,52.0,0.0,0.1,0.0,0.0,0.4,0.0
17968,Brock Burke,P,0.1,,0.0,20.0,0.0,0.1,0.0,0.0,1.0,0.0
17750,Max Schrock,"OF,DH",0.1,,161.0,0.0,0.1,0.0,-0.7,0.4,0.0,-3.0
19615,Luis Barrera,DH,0.1,,175.0,0.0,0.1,0.0,-1.0,0.4,0.0,-4.0
11713,Matt Harvey,P,0.1,,0.0,55.0,0.0,0.1,0.0,0.0,0.4,0.0
17714,Christin Stewart,DH,0.1,,112.0,0.0,0.1,0.0,-0.2,0.6,0.0,-1.3
19695,Connor Seabold,P,0.1,,0.0,27.0,0.0,0.1,0.0,0.0,0.7,0.0
1157,Tommy Hunter,P,0.1,,0.0,42.0,0.0,0.1,0.0,0.0,0.5,0.0
17677,Jeffrey Springs,P,0.1,,0.0,34.0,0.0,0.1,0.0,0.0,0.6,0.0
19795,Keegan Thompson,P,0.1,,0.0,81.0,0.0,0.1,0.0,0.0,0.2,0.0
13799,Matt Strahm,P,0.1,,0.0,42.0,0.0,0.1,0.0,0.0,0.5,0.0
11470,Tony Wolters,DH,0.1,,90.0,0.0,0.1,0.0,-0.6,0.8,0.0,-4.7
14361,Ty Blach,P,0.1,,0.0,16.0,0.0,0.1,0.0,0.0,1.2,0.0
19845,Alexander Wells,P,0.1,,0.0,45.0,0.0,0.1,0.0,0.0,0.4,0.0
14506,J.B. Wendelken,P,0.1,,0.0,60.0,0.0,0.1,0.0,0.0,0.3,0.0
14523,Pedro Severino,"C,DH",0.1,,250.0,0.0,0.1,0.0,-1.4,0.3,0.0,-3.9
19873,Drew Ellis,"3B,DH",0.1,,126.0,0.0,0.1,0.0,-0.7,0.6,0.0,-3.9
14524,José Leclerc,P,0.1,,0.0,36.0,0.0,0.1,0.0,0.0,0.6,0.0
14527,Jorge López,P,0.1,,0.0,56.0,0.0,0.1,0.0,0.0,0.4,0.0
19314,Donovan Walton,"2B,DH",0.1,,21.0,0.0,0.1,0.0,-0.1,3.3,0.0,-3.3
16909,Colin Moran,"1B,DH",0.1,,336.0,0.0,0.1,0.0,-1.1,0.2,0.0,-2.3
12858,Brian Goodwin,"OF,DH",0.1,,238.0,0.0,0.1,0.0,-1.0,0.3,0.0,-2.9
10030,Chris Owings,DH,0.1,,147.0,0.0,0.1,0.0,-1.0,0.5,0.0,-4.8
16686,Jason Vosler,"3B,DH",0.1,,35.0,0.0,0.1,0.0,-0.1,2.0,0.0,-2.0
15958,Travis Demeritte,DH,0.1,,98.0,0.0,0.1,0.0,-0.3,0.7,0.0,-2.1
10291,Ryan Tepera,P,0.1,,0.0,66.0,0.0,0.1,0.0,0.0,0.3,0.0
20186,Brendan McKay,P,0.1,,0.0,21.0,0.0,0.1,0.0,0.0,1.0,0.0
20203,Eli Morgan,P,0.1,,0.0,65.0,0.0,0.1,0.0,0.0,0.3,0.0
10061,Brooks Raley,P,0.1,,0.0,52.0,0.0,0.1,0.0,0.0,0.4,0.0
16357,Pablo Reyes,"3B,DH",0.1,,49.0,0.0,0.1,0.0,-0.3,1.4,0.0,-4.3
17117,Austin Davis,P,0.1,,0.0,48.0,0.0,0.1,0.0,0.0,0.4,0.0
10745,Trevor Rosenthal,P,0.1,,0.0,59.0,0.0,0.1,0.0,0.0,0.3,0.0
18519,Phil Bickford,P,0.1,,0.0,56.0,0.0,0.1,0.0,0.0,0.4,0.0
17292,Javy Guerra,P,0.1,,0.0,40.0,0.0,0.1,0.0,0.0,0.5,0.0
14552,José Ruiz,P,0.1,,0.0,57.0,0.0,0.1,0.0,0.0,0.4,0.0
14696,Keone Kela,P,0.1,,0.0,37.0,0.0,0.1,0.0,0.0,0.5,0.0
17285,Justus Sheffield,P,0.1,,0.0,49.0,0.0,0.1,0.0,0.0,0.4,0.0
17276,Alex Jackson,"C,DH",0.1,,58.0,0.0,0.1,0.0,-0.3,1.2,0.0,-3.6
19896,Connor Wong,DH,0.1,,26.0,0.0,0.1,0.0,-0.1,2.7,0.0,-2.7
19926,Tony Santillan,P,0.1,,0.0,61.0,0.0,0.1,0.0,0.0,0.3,0.0
14567,Franchy Cordero,"OF,DH",0.1,,77.0,0.0,0.1,0.0,-0.3,0.9,0.0,-2.7
14739,Paul Blackburn,P,0.1,,0.0,43.0,0.0,0.1,0.0,0.0,0.5,0.0
16852,John Nogowski,"1B,DH",0.1,,196.0,0.0,0.1,0.0,-0.9,0.4,0.0,-3.2
12095,Yimi García,P,0.1,,0.0,60.0,0.0,0.1,0.0,0.0,0.3,0.0
10655,Rob Brantly,DH,0.1,,19.0,0.0,0.1,0.0,-0.1,3.7,0.0,-3.7
19712,Patrick Murphy,P,0.1,,0.0,53.0,0.0,0.1,0.0,0.0,0.4,0.0
12800,Noé Ramirez,P,0.1,,0.0,64.0,0.0,0.1,0.0,0.0,0.3,0.0
19403,Colin Poche,P,0.1,,0.0,44.0,0.0,0.1,0.0,0.0,0.5,0.0
17922,Isan Díaz,"2B,3B,DH",0.1,,119.0,0.0,0.1,0.0,-0.6,0.6,0.0,-3.5
13763,Dominic Leone,P,0.1,,0.0,62.0,0.0,0.1,0.0,0.0,0.3,0.0
12760,Rafael Montero,P,0.1,,0.0,46.0,0.0,0.1,0.0,0.0,0.4,0.0
17893,Tyler Nevin,DH,0.1,,63.0,0.0,0.1,0.0,-0.3,1.1,0.0,-3.3
19487,Devin Smeltzer,P,0.1,,0.0,22.0,0.0,0.1,0.0,0.0,0.9,0.0
11426,Drew Pomeranz,P,0.1,,0.0,32.0,0.0,0.1,0.0,0.0,0.6,0.0
17548,Taylor Ward,"OF,DH",0.1,,21.0,0.0,0.1,0.0,0.0,3.3,0.0,0.0
15761,Joe Jiménez,P,0.1,,0.0,54.0,0.0,0.1,0.0,0.0,0.4,0.0
17170,Gabe Speier,P,0.1,,0.0,54.0,0.0,0.1,0.0,0.0,0.4,0.0
15071,Kyle McGowin,P,0.1,,0.0,41.0,0.0,0.1,0.0,0.0,0.5,0.0
19960,Taylor Trammell,"OF,DH",0.1,,70.0,0.0,0.1,0.0,-0.4,1.0,0.0,-4.0
19961,Colton Welker,DH,0.1,,448.0,0.0,0.1,0.0,-2.6,0.2,0.0,-4.1
15564,Tyler White,DH,0.1,,35.0,0.0,0.1,0.0,-0.1,2.0,0.0,-2.0
16947,Derek Hill,"OF,DH",0.1,,210.0,0.0,0.1,0.0,-1.3,0.3,0.0,-4.3
19977,Tres Barrera,"C,DH",0.1,,32.0,0.0,0.1,0.0,-0.2,2.2,0.0,-4.4
19890,Emmanuel Rivera,"3B,DH",0.1,,98.0,0.0,0.1,0.0,-0.5,0.7,0.0,-3.6
19541,Jimmy Lambert,P,0.1,,0.0,49.0,0.0,0.1,0.0,0.0,0.4,0.0
16593,Kevin Padlo,DH,0.1,,28.0,0.0,0.1,0.0,-0.1,2.5,0.0,-2.5
13801,Austin Adams,P,0.1,,0.0,48.0,0.0,0.1,0.0,0.0,0.4,0.0
22051,John King,P,0.1,,0.0,55.0,0.0,0.1,0.0,0.0,0.4,0.0
8241,David Robertson,P,0.1,,0.0,60.0,0.0,0.1,0.0,0.0,0.3,0.0
sa872477,Elehuris Montero,DH,0.1,,35.0,0.0,0.1,0.0,-0.1,2.0,0.0,-2.0
22925,Joan Adon,P,0.1,,0.0,26.0,0.0,0.1,0.0,0.0,0.8,0.0
22717,Angel Zerpa,P,0.1,,0.0,19.0,0.0,0.1,0.0,0.0,1.1,0.0
3321,Darren O'Day,P,0.1,,0.0,26.0,0.0,0.1,0.0,0.0,0.8,0.0
sa3010587,Ryan Kreidler,DH,0.1,,28.0,0.0,0.1,0.0,-0.1,2.5,0.0,-2.5
sa829855,Alex Faedo,P,0.1,,0.0,31.0,0.0,0.1,0.0,0.0,0.6,0.0
3711,Eric Thames,DH,0.1,,203.0,0.0,0.1,0.0,0.0,0.3,0.0,0.0
8823,Oliver Drake,P,0.1,,0.0,43.0,0.0,0.1,0.0,0.0,0.5,0.0
6986,Ian Kennedy,P,0.1,,0.0,62.0,0.0,0.1,0.0,0.0,0.3,0.0
9073,Kirby Yates,P,0.1,,0.0,36.0,0.0,0.1,0.0,0.0,0.6,0.0
sa3011773,Caleb Kilian,P,0.1,,0.0,8.0,0.0,0.1,0.0,0.0,2.5,0.0
sa3008611,Cole Sands,P,0.1,,0.0,8.0,0.0,0.1,0.0,0.0,2.5,0.0
9111,Brad Hand,P,0.1,,0.0,67.0,0.0,0.1,0.0,0.0,0.3,0.0
sa3011524,Ryne Nelson,P,0.1,,0.0,17.0,0.0,0.1,0.0,0.0,1.2,0.0
5358,José Álvarez,P,0.1,,0.0,52.0,0.0,0.1,0.0,0.0,0.4,0.0
sa3011471,Yolbert Sanchez,DH,0.1,,21.0,0.0,0.1,0.0,-0.1,3.3,0.0,-3.3
22871,Tucupita Marcano,DH,0.1,,84.0,0.0,0.1,0.0,-0.5,0.8,0.0,-4.2
22175,Max Kranick,P,0.1,,0.0,38.0,0.0,0.1,0.0,0.0,0.5,0.0
sa918274,Graham Ashcraft,P,0.1,,0.0,8.0,0.0,0.1,0.0,0.0,2.5,0.0
sa916954,Oswaldo Cabrera,DH,0.1,,49.0,0.0,0.1,0.0,-0.2,1.4,0.0,-2.9
20373,Andrés Muñoz,P,0.1,,0.0,46.0,0.0,0.1,0.0,0.0,0.4,0.0
sa3007876,Brennen Davis,DH,0.1,,42.0,0.0,0.1,0.0,-0.2,1.7,0.0,-3.3
13942,Brent Suter,P,0.1,,0.0,65.0,0.0,0.1,0.0,0.0,0.3,0.0
20277,Cory Abbott,P,0.1,,0.0,21.0,0.0,0.1,0.0,0.0,1.0,0.0
sa877578,Alan Rangel,P,0.1,,0.0,17.0,0.0,0.1,0.0,0.0,1.2,0.0
20352,Ernie Clement,"2B,3B,DH",0.1,,49.0,0.0,0.1,0.0,-0.3,1.4,0.0,-4.3
sa919293,Jonathan Aranda,DH,0.1,,77.0,0.0,0.1,0.0,-0.3,0.9,0.0,-2.7
6661,Alex Colomé,P,0.1,,0.0,68.0,0.0,0.1,0.0,0.0,0.3,0.0
20275,Jonathan Araúz,"SS,DH",0.1,,49.0,0.0,0.1,0.0,-0.3,1.4,0.0,-4.3
20503,William Contreras,"C,DH",0.1,,26.0,0.0,0.1,0.0,-0.1,2.7,0.0,-2.7
sa875089,Brendon Davis,DH,0.1,,28.0,0.0,0.1,0.0,-0.1,2.5,0.0,-2.5
sa915822,Zach Logue,P,0.1,,0.0,26.0,0.0,0.1,0.0,0.0,0.8,0.0
20253,Griffin Jax,P,0.1,,0.0,85.0,0.0,0.1,0.0,0.0,0.2,0.0
sa913099,Adam Oller,P,0.1,,0.0,29.0,0.0,0.1,0.0,0.0,0.7,0.0
3132,Tony Watson,P,0.1,,0.0,60.0,0.0,0.1,0.0,0.0,0.3,0.0
5615,Ryan Brasier,P,0.1,,0.0,64.0,0.0,0.1,0.0,0.0,0.3,0.0
20422,Jovani Moran,P,0.1,,0.0,46.0,0.0,0.1,0.0,0.0,0.4,0.0
20418,Josh Fleming,P,0.1,,0.0,43.0,0.0,0.1,0.0,0.0,0.5,0.0
sa3007259,Garrett Hill,P,0.1,,0.0,8.0,0.0,0.1,0.0,0.0,2.5,0.0
sa915611,Brett Cumberland,DH,0.1,,38.0,0.0,0.1,0.0,-0.2,1.8,0.0,-3.7
9433,Dustin Garneau,"C,DH",0.1,,51.0,0.0,0.1,0.0,-0.3,1.4,0.0,-4.1
20312,Alec Bettinger,P,0.1,,0.0,25.0,0.0,0.1,0.0,0.0,0.8,0.0
7927,Eric Sogard,"2B,DH",0.1,,154.0,0.0,0.1,0.0,-1.0,0.5,0.0,-4.5
sa826668,René Pinto,DH,0.1,,38.0,0.0,0.1,0.0,-0.2,1.8,0.0,-3.7
21298,Andre Jackson,P,0.1,,0.0,36.0,0.0,0.1,0.0,0.0,0.6,0.0
21306,Jake Latz,P,0.1,,0.0,8.0,0.0,0.1,0.0,0.0,2.5,0.0
sa3014907,Ben Leeper,P,0.1,,0.0,34.0,0.0,0.1,0.0,0.0,0.6,0.0
5384,Juan Lagares,"OF,DH",0.1,,182.0,0.0,0.1,0.0,-1.0,0.4,0.0,-3.8
21333,Seth Romero,P,0.1,,0.0,24.0,0.0,0.1,0.0,0.0,0.8,0.0
sa3006893,Jordan Groshans,DH,0.1,,63.0,0.0,0.1,0.0,-0.3,1.1,0.0,-3.3
19349,Caleb Ferguson,P,0.1,,0.0,50.0,0.0,0.1,0.0,0.0,0.4,0.0
16400,Reynaldo López,P,0.1,,0.0,53.0,0.0,0.1,0.0,0.0,0.4,0.0
11847,Chris Martin,P,0.1,,0.0,58.0,0.0,0.1,0.0,0.0,0.3,0.0
19614,Cionel Pérez,P,0.1,,0.0,44.0,0.0,0.1,0.0,0.0,0.5,0.0
19608,Otto Lopez,DH,0.1,,70.0,0.0,0.1,0.0,-0.3,1.0,0.0,-3.0
17723,Skye Bolt,"OF,DH",0.1,,42.0,0.0,0.1,0.0,-0.2,1.7,0.0,-3.3
11801,Hansel Robles,P,0.1,,0.0,68.0,0.0,0.1,0.0,0.0,0.3,0.0
14140,José Rondón,DH,0.1,,42.0,0.0,0.1,0.0,-0.2,1.7,0.0,-3.3
19562,Zack Short,"SS,DH",0.1,,35.0,0.0,0.1,0.0,-0.1,2.0,0.0,-2.0
19552,Jaylin Davis,DH,0.1,,105.0,0.0,0.1,0.0,-0.5,0.7,0.0,-3.3
21894,Gregory Santos,P,0.1,,0.0,24.0,0.0,0.1,0.0,0.0,0.8,0.0
11936,Joe Panik,"2B,3B,DH",0.1,,203.0,0.0,0.1,0.0,-1.2,0.3,0.0,-4.1
11339,Jake Marisnick,"OF,DH",0.1,,217.0,0.0,0.1,0.0,-1.1,0.3,0.0,-3.5
sa3008002,Kody Clemens,DH,0.1,,42.0,0.0,0.1,0.0,-0.2,1.7,0.0,-3.3
sa3008132,Ethan Roberts,P,0.1,,0.0,35.0,0.0,0.1,0.0,0.0,0.6,0.0
21127,Alejo Lopez,DH,0.1,,35.0,0.0,0.1,0.0,-0.2,2.0,0.0,-4.0
20531,Kutter Crawford,P,0.1,,0.0,29.0,0.0,0.1,0.0,0.0,0.7,0.0
9866,Chaz Roe,P,0.1,,0.0,45.0,0.0,0.1,0.0,0.0,0.4,0.0
21560,Alfonso Rivas,DH,0.1,,161.0,0.0,0.1,0.0,-0.8,0.4,0.0,-3.5
21622,Jake McCarthy,"OF,DH",0.1,,343.0,0.0,0.1,0.0,-1.5,0.2,0.0,-3.1
sa3010784,Connor Thomas,P,0.1,,0.0,8.0,0.0,0.1,0.0,0.0,2.5,0.0
9054,Justin Smoak,DH,0.1,,245.0,0.0,0.1,0.0,0.0,0.3,0.0,0.0
sa1169803,Clay Dungan,DH,0.1,,28.0,0.0,0.1,0.0,-0.1,2.5,0.0,-2.5
5491,Austin Romine,"C,DH",0.1,,141.0,0.0,0.1,0.0,-1.0,0.5,0.0,-5.0
8337,Lucas Luetge,P,0.1,,0.0,44.0,0.0,0.1,0.0,0.0,0.5,0.0
7982,Anthony Bass,P,0.1,,0.0,63.0,0.0,0.1,0.0,0.0,0.3,0.0
sa3009876,Peyton Burdick,DH,0.1,,42.0,0.0,0.1,0.0,-0.2,1.7,0.0,-3.3
4141,Derek Holland,P,0.1,,0.0,60.0,0.0,0.1,0.0,0.0,0.3,0.0
20794,Manuel Rodríguez,P,0.1,,0.0,58.0,0.0,0.1,0.0,0.0,0.3,0.0
21018,Francisco Perez,P,0.1,,0.0,42.0,0.0,0.1,0.0,0.0,0.5,0.0
sa3004469,Tommy Romero,P,0.1,,0.0,13.0,0.0,0.1,0.0,0.0,1.5,0.0
sa3010034,Korey Lee,DH,0.1,,26.0,0.0,0.1,0.0,-0.1,2.7,0.0,-2.7
sa3004378,Drew Waters,DH,0.1,,252.0,0.0,0.1,0.0,-1.1,0.3,0.0,-3.1
23779,Justin Bruihl,P,0.1,,0.0,44.0,0.0,0.1,0.0,0.0,0.5,0.0
5114,Jeurys Familia,P,0.1,,0.0,65.0,0.0,0.1,0.0,0.0,0.3,0.0
20041,Ronald Bolaños,P,0.0,,0.0,28.0,0.0,0.0,0.0,0.0,0.0,0.0
20010,Wyatt Mills,P,0.0,,0.0,22.0,0.0,0.0,0.0,0.0,0.0,0.0
20395,Nick Margevicius,P,0.0,,0.0,20.0,0.0,0.0,0.0,0.0,0.0,0.0
20383,Antonio Santos,P,0.0,,0.0,20.0,0.0,0.0,0.0,0.0,0.0,0.0
20387,Anthony Kay,P,0.0,,0.0,14.0,0.0,0.0,0.0,0.0,0.0,0.0
20385,Isaac Mattson,P,0.0,,0.0,28.0,0.0,0.0,0.0,0.0,0.0,0.0
19996,Dylan Lee,P,0.0,,0.0,44.0,0.0,0.0,0.0,0.0,0.0,0.0
19269,T.J. Zeuch,P,0.0,,0.0,36.0,0.0,0.0,0.0,0.0,0.0,0.0
20003,Keston Hiura,"1B,DH",0.0,,308.0,0.0,0.0,0.0,-1.2,0.0,0.0,-2.7
19444,Yohan Ramirez,P,0.0,,0.0,28.0,0.0,0.0,0.0,0.0,0.0,0.0
24975,Cooper Criswell,P,0.0,,0.0,4.0,0.0,0.0,0.0,0.0,0.0,0.0
19805,Daniel Castano,P,0.0,,0.0,6.0,0.0,0.0,0.0,0.0,0.0,0.0
19789,Anthony Castro,P,0.0,,0.0,40.0,0.0,0.0,0.0,0.0,0.0,0.0
19346,Eli White,"OF,DH",0.0,,175.0,0.0,0.0,0.0,-0.9,0.0,0.0,-3.6
22358,Stephen Ridings,P,0.0,,0.0,22.0,0.0,0.0,0.0,0.0,0.0,0.0
19331,Jose Rojas,"2B,OF,DH",0.0,,28.0,0.0,0.0,0.0,-0.1,0.0,0.0,-2.5
22487,Johan Oviedo,P,0.0,,0.0,36.0,0.0,0.0,0.0,0.0,0.0,0.0
19274,Jacob Webb,P,0.0,,0.0,60.0,0.0,0.0,0.0,0.0,0.0,0.0
20045,Sean Guenther,P,0.0,,0.0,26.0,0.0,0.0,0.0,0.0,0.0,0.0
20379,Tyler Zuber,P,0.0,,0.0,35.0,0.0,0.0,0.0,0.0,0.0,0.0
19868,Drew Carlton,P,0.0,,0.0,8.0,0.0,0.0,0.0,0.0,0.0,0.0
20061,Kaleb Ort,P,0.0,,0.0,32.0,0.0,0.0,0.0,0.0,0.0,0.0
20298,Jhonathan Diaz,P,0.0,,0.0,30.0,0.0,0.0,0.0,0.0,0.0,0.0
19250,Trent Giambrone,DH,0.0,,14.0,0.0,0.0,0.0,-0.1,0.0,0.0,-5.0
19878,Adam Haseley,DH,0.0,,469.0,0.0,0.0,0.0,-2.3,0.0,0.0,-3.4
20515,Kyle Nelson,P,0.0,,0.0,10.0,0.0,0.0,0.0,0.0,0.0,0.0
19866,Brandon Bielak,P,0.0,,0.0,32.0,0.0,0.0,0.0,0.0,0.0,0.0
20476,Peter Solomon,P,0.0,,0.0,11.0,0.0,0.0,0.0,0.0,0.0,0.0
20447,Enoli Paredes,P,0.0,,0.0,10.0,0.0,0.0,0.0,0.0,0.0,0.0
20233,Gilberto Celestino,"OF,DH",0.0,,63.0,0.0,0.0,0.0,-0.3,0.0,0.0,-3.3
20276,Deivi García,P,0.0,,0.0,8.0,0.0,0.0,0.0,0.0,0.0,0.0
20206,Mike Baumann,P,0.0,,0.0,48.0,0.0,0.0,0.0,0.0,0.0,0.0
20198,Ben Bowden,P,0.0,,0.0,34.0,0.0,0.0,0.0,0.0,0.0,0.0
20074,Miguel Sánchez,P,0.0,,0.0,34.0,0.0,0.0,0.0,0.0,0.0,0.0
20321,Stuart Fairchild,DH,0.0,,42.0,0.0,0.0,0.0,-0.3,0.0,0.0,-5.0
20185,Zach Pop,P,0.0,,0.0,58.0,0.0,0.0,0.0,0.0,0.0,0.0
20329,Andre Scrubb,P,0.0,,0.0,4.0,0.0,0.0,0.0,0.0,0.0,0.0
20334,Kyle Dohy,P,0.0,,0.0,6.0,0.0,0.0,0.0,0.0,0.0,0.0
20339,Matt Peacock,P,0.0,,0.0,36.0,0.0,0.0,0.0,0.0,0.0,0.0
20344,Blake Cederlind,P,0.0,,0.0,36.0,0.0,0.0,0.0,0.0,0.0,0.0
20348,Riley O'Brien,P,0.0,,0.0,16.0,0.0,0.0,0.0,0.0,0.0,0.0
20153,Nick Nelson,P,0.0,,0.0,46.0,0.0,0.0,0.0,0.0,0.0,0.0
20100,Michel Baez,P,0.0,,0.0,4.0,0.0,0.0,0.0,0.0,0.0,0.0
19264,Thomas Hatch,P,0.0,,0.0,32.0,0.0,0.0,0.0,0.0,0.0,0.0
22164,Payton Henry,DH,0.0,,26.0,0.0,0.0,0.0,-0.2,0.0,0.0,-5.4
19181,Zack Collins,"C,DH",0.0,,77.0,0.0,0.0,0.0,-0.3,0.0,0.0,-2.7
19548,JD Hammer,P,0.0,,0.0,20.0,0.0,0.0,0.0,0.0,0.0,0.0
19574,JoJo Romero,P,0.0,,0.0,9.0,0.0,0.0,0.0,0.0,0.0,0.0
21635,Nick Maton,"2B,SS,DH",0.0,,49.0,0.0,0.0,0.0,-0.3,0.0,0.0,-4.3
21646,Rafael Marchan,"C,DH",0.0,,64.0,0.0,0.0,0.0,-0.5,0.0,0.0,-5.5
21652,Elvis Peguero,P,0.0,,0.0,6.0,0.0,0.0,0.0,0.0,0.0,0.0
19558,Geoff Hartlieb,P,0.0,,0.0,12.0,0.0,0.0,0.0,0.0,0.0,0.0
21735,Sebastian Rivero,"C,DH",0.0,,13.0,0.0,0.0,0.0,-0.1,0.0,0.0,-5.4
21761,Jose Marte,P,0.0,,0.0,8.0,0.0,0.0,0.0,0.0,0.0,0.0
21844,Braxton Garrett,P,0.0,,0.0,15.0,0.0,0.0,0.0,0.0,0.0,0.0
21850,Mason Thompson,P,0.0,,0.0,48.0,0.0,0.0,0.0,0.0,0.0,0.0
21987,Rodolfo Castro,"2B,DH",0.0,,56.0,0.0,0.0,0.0,-0.3,0.0,0.0,-3.8
19643,Daniel Johnson,"OF,DH",0.0,,56.0,0.0,0.0,0.0,0.0,0.0,0.0,0.0
21997,Luis Frías,P,0.0,,0.0,16.0,0.0,0.0,0.0,0.0,0.0,0.0
22036,Angel Rondón,P,0.0,,0.0,12.0,0.0,0.0,0.0,0.0,0.0,0.0
19535,Ryan Hendrix,P,0.0,,0.0,38.0,0.0,0.0,0.0,0.0,0.0,0.0
22052,Aaron Fletcher,P,0.0,,0.0,18.0,0.0,0.0,0.0,0.0,0.0,0.0
22092,Kyle Tyler,P,0.0,,0.0,42.0,0.0,0.0,0.0,0.0,0.0,0.0
19883,Alex Lange,P,0.0,,0.0,58.0,0.0,0.0,0.0,0.0,0.0,0.0
19521,Andrew Young,"2B,DH",0.0,,7.0,0.0,0.0,0.0,0.0,0.0,0.0,0.0
22192,Hans Crouse,P,0.0,,0.0,31.0,0.0,0.0,0.0,0.0,0.0,0.0
19477,Alex De Goti,DH,0.0,,35.0,0.0,0.0,0.0,-0.2,0.0,0.0,-4.0
19583,Sean Poppen,P,0.0,,0.0,42.0,0.0,0.0,0.0,0.0,0.0,0.0
19647,Matt Foster,P,0.0,,0.0,32.0,0.0,0.0,0.0,0.0,0.0,0.0
19179,Kirby Snead,P,0.0,,0.0,12.0,0.0,0.0,0.0,0.0,0.0,0.0
18792,Miguel Del Pozo,P,0.0,,0.0,46.0,0.0,0.0,0.0,0.0,0.0,0.0
19178,Tommy Nance,P,0.0,,0.0,46.0,0.0,0.0,0.0,0.0,0.0,0.0
23301,Janson Junk,P,0.0,,0.0,15.0,0.0,0.0,0.0,0.0,0.0,0.0
23310,Damon Jones,P,0.0,,0.0,20.0,0.0,0.0,0.0,0.0,0.0,0.0
19170,Corey Ray,DH,0.0,,49.0,0.0,0.0,0.0,-0.3,0.0,0.0,-4.3
23493,Nick Snyder,P,0.0,,0.0,44.0,0.0,0.0,0.0,0.0,0.0,0.0
19159,Zack Burdi,P,0.0,,0.0,24.0,0.0,0.0,0.0,0.0,0.0,0.0
23592,Brett de Geus,P,0.0,,0.0,8.0,0.0,0.0,0.0,0.0,0.0,0.0
18887,Seby Zavala,"C,DH",0.0,,115.0,0.0,0.0,0.0,-0.9,0.0,0.0,-5.5
18873,Beau Burrows,P,0.0,,0.0,8.0,0.0,0.0,0.0,0.0,0.0,0.0
18769,Cody Poteet,P,0.0,,0.0,14.0,0.0,0.0,0.0,0.0,0.0,0.0
19682,Jordan Sheffield,P,0.0,,0.0,48.0,0.0,0.0,0.0,0.0,0.0,0.0
24584,Jonathan Stiever,P,0.0,,0.0,27.0,0.0,0.0,0.0,0.0,0.0,0.0
24591,Joey Gerber,P,0.0,,0.0,10.0,0.0,0.0,0.0,0.0,0.0,0.0
18555,Logan Allen,P,0.0,,0.0,57.0,0.0,0.0,0.0,0.0,0.0,0.0
19453,Shaun Anderson,P,0.0,,0.0,6.0,0.0,0.0,0.0,0.0,0.0,0.0
19804,Bryan Baker,P,0.0,,0.0,22.0,0.0,0.0,0.0,0.0,0.0,0.0
19454,Michael Rucker,P,0.0,,0.0,48.0,0.0,0.0,0.0,0.0,0.0,0.0
22209,Sam Huff,DH,0.0,,26.0,0.0,0.0,0.0,-0.1,0.0,0.0,-2.7
19731,Kodi Whitley,P,0.0,,0.0,46.0,0.0,0.0,0.0,0.0,0.0,0.0
19703,Jake Noll,DH,0.0,,7.0,0.0,0.0,0.0,0.0,0.0,0.0,0.0
19881,Gabe Klobosits,P,0.0,,0.0,22.0,0.0,0.0,0.0,0.0,0.0,0.0
16981,Tyler Beede,P,0.0,,0.0,60.0,0.0,0.0,0.0,0.0,0.0,0.0
19884,Corbin Martin,P,0.0,,0.0,38.0,0.0,0.0,0.0,0.0,0.0,0.0
5420,Pedro Báez,P,0.0,,0.0,54.0,0.0,0.0,0.0,0.0,0.0,0.0
18332,Eric Hanhold,P,0.0,,0.0,40.0,0.0,0.0,0.0,0.0,0.0,0.0
18337,Nick Anderson,P,0.0,,0.0,20.0,0.0,0.0,0.0,0.0,0.0,0.0
18341,Julian Fernández,P,0.0,,0.0,28.0,0.0,0.0,0.0,0.0,0.0,0.0
16429,Jason Martin,"OF,DH",0.0,,0.0,0.0,0.0,0.0,0.0,0.0,0.0,0.0
16587,Erik Swanson,P,0.0,,0.0,40.0,0.0,0.0,0.0,0.0,0.0,0.0
6216,Dellin Betances,P,0.0,,0.0,42.0,0.0,0.0,0.0,0.0,0.0,0.0
17181,Yoan López,P,0.0,,0.0,14.0,0.0,0.0,0.0,0.0,0.0,0.0
16610,J.P. Feyereisen,P,0.0,,0.0,58.0,0.0,0.0,0.0,0.0,0.0,0.0
17585,Jordan Yamamoto,P,0.0,,0.0,43.0,0.0,0.0,0.0,0.0,0.0,0.0
17583,Marcos Diplán,P,0.0,,0.0,8.0,0.0,0.0,0.0,0.0,0.0,0.0
5224,Blake Parker,P,0.0,,0.0,50.0,0.0,0.0,0.0,0.0,0.0,0.0
17016,Rusney Castillo,DH,0.0,,56.0,0.0,0.0,0.0,0.0,0.0,0.0,0.0
4922,Ender Inciarte,"OF,DH",0.0,,35.0,0.0,0.0,0.0,-0.2,0.0,0.0,-4.0
17023,Magneuris Sierra,"OF,DH",0.0,,21.0,0.0,0.0,0.0,-0.2,0.0,0.0,-6.7
17536,Ryan Burr,P,0.0,,0.0,46.0,0.0,0.0,0.0,0.0,0.0,0.0
5448,Jesse Chavez,P,0.0,,0.0,56.0,0.0,0.0,0.0,0.0,0.0,0.0
4994,Fernando Abad,P,0.0,,0.0,38.0,0.0,0.0,0.0,0.0,0.0,0.0
17034,Sean Reid-Foley,P,0.0,,0.0,40.0,0.0,0.0,0.0,0.0,0.0,0.0
17161,Chad Wallach,"C,DH",0.0,,45.0,0.0,0.0,0.0,-0.3,0.0,0.0,-4.7
17169,José Castillo,P,0.0,,0.0,8.0,0.0,0.0,0.0,0.0,0.0,0.0
18316,Edwin Ríos,DH,0.0,,77.0,0.0,0.0,0.0,-0.3,0.0,0.0,-2.7
6547,Jordy Mercer,"2B,3B,DH",0.0,,182.0,0.0,0.0,0.0,-1.1,0.0,0.0,-4.2
18288,Austin Dean,DH,0.0,,14.0,0.0,0.0,0.0,0.0,0.0,0.0,0.0
2859,Ross Detwiler,P,0.0,,0.0,47.0,0.0,0.0,0.0,0.0,0.0,0.0
16440,James Norwood,P,0.0,,0.0,16.0,0.0,0.0,0.0,0.0,0.0,0.0
6316,David Phelps,P,0.0,,0.0,24.0,0.0,0.0,0.0,0.0,0.0,0.0
16418,Blake Taylor,P,0.0,,0.0,58.0,0.0,0.0,0.0,0.0,0.0,0.0
6627,Brad Brach,P,0.0,,0.0,46.0,0.0,0.0,0.0,0.0,0.0,0.0
17897,Garrett Cleavinger,P,0.0,,0.0,20.0,0.0,0.0,0.0,0.0,0.0,0.0
18496,Junior Fernández,P,0.0,,0.0,42.0,0.0,0.0,0.0,0.0,0.0,0.0
3281,Joe Smith,P,0.0,,0.0,48.0,0.0,0.0,0.0,0.0,0.0,0.0
17888,Tayler Saucedo,P,0.0,,0.0,15.0,0.0,0.0,0.0,0.0,0.0,0.0
16588,Jonathan Holder,P,0.0,,0.0,30.0,0.0,0.0,0.0,0.0,0.0,0.0
16408,Victor González,P,0.0,,0.0,36.0,0.0,0.0,0.0,0.0,0.0,0.0
18403,Enyel De Los Santos,P,0.0,,0.0,8.0,0.0,0.0,0.0,0.0,0.0,0.0
18433,P.J. Higgins,DH,0.0,,6.0,0.0,0.0,0.0,0.0,0.0,0.0,0.0
16466,Brent Honeywell Jr.,P,0.0,,0.0,61.0,0.0,0.0,0.0,0.0,0.0,0.0
17948,Trent Thornton,P,0.0,,0.0,32.0,0.0,0.0,0.0,0.0,0.0,0.0
18063,Kyle Garlick,"OF,DH",0.0,,14.0,0.0,0.0,0.0,0.0,0.0,0.0,0.0
16442,Ryan O'Hearn,"1B,OF,DH",0.0,,42.0,0.0,0.0,0.0,-0.2,0.0,0.0,-3.3
20263,Mario Feliciano,DH,0.0,,13.0,0.0,0.0,0.0,-0.1,0.0,0.0,-5.4
2882,Luis Avilán,P,0.0,,0.0,26.0,0.0,0.0,0.0,0.0,0.0,0.0
18395,Travis Blankenhorn,DH,0.0,,7.0,0.0,0.0,0.0,0.0,0.0,0.0,0.0
17216,Monte Harrison,DH,0.0,,182.0,0.0,0.0,0.0,-0.9,0.0,0.0,-3.5
5273,Sandy León,"C,DH",0.0,,186.0,0.0,0.0,0.0,-1.8,0.0,0.0,-6.8
21197,Darien Núñez,P,0.0,,0.0,12.0,0.0,0.0,0.0,0.0,0.0,0.0
19928,Ryan McKenna,"OF,DH",0.0,,84.0,0.0,0.0,0.0,-0.4,0.0,0.0,-3.3
24933,Andrew Wantz,P,0.0,,0.0,60.0,0.0,0.0,0.0,0.0,0.0,0.0
19956,Mickey Moniak,DH,0.0,,350.0,0.0,0.0,0.0,-2.1,0.0,0.0,-4.2
19952,Khalil Lee,DH,0.0,,35.0,0.0,0.0,0.0,-0.2,0.0,0.0,-4.0
19940,Jhon Romero,P,0.0,,0.0,32.0,0.0,0.0,0.0,0.0,0.0,0.0
19932,Trevor Stephan,P,0.0,,0.0,54.0,0.0,0.0,0.0,0.0,0.0,0.0
20539,Edwin Uceta,P,0.0,,0.0,4.0,0.0,0.0,0.0,0.0,0.0,0.0
20643,Johan Quezada,P,0.0,,0.0,4.0,0.0,0.0,0.0,0.0,0.0,0.0
20739,Humberto Mejía,P,0.0,,0.0,8.0,0.0,0.0,0.0,0.0,0.0,0.0
20778,Cristopher Sánchez,P,0.0,,0.0,24.0,0.0,0.0,0.0,0.0,0.0,0.0
20997,Eduard Bazardo,P,0.0,,0.0,16.0,0.0,0.0,0.0,0.0,0.0,0.0
17192,Jalen Beeks,P,0.0,,0.0,38.0,0.0,0.0,0.0,0.0,0.0,0.0
21025,Oliver Ortega,P,0.0,,0.0,14.0,0.0,0.0,0.0,0.0,0.0,0.0
19909,Anderson Tejeda,DH,0.0,,7.0,0.0,0.0,0.0,-0.1,0.0,0.0,-10.0
21045,Seth Martinez,P,0.0,,0.0,14.0,0.0,0.0,0.0,0.0,0.0,0.0
19899,Clarke Schmidt,P,0.0,,0.0,14.0,0.0,0.0,0.0,0.0,0.0,0.0
21065,Thomas Szapucki,P,0.0,,0.0,8.0,0.0,0.0,0.0,0.0,0.0,0.0
21101,Dauri Moreta,P,0.0,,0.0,44.0,0.0,0.0,0.0,0.0,0.0,0.0
21111,Miguel Yajure,P,0.0,,0.0,43.0,0.0,0.0,0.0,0.0,0.0,0.0
21170,Dany Jiménez,P,0.0,,0.0,22.0,0.0,0.0,0.0,0.0,0.0,0.0
21183,Humberto Castellanos,P,0.0,,0.0,8.0,0.0,0.0,0.0,0.0,0.0,0.0
23292,Packy Naughton,P,0.0,,0.0,28.0,0.0,0.0,0.0,0.0,0.0,0.0
sa977837,Luke Barker,P,0.0,,0.0,21.0,0.0,0.0,0.0,0.0,0.0,0.0
16609,Bryan Abreu,P,0.0,,0.0,22.0,0.0,0.0,0.0,0.0,0.0,0.0
16953,Chadwick Tromp,DH,0.0,,6.0,0.0,0.0,0.0,0.0,0.0,0.0,0.0
17464,Jonathan Hernández,P,0.0,,0.0,38.0,0.0,0.0,0.0,0.0,0.0,0.0
17611,Taylor Clarke,P,0.0,,0.0,44.0,0.0,0.0,0.0,0.0,0.0,0.0
17002,Trevor Hildenberger,P,0.0,,0.0,22.0,0.0,0.0,0.0,0.0,0.0,0.0
16794,Josh James,P,0.0,,0.0,24.0,0.0,0.0,0.0,0.0,0.0,0.0
17793,Trey Wingenter,P,0.0,,0.0,32.0,0.0,0.0,0.0,0.0,0.0,0.0
5702,Junior Guerra,P,0.0,,0.0,38.0,0.0,0.0,0.0,0.0,0.0,0.0
5667,Steven Souza Jr.,DH,0.0,,168.0,0.0,0.0,0.0,-0.7,0.0,0.0,-2.9
17759,Angel Perdomo,P,0.0,,0.0,38.0,0.0,0.0,0.0,0.0,0.0,0.0
16929,Touki Toussaint,P,0.0,,0.0,58.0,0.0,0.0,0.0,0.0,0.0,0.0
17755,Drew Smith,P,0.0,,0.0,60.0,0.0,0.0,0.0,0.0,0.0,0.0
16943,Sean Newcomb,P,0.0,,0.0,40.0,0.0,0.0,0.0,0.0,0.0,0.0
5498,Arodys Vizcaíno,P,0.0,,0.0,14.0,0.0,0.0,0.0,0.0,0.0,0.0
4026,Héctor Santiago,P,0.0,,0.0,22.0,0.0,0.0,0.0,0.0,0.0,0.0
17736,Richie Martin,"SS,DH",0.0,,35.0,0.0,0.0,0.0,-0.3,0.0,0.0,-6.0
17734,Evan Phillips,P,0.0,,0.0,40.0,0.0,0.0,0.0,0.0,0.0,0.0
17732,Nabil Crismatt,P,0.0,,0.0,26.0,0.0,0.0,0.0,0.0,0.0,0.0
4185,Rafael Dolis,P,0.0,,0.0,60.0,0.0,0.0,0.0,0.0,0.0,0.0
4243,Jose Lobaton,DH,0.0,,64.0,0.0,0.0,0.0,-0.5,0.0,0.0,-5.5
4301,Justin Wilson,P,0.0,,0.0,58.0,0.0,0.0,0.0,0.0,0.0,0.0
6785,Andrew Miller,P,0.0,,0.0,56.0,0.0,0.0,0.0,0.0,0.0,0.0
sa917689,Joel Peguero,P,0.0,,0.0,10.0,0.0,0.0,0.0,0.0,0.0,0.0
sa3007778,Ryan Weiss,P,0.0,,0.0,30.0,0.0,0.0,0.0,0.0,0.0,0.0
sa3004197,Dylan File,P,0.0,,0.0,15.0,0.0,0.0,0.0,0.0,0.0,0.0
15594,Nick Wittgren,P,0.0,,0.0,57.0,0.0,0.0,0.0,0.0,0.0,0.0
sa3004024,Graham Spraker,P,0.0,,0.0,25.0,0.0,0.0,0.0,0.0,0.0,0.0
sa3004093,Collin Snider,P,0.0,,0.0,28.0,0.0,0.0,0.0,0.0,0.0,0.0
15694,Chance Sisco,"C,DH",0.0,,77.0,0.0,0.0,0.0,-0.3,0.0,0.0,-2.7
14691,Harold Castro,"2B,3B,SS,DH",0.0,,189.0,0.0,0.0,0.0,-1.1,0.0,0.0,-4.1
sa3003988,John Parke,P,0.0,,0.0,9.0,0.0,0.0,0.0,0.0,0.0,0.0
1581,Sean Doolittle,P,0.0,,0.0,54.0,0.0,0.0,0.0,0.0,0.0,0.0
15823,Zack Littell,P,0.0,,0.0,56.0,0.0,0.0,0.0,0.0,0.0,0.0
13707,Joey Krehbiel,P,0.0,,0.0,48.0,0.0,0.0,0.0,0.0,0.0,0.0
14672,Dillon Maples,P,0.0,,0.0,38.0,0.0,0.0,0.0,0.0,0.0,0.0
14874,Sam Moll,P,0.0,,0.0,56.0,0.0,0.0,0.0,0.0,0.0,0.0
7555,Nick Vincent,P,0.0,,0.0,25.0,0.0,0.0,0.0,0.0,0.0,0.0
15043,Lou Trivino,P,0.0,,0.0,65.0,0.0,0.0,0.0,0.0,0.0,0.0
sa3004098,Phoenix Sanders,P,0.0,,0.0,12.0,0.0,0.0,0.0,0.0,0.0,0.0
14320,Wilmer Difo,"2B,3B,DH",0.0,,133.0,0.0,0.0,0.0,-0.8,0.0,0.0,-4.2
sa3002790,Gerardo Carrillo,P,0.0,,0.0,17.0,0.0,0.0,0.0,0.0,0.0,0.0
13549,Richard Rodríguez,P,0.0,,0.0,65.0,0.0,0.0,0.0,0.0,0.0,0.0
9794,Rex Brothers,P,0.0,,0.0,18.0,0.0,0.0,0.0,0.0,0.0,0.0
12680,Ryne Harper,P,0.0,,0.0,40.0,0.0,0.0,0.0,0.0,0.0,0.0
9817,Sergio Romo,P,0.0,,0.0,64.0,0.0,0.0,0.0,0.0,0.0,0.0
sa3004013,Calvin Faucher,P,0.0,,0.0,11.0,0.0,0.0,0.0,0.0,0.0,0.0
sa3004211,Blake Weiman,P,0.0,,0.0,26.0,0.0,0.0,0.0,0.0,0.0,0.0
20237,Tyler Ivey,P,0.0,,0.0,8.0,0.0,0.0,0.0,0.0,0.0,0.0
sa3005362,Ray Kerr,P,0.0,,0.0,20.0,0.0,0.0,0.0,0.0,0.0,0.0
sa856262,Patrick Ruotolo,P,0.0,,0.0,30.0,0.0,0.0,0.0,0.0,0.0,0.0
sa857232,Brett Sullivan,DH,0.0,,6.0,0.0,0.0,0.0,0.0,0.0,0.0,0.0
sa857840,Kyle Holder,DH,0.0,,14.0,0.0,0.0,0.0,-0.1,0.0,0.0,-5.0
10953,Phil Gosselin,"1B,3B,OF,DH",0.0,,252.0,0.0,0.0,0.0,-1.5,0.0,0.0,-4.2
sa3006164,Freddy Pacheco,P,0.0,,0.0,25.0,0.0,0.0,0.0,0.0,0.0,0.0
10855,Chasen Shreve,P,0.0,,0.0,42.0,0.0,0.0,0.0,0.0,0.0,0.0
sa872856,Anderson Espinoza,P,0.0,,0.0,10.0,0.0,0.0,0.0,0.0,0.0,0.0
sa873274,Parker Dunshee,P,0.0,,0.0,10.0,0.0,0.0,0.0,0.0,0.0,0.0
sa873347,Jhoan Duran,P,0.0,,0.0,28.0,0.0,0.0,0.0,0.0,0.0,0.0
sa873437,Elvin Rodriguez,P,0.0,,0.0,14.0,0.0,0.0,0.0,0.0,0.0,0.0
sa873657,Cam Vieaux,P,0.0,,0.0,10.0,0.0,0.0,0.0,0.0,0.0,0.0
sa874174,Zach Jackson,P,0.0,,0.0,4.0,0.0,0.0,0.0,0.0,0.0,0.0
sa874215,Thomas Burrows,P,0.0,,0.0,6.0,0.0,0.0,0.0,0.0,0.0,0.0
sa874818,Wandisson Charles,P,0.0,,0.0,18.0,0.0,0.0,0.0,0.0,0.0,0.0
10843,Adam Kolarek,P,0.0,,0.0,38.0,0.0,0.0,0.0,0.0,0.0,0.0
sa875233,Gray Fenter,P,0.0,,0.0,4.0,0.0,0.0,0.0,0.0,0.0,0.0
sa875576,Alexis Diaz,P,0.0,,0.0,28.0,0.0,0.0,0.0,0.0,0.0,0.0
sa876102,Collin Theroux,DH,0.0,,19.0,0.0,0.0,0.0,-0.2,0.0,0.0,-7.4
sa872839,Diego Castillo,DH,0.0,,28.0,0.0,0.0,0.0,-0.1,0.0,0.0,-2.5
15046,Trevor Gott,P,0.0,,0.0,54.0,0.0,0.0,0.0,0.0,0.0,0.0
15104,Jonathan Davis,"OF,DH",0.0,,28.0,0.0,0.0,0.0,-0.2,0.0,0.0,-5.0
sa830303,Micker Adolfo,DH,0.0,,49.0,0.0,0.0,0.0,-0.2,0.0,0.0,-2.9
13696,Robert Gsellman,P,0.0,,0.0,40.0,0.0,0.0,0.0,0.0,0.0,0.0
13607,Carl Edwards Jr.,P,0.0,,0.0,15.0,0.0,0.0,0.0,0.0,0.0,0.0
16350,Ryan Borucki,P,0.0,,0.0,46.0,0.0,0.0,0.0,0.0,0.0,0.0
sa3005129,Nelson Velazquez,DH,0.0,,70.0,0.0,0.0,0.0,-0.3,0.0,0.0,-3.0
14542,Carlos Estévez,P,0.0,,0.0,63.0,0.0,0.0,0.0,0.0,0.0,0.0
sa3004617,Buddy Kennedy,DH,0.0,,14.0,0.0,0.0,0.0,0.0,0.0,0.0,0.0
16209,Jake Reed,P,0.0,,0.0,47.0,0.0,0.0,0.0,0.0,0.0,0.0
sa3004676,Rio Gomez,P,0.0,,0.0,8.0,0.0,0.0,0.0,0.0,0.0,0.0
16164,Daniel Gossett,P,0.0,,0.0,8.0,0.0,0.0,0.0,0.0,0.0,0.0
sa3004457,Jake Walsh,P,0.0,,0.0,18.0,0.0,0.0,0.0,0.0,0.0,0.0
sa3004584,Drew Strotman,P,0.0,,0.0,17.0,0.0,0.0,0.0,0.0,0.0,0.0
15139,Ashton Goudeau,P,0.0,,0.0,30.0,0.0,0.0,0.0,0.0,0.0,0.0
15915,Víctor Arano,P,0.0,,0.0,12.0,0.0,0.0,0.0,0.0,0.0,0.0
9112,Khris Davis,DH,0.0,,231.0,0.0,0.0,0.0,-0.8,0.0,0.0,-2.4
16201,Justin Anderson,P,0.0,,0.0,36.0,0.0,0.0,0.0,0.0,0.0,0.0
sa3004589,Jared Solomon,P,0.0,,0.0,4.0,0.0,0.0,0.0,0.0,0.0,0.0
14665,Jandel Gustave,P,0.0,,0.0,48.0,0.0,0.0,0.0,0.0,0.0,0.0
sa3004615,Jeter Downs,DH,0.0,,14.0,0.0,0.0,0.0,-0.1,0.0,0.0,-5.0
16159,Jace Fry,P,0.0,,0.0,41.0,0.0,0.0,0.0,0.0,0.0,0.0
7196,Greg Holland,P,0.0,,0.0,52.0,0.0,0.0,0.0,0.0,0.0,0.0
16110,Daniel Ponce de Leon,P,0.0,,0.0,18.0,0.0,0.0,0.0,0.0,0.0,0.0
sa3005016,Marcel Rentería,P,0.0,,0.0,4.0,0.0,0.0,0.0,0.0,0.0,0.0
sa3004996,Mark Kolozsvary,DH,0.0,,51.0,0.0,0.0,0.0,-0.4,0.0,0.0,-5.5
sa3004885,Mason Martin,DH,0.0,,280.0,0.0,0.0,0.0,-1.4,0.0,0.0,-3.5
16318,Ricardo Pinto,P,0.0,,0.0,4.0,0.0,0.0,0.0,0.0,0.0,0.0
15145,Justin Topa,P,0.0,,0.0,27.0,0.0,0.0,0.0,0.0,0.0,0.0
14137,Tim Lopes,DH,0.0,,7.0,0.0,0.0,0.0,0.0,0.0,0.0,0.0
15264,Keynan Middleton,P,0.0,,0.0,22.0,0.0,0.0,0.0,0.0,0.0,0.0
15507,Hunter Harvey,P,0.0,,0.0,48.0,0.0,0.0,0.0,0.0,0.0,0.0
13911,Scott Oberg,P,0.0,,0.0,16.0,0.0,0.0,0.0,0.0,0.0,0.0
14814,Buck Farmer,P,0.0,,0.0,30.0,0.0,0.0,0.0,0.0,0.0,0.0
sa1115829,Kyle Stowers,DH,0.0,,7.0,0.0,0.0,0.0,0.0,0.0,0.0,0.0
7836,Hunter Strickland,P,0.0,,0.0,58.0,0.0,0.0,0.0,0.0,0.0,0.0
13699,Jake Faria,P,0.0,,0.0,18.0,0.0,0.0,0.0,0.0,0.0,0.0
15849,Kent Emanuel,P,0.0,,0.0,38.0,0.0,0.0,0.0,0.0,0.0,0.0
14942,Andrew Knapp,"C,DH",0.0,,160.0,0.0,0.0,0.0,-0.8,0.0,0.0,-3.5
14477,Jake Cave,"OF,DH",0.0,,49.0,0.0,0.0,0.0,-0.2,0.0,0.0,-2.9
15855,Wander Suero,P,0.0,,0.0,41.0,0.0,0.0,0.0,0.0,0.0,0.0
sa3004693,Heliot Ramos,DH,0.0,,231.0,0.0,0.0,0.0,-1.2,0.0,0.0,-3.6
sa3004720,Mark Vientos,DH,0.0,,14.0,0.0,0.0,0.0,-0.1,0.0,0.0,-5.0
16265,Sam Howard,P,0.0,,0.0,58.0,0.0,0.0,0.0,0.0,0.0,0.0
16279,Sam Clay,P,0.0,,0.0,35.0,0.0,0.0,0.0,0.0,0.0,0.0
sa3004770,Garrett Schilling,P,0.0,,0.0,9.0,0.0,0.0,0.0,0.0,0.0,0.0
16300,Jesus Tinoco,P,0.0,,0.0,6.0,0.0,0.0,0.0,0.0,0.0,0.0
sa856254,Ryan Mason,P,0.0,,0.0,32.0,0.0,0.0,0.0,0.0,0.0,0.0
14145,Daniel Robertson,DH,0.0,,21.0,0.0,0.0,0.0,-0.1,0.0,0.0,-3.3
11270,Aaron Altherr,DH,0.0,,224.0,0.0,0.0,0.0,0.0,0.0,0.0,0.0
sa3006804,Cole Uvila,P,0.0,,0.0,6.0,0.0,0.0,0.0,0.0,0.0,0.0
sa737020,Luis Liberato,DH,0.0,,35.0,0.0,0.0,0.0,-0.2,0.0,0.0,-4.0
12777,John Brebbia,P,0.0,,0.0,44.0,0.0,0.0,0.0,0.0,0.0,0.0
sa738442,Logan Shore,P,0.0,,0.0,17.0,0.0,0.0,0.0,0.0,0.0,0.0
sa3008386,Logan Gillaspie,P,0.0,,0.0,12.0,0.0,0.0,0.0,0.0,0.0,0.0
sa3008340,Devin Sweet,P,0.0,,0.0,8.0,0.0,0.0,0.0,0.0,0.0,0.0
sa3006675,Brendan Donovan,DH,0.0,,14.0,0.0,0.0,0.0,-0.1,0.0,0.0,-5.0
sa3006775,Penn Murfee,P,0.0,,0.0,4.0,0.0,0.0,0.0,0.0,0.0,0.0
sa3006795,Steven Wilson,P,0.0,,0.0,14.0,0.0,0.0,0.0,0.0,0.0,0.0
sa3006801,Matt Frisbee,P,0.0,,0.0,9.0,0.0,0.0,0.0,0.0,0.0,0.0
13528,Matt Bowman,P,0.0,,0.0,14.0,0.0,0.0,0.0,0.0,0.0,0.0
sa3007959,Durbin Feltman,P,0.0,,0.0,26.0,0.0,0.0,0.0,0.0,0.0,0.0
13397,Sam Selman,P,0.0,,0.0,35.0,0.0,0.0,0.0,0.0,0.0,0.0
13360,Cam Bedrosian,P,0.0,,0.0,35.0,0.0,0.0,0.0,0.0,0.0,0.0
sa3006966,Brooks Wilson,P,0.0,,0.0,12.0,0.0,0.0,0.0,0.0,0.0,0.0
13346,Hoby Milner,P,0.0,,0.0,30.0,0.0,0.0,0.0,0.0,0.0,0.0
sa3007069,Greg Cullen,DH,0.0,,28.0,0.0,0.0,0.0,-0.1,0.0,0.0,-2.5
sa3007235,Robert Broom,P,0.0,,0.0,22.0,0.0,0.0,0.0,0.0,0.0,0.0
sa3007303,Fabian Pena,DH,0.0,,19.0,0.0,0.0,0.0,-0.2,0.0,0.0,-7.4
sa3007580,Allan Winans,P,0.0,,0.0,8.0,0.0,0.0,0.0,0.0,0.0,0.0
sa3007715,James McArthur,P,0.0,,0.0,8.0,0.0,0.0,0.0,0.0,0.0,0.0
11428,Brandon Workman,P,0.0,,0.0,40.0,0.0,0.0,0.0,0.0,0.0,0.0
sa3014838,Pedro Leon,DH,0.0,,7.0,0.0,0.0,0.0,0.0,0.0,0.0,0.0
sa3014793,Eric Orze,P,0.0,,0.0,12.0,0.0,0.0,0.0,0.0,0.0,0.0
11490,Aaron Sanchez,P,0.0,,0.0,72.0,0.0,0.0,0.0,0.0,0.0,0.0
12385,Nick Tropeano,P,0.0,,0.0,18.0,0.0,0.0,0.0,0.0,0.0,0.0
11338,Adrián Sanchez,DH,0.0,,7.0,0.0,0.0,0.0,0.0,0.0,0.0,0.0
sa3010299,Nic Enright,P,0.0,,0.0,30.0,0.0,0.0,0.0,0.0,0.0,0.0
sa3010303,Nick Mikolajchak,P,0.0,,0.0,42.0,0.0,0.0,0.0,0.0,0.0,0.0
12198,Jake Hager,DH,0.0,,21.0,0.0,0.0,0.0,-0.1,0.0,0.0,-3.3
sa3010631,Jacques Pucheu,P,0.0,,0.0,12.0,0.0,0.0,0.0,0.0,0.0,0.0
12179,Maikel Franco,"3B,DH",0.0,,133.0,0.0,0.0,0.0,-0.8,0.0,0.0,-4.2
sa3010789,Cayne Ueckert,P,0.0,,0.0,6.0,0.0,0.0,0.0,0.0,0.0,0.0
sa3011216,Cole Gordon,P,0.0,,0.0,10.0,0.0,0.0,0.0,0.0,0.0,0.0
sa3011244,Ryan Pepiot,P,0.0,,0.0,8.0,0.0,0.0,0.0,0.0,0.0,0.0
sa3011248,Nick Robertson,P,0.0,,0.0,4.0,0.0,0.0,0.0,0.0,0.0,0.0
11964,Taylor Cole,P,0.0,,0.0,14.0,0.0,0.0,0.0,0.0,0.0,0.0
11903,Michael Feliz,P,0.0,,0.0,38.0,0.0,0.0,0.0,0.0,0.0,0.0
11812,Alberto Baldonado,P,0.0,,0.0,13.0,0.0,0.0,0.0,0.0,0.0,0.0
sa3011585,Mitchell Stumpo,P,0.0,,0.0,18.0,0.0,0.0,0.0,0.0,0.0,0.0
sa3011642,JJ Bleday,DH,0.0,,42.0,0.0,0.0,0.0,-0.2,0.0,0.0,-3.3
11753,Kyle Ryan,P,0.0,,0.0,8.0,0.0,0.0,0.0,0.0,0.0,0.0
sa3011688,Yennier Cano,P,0.0,,0.0,34.0,0.0,0.0,0.0,0.0,0.0,0.0
11632,Heath Hembree,P,0.0,,0.0,58.0,0.0,0.0,0.0,0.0,0.0,0.0
sa3007872,Hunter Feduccia,DH,0.0,,13.0,0.0,0.0,0.0,-0.1,0.0,0.0,-5.4
12323,Jacob Barnes,P,0.0,,0.0,34.0,0.0,0.0,0.0,0.0,0.0,0.0
13182,Kyle Crick,P,0.0,,0.0,16.0,0.0,0.0,0.0,0.0,0.0,0.0
10341,Juan Minaya,P,0.0,,0.0,41.0,0.0,0.0,0.0,0.0,0.0,0.0
10197,Shelby Miller,P,0.0,,0.0,20.0,0.0,0.0,0.0,0.0,0.0,0.0
10133,Brad Boxberger,P,0.0,,0.0,65.0,0.0,0.0,0.0,0.0,0.0,0.0
sa918318,Miles Mastrobuoni,DH,0.0,,7.0,0.0,0.0,0.0,0.0,0.0,0.0,0.0
sa918353,Scott Engler,P,0.0,,0.0,10.0,0.0,0.0,0.0,0.0,0.0,0.0
sa918377,Brian Howard,P,0.0,,0.0,15.0,0.0,0.0,0.0,0.0,0.0,0.0
10066,Ian Krol,P,0.0,,0.0,34.0,0.0,0.0,0.0,0.0,0.0,0.0
sa918451,Bowden Francis,P,0.0,,0.0,17.0,0.0,0.0,0.0,0.0,0.0,0.0
sa918458,Matt Swarmer,P,0.0,,0.0,8.0,0.0,0.0,0.0,0.0,0.0,0.0
sa918459,Joe Navilhon,P,0.0,,0.0,28.0,0.0,0.0,0.0,0.0,0.0,0.0
sa918814,Nathan Webb,P,0.0,,0.0,4.0,0.0,0.0,0.0,0.0,0.0,0.0
sa921876,Angel De Jesus,P,0.0,,0.0,32.0,0.0,0.0,0.0,0.0,0.0,0.0
10767,Lane Adams,DH,0.0,,21.0,0.0,0.0,0.0,0.0,0.0,0.0,0.0
sa877364,Daniel Duarte,P,0.0,,0.0,24.0,0.0,0.0,0.0,0.0,0.0,0.0
sa876284,Daniel Tillo,P,0.0,,0.0,8.0,0.0,0.0,0.0,0.0,0.0,0.0
sa829086,Yoan Aybar,P,0.0,,0.0,10.0,0.0,0.0,0.0,0.0,0.0,0.0
sa829375,Josh Ockimey,DH,0.0,,56.0,0.0,0.0,0.0,-0.2,0.0,0.0,-2.5
sa829470,Argenis Angulo,P,0.0,,0.0,10.0,0.0,0.0,0.0,0.0,0.0,0.0
sa829787,Andrew Bechtold,DH,0.0,,14.0,0.0,0.0,0.0,-0.1,0.0,0.0,-5.0
13110,Yoenis Céspedes,DH,0.0,,224.0,0.0,0.0,0.0,0.0,0.0,0.0,0.0
sa917985,Jace Vines,P,0.0,,0.0,33.0,0.0,0.0,0.0,0.0,0.0,0.0
10816,Jedd Gyorko,DH,0.0,,35.0,0.0,0.0,0.0,0.0,0.0,0.0,0.0
sa917932,Blake Rutherford,DH,0.0,,14.0,0.0,0.0,0.0,-0.1,0.0,0.0,-5.0
sa738902,Scott Moss,P,0.0,,0.0,8.0,0.0,0.0,0.0,0.0,0.0,0.0
12918,Archie Bradley,P,0.0,,0.0,61.0,0.0,0.0,0.0,0.0,0.0,0.0
sa917930,Forrest Whitley,P,0.0,,0.0,16.0,0.0,0.0,0.0,0.0,0.0,0.0
sa3008097,Jake Bird,P,0.0,,0.0,12.0,0.0,0.0,0.0,0.0,0.0,0.0
12905,Logan Verrett,P,0.0,,0.0,6.0,0.0,0.0,0.0,0.0,0.0,0.0
sa3008227,Michael Byrne,P,0.0,,0.0,8.0,0.0,0.0,0.0,0.0,0.0,0.0
sa3008310,J.P. France,P,0.0,,0.0,8.0,0.0,0.0,0.0,0.0,0.0,0.0
sa3008371,Konnor Pilkington,P,0.0,,0.0,26.0,0.0,0.0,0.0,0.0,0.0,0.0
sa738459,Cody Thomas,DH,0.0,,119.0,0.0,0.0,0.0,-0.7,0.0,0.0,-4.1
sa738683,Buddy Reed,DH,0.0,,28.0,0.0,0.0,0.0,-0.2,0.0,0.0,-5.0
12890,Alex Claudio,P,0.0,,0.0,28.0,0.0,0.0,0.0,0.0,0.0,0.0
10756,Shane Greene,P,0.0,,0.0,42.0,0.0,0.0,0.0,0.0,0.0,0.0
sa914200,Lucius Fox,DH,0.0,,63.0,0.0,0.0,0.0,-0.3,0.0,0.0,-3.3
sa914242,Omar Estévez,DH,0.0,,35.0,0.0,0.0,0.0,-0.3,0.0,0.0,-6.0
sa915688,Tyler Johnson,P,0.0,,0.0,4.0,0.0,0.0,0.0,0.0,0.0,0.0
sa915809,Zach Muckenhirn,P,0.0,,0.0,0.0,0.0,0.0,0.0,0.0,0.0,0.0
10642,Carlos Pérez,DH,0.0,,19.0,0.0,0.0,0.0,-0.1,0.0,0.0,-3.7
sa917927,Will Benson,DH,0.0,,35.0,0.0,0.0,0.0,-0.2,0.0,0.0,-4.0
sa913181,Bennett Sousa,P,0.0,,0.0,10.0,0.0,0.0,0.0,0.0,0.0,0.0
10430,Mychal Givens,P,0.0,,0.0,66.0,0.0,0.0,0.0,0.0,0.0,0.0
19266,Taylor Widener,P,-0.1,,0.0,46.0,0.0,-0.1,0.0,0.0,-0.4,0.0
18384,Scott Effross,P,-0.1,,0.0,62.0,0.0,-0.1,0.0,0.0,-0.3,0.0
sa3004813,Logan Warmoth,DH,-0.1,,35.0,0.0,-0.1,0.0,-0.3,-2.0,0.0,-6.0
18297,Tyler Kinley,P,-0.1,,0.0,58.0,0.0,-0.1,0.0,0.0,-0.3,0.0
18138,Ryan Helsley,P,-0.1,,0.0,60.0,0.0,-0.1,0.0,0.0,-0.3,0.0
19231,Caleb Baragar,P,-0.1,,0.0,36.0,0.0,-0.1,0.0,0.0,-0.6,0.0
17932,Andrew Stevenson,"OF,DH",-0.1,,287.0,0.0,-0.1,0.0,-1.4,-0.2,0.0,-3.4
sa3004216,Hunter Stratton,P,-0.1,,0.0,48.0,0.0,-0.1,0.0,0.0,-0.4,0.0
9939,Brandon Kintzler,P,-0.1,,0.0,42.0,0.0,-0.1,0.0,0.0,-0.5,0.0
3237,T.J. McFarland,P,-0.1,,0.0,55.0,0.0,-0.1,0.0,0.0,-0.4,0.0
13744,David Dahl,"OF,DH",-0.1,,126.0,0.0,-0.1,0.0,-0.6,-0.6,0.0,-3.3
22248,Paul Campbell,P,-0.1,,0.0,44.0,0.0,-0.1,0.0,0.0,-0.5,0.0
18674,Jake Woodford,P,-0.1,,0.0,58.0,0.0,-0.1,0.0,0.0,-0.3,0.0
3353,Matt Joyce,DH,-0.1,,154.0,0.0,-0.1,0.0,-1.0,-0.5,0.0,-4.5
18699,Nick Neidert,P,-0.1,,0.0,41.0,0.0,-0.1,0.0,0.0,-0.5,0.0
18548,Sam Hentges,P,-0.1,,0.0,56.0,0.0,-0.1,0.0,0.0,-0.4,0.0
25376,Nick Mears,P,-0.1,,0.0,56.0,0.0,-0.1,0.0,0.0,-0.4,0.0
4020,Yusmeiro Petit,P,-0.1,,0.0,75.0,0.0,-0.1,0.0,0.0,-0.3,0.0
sa3003109,Miguel Romero,P,-0.1,,0.0,32.0,0.0,-0.1,0.0,0.0,-0.6,0.0
19784,Justin Garza,P,-0.1,,0.0,16.0,0.0,-0.1,0.0,0.0,-1.2,0.0
9388,Josh Tomlin,P,-0.1,,0.0,45.0,0.0,-0.1,0.0,0.0,-0.4,0.0
14677,Duane Underwood Jr.,P,-0.1,,0.0,60.0,0.0,-0.1,0.0,0.0,-0.3,0.0
sa828669,Grant Holmes,P,-0.1,,0.0,44.0,0.0,-0.1,0.0,0.0,-0.5,0.0
17485,Albert Abreu,P,-0.1,,0.0,42.0,0.0,-0.1,0.0,0.0,-0.5,0.0
sa737480,Felix Bautista,P,-0.1,,0.0,38.0,0.0,-0.1,0.0,0.0,-0.5,0.0
17556,Jimmy Herget,P,-0.1,,0.0,54.0,0.0,-0.1,0.0,0.0,-0.4,0.0
19818,Josh Palacios,"OF,DH",-0.1,,98.0,0.0,-0.1,0.0,-0.7,-0.7,0.0,-5.0
1177,Albert Pujols,"1B,DH",-0.1,,224.0,0.0,-0.1,0.0,-1.2,-0.3,0.0,-3.8
14329,Anthony Alford,"OF,DH",-0.1,,427.0,0.0,-0.1,0.0,-1.9,-0.2,0.0,-3.1
17639,Justin Lawrence,P,-0.1,,0.0,42.0,0.0,-0.1,0.0,0.0,-0.5,0.0
17878,Dennis Santana,P,-0.1,,0.0,48.0,0.0,-0.1,0.0,0.0,-0.4,0.0
1246,Matt Bush,P,-0.1,,0.0,32.0,0.0,-0.1,0.0,0.0,-0.6,0.0
sa915654,Donovan Casey,DH,-0.1,,42.0,0.0,-0.1,0.0,-0.3,-1.7,0.0,-5.0
19531,Jason Foley,P,-0.1,,0.0,38.0,0.0,-0.1,0.0,0.0,-0.5,0.0
sa918293,Darick Hall,DH,-0.1,,49.0,0.0,-0.1,0.0,-0.3,-1.4,0.0,-4.3
15068,Yency Almonte,P,-0.1,,0.0,40.0,0.0,-0.1,0.0,0.0,-0.5,0.0
20631,Jordan Holloway,P,-0.1,,0.0,38.0,0.0,-0.1,0.0,0.0,-0.5,0.0
19931,Luke Williams,"OF,DH",-0.1,,231.0,0.0,-0.1,0.0,-1.7,-0.3,0.0,-5.2
12237,Dan Winkler,P,-0.1,,0.0,48.0,0.0,-0.1,0.0,0.0,-0.4,0.0
20218,Yennsy Díaz,P,-0.1,,0.0,33.0,0.0,-0.1,0.0,0.0,-0.6,0.0
6895,Chase Anderson,P,-0.1,,0.0,90.0,0.0,-0.1,0.0,0.0,-0.2,0.0
8350,AJ Ramos,P,-0.1,,0.0,48.0,0.0,-0.1,0.0,0.0,-0.4,0.0
8259,Kurt Suzuki,"C,DH",-0.1,,141.0,0.0,-0.1,0.0,-0.8,-0.5,0.0,-4.0
15047,Austin Voth,P,-0.1,,0.0,63.0,0.0,-0.1,0.0,0.0,-0.3,0.0
20491,J.B. Bukauskas,P,-0.1,,0.0,52.0,0.0,-0.1,0.0,0.0,-0.4,0.0
8090,Matt Carpenter,"2B,DH",-0.1,,273.0,0.0,-0.1,0.0,-1.2,-0.3,0.0,-3.1
sa917376,Símon Muzziotti,DH,-0.1,,21.0,0.0,-0.1,0.0,-0.1,-3.3,0.0,-3.3
6483,Steve Cishek,P,-0.1,,0.0,71.0,0.0,-0.1,0.0,0.0,-0.3,0.0
sa912848,Yusniel Diaz,DH,-0.1,,49.0,0.0,-0.1,0.0,-0.4,-1.4,0.0,-5.7
sa920272,Alexander Vizcaíno,P,-0.1,,0.0,24.0,0.0,-0.1,0.0,0.0,-0.8,0.0
20430,Rony García,P,-0.1,,0.0,35.0,0.0,-0.1,0.0,0.0,-0.6,0.0
5640,Tyler Clippard,P,-0.1,,0.0,60.0,0.0,-0.1,0.0,0.0,-0.3,0.0
10199,Billy Hamilton,"OF,DH",-0.1,,140.0,0.0,-0.1,0.0,-1.0,-0.5,0.0,-5.0
14706,Anthony Banda,P,-0.1,,0.0,62.0,0.0,-0.1,0.0,0.0,-0.3,0.0
12180,Jorge Alfaro,"C,OF,DH",-0.1,,444.0,0.0,-0.1,0.0,-2.2,-0.2,0.0,-3.5
21087,Demarcus Evans,P,-0.1,,0.0,40.0,0.0,-0.1,0.0,0.0,-0.5,0.0
18510,Josh Rogers,P,-0.1,,0.0,66.0,0.0,-0.1,0.0,0.0,-0.3,0.0
3200,Ervin Santana,P,-0.1,,0.0,40.0,0.0,-0.1,0.0,0.0,-0.5,0.0
20078,Evan White,"1B,DH",-0.1,,238.0,0.0,-0.1,0.0,-1.3,-0.3,0.0,-3.8
sa838671,Anderson Severino,P,-0.1,,0.0,24.0,0.0,-0.1,0.0,0.0,-0.8,0.0
sa917946,Joey Wentz,P,-0.1,,0.0,47.0,0.0,-0.1,0.0,0.0,-0.4,0.0
10314,Erasmo Ramírez,P,-0.1,,0.0,32.0,0.0,-0.1,0.0,0.0,-0.6,0.0
15605,Phillips Valdez,P,-0.1,,0.0,44.0,0.0,-0.1,0.0,0.0,-0.5,0.0
6310,Alcides Escobar,"2B,SS,DH",-0.1,,511.0,0.0,-0.1,0.0,-3.1,-0.1,0.0,-4.2
20617,J.C. Mejía,P,-0.2,,0.0,55.0,0.0,-0.2,0.0,0.0,-0.7,0.0
4866,Jarrod Dyson,"OF,DH",-0.2,,217.0,0.0,-0.2,0.0,-1.8,-0.6,0.0,-5.8
8110,Bryan Shaw,P,-0.2,,0.0,72.0,0.0,-0.2,0.0,0.0,-0.6,0.0
19457,Bryan Garcia,P,-0.2,,0.0,42.0,0.0,-0.2,0.0,0.0,-1.0,0.0
19456,Kyle Funkhouser,P,-0.2,,0.0,64.0,0.0,-0.2,0.0,0.0,-0.6,0.0
22296,Joe Barlow,P,-0.2,,0.0,66.0,0.0,-0.2,0.0,0.0,-0.6,0.0
19968,Jared Oliva,DH,-0.2,,126.0,0.0,-0.2,0.0,-0.8,-1.1,0.0,-4.4
14352,Lewis Brinson,"OF,DH",-0.2,,224.0,0.0,-0.2,0.0,-1.4,-0.6,0.0,-4.4
2608,Jhoulys Chacín,P,-0.2,,0.0,62.0,0.0,-0.2,0.0,0.0,-0.6,0.0
4062,Dexter Fowler,DH,-0.2,,441.0,0.0,-0.2,0.0,-1.9,-0.3,0.0,-3.0
1744,Miguel Cabrera,"1B,DH",-0.2,,525.0,0.0,-0.2,0.0,-2.6,-0.3,0.0,-3.5
6885,Ian Desmond,DH,-0.2,,266.0,0.0,-0.2,0.0,-1.3,-0.5,0.0,-3.4
21290,Lucas Gilbreath,P,-0.2,,0.0,54.0,0.0,-0.2,0.0,0.0,-0.7,0.0
18721,Guillermo Heredia,"OF,DH",-0.2,,266.0,0.0,-0.2,0.0,-1.4,-0.5,0.0,-3.7
17682,Ralph Garza Jr.,P,-0.2,,0.0,54.0,0.0,-0.2,0.0,0.0,-0.7,0.0
14875,Caleb Smith,P,-0.2,,0.0,65.0,0.0,-0.2,0.0,0.0,-0.6,0.0
17975,Scott Kingery,DH,-0.2,,168.0,0.0,-0.2,0.0,-1.0,-0.8,0.0,-4.2
3411,Drew Butera,"C,DH",-0.3,,83.0,0.0,-0.3,0.0,-0.9,-2.5,0.0,-7.6
12178,Domingo Tapia,P,-0.3,,0.0,67.0,0.0,-0.3,0.0,0.0,-0.9,0.0
22165,Ryan Vilade,DH,-0.4,,252.0,0.0,-0.4,0.0,-1.6,-1.1,0.0,-4.4
14681,Andres Machado,P,-0.4,,0.0,60.0,0.0,-0.4,0.0,0.0,-1.3,0.0
9460,Dan Straily,P,-0.4,,0.0,100.0,0.0,-0.4,0.0,0.0,-0.8,0.0
5097,Anthony Gose,P,-0.7,,0.0,58.0,0.0,-0.7,0.0,0.0,-2.4,0.0
