15640,Aaron Judge,OF,696,11.5,11.6,7.1,Graham
15640,Aaron Judge,OF,696,11.5,11.6,7.1,Graham
11493,Manny Machado,3B,644,7.4,8.0,2.9,Graham
11493,Manny Machado,3B,644,7.4,8.0,2.9,Graham
9777,Nolan Arenado,3B,620,7.3,8.2,1.8,Nick
9777,Nolan Arenado,3B,620,7.3,8.2,1.8,Nick
9218,Paul Goldschmidt,1B,651,7.1,7.6,4.8,Benji
9218,Paul Goldschmidt,1B,651,7.1,7.6,4.8,Benji
5361,Freddie Freeman,1B,708,7.1,7.0,4.0,Graham
5361,Freddie Freeman,1B,708,7.1,7.0,4.0,Graham
12916,Francisco Lindor,SS,706,6.8,6.7,1.1,Jesse
12916,Francisco Lindor,SS,706,6.8,6.7,1.1,Jesse
13611,Mookie Betts,OF,639,6.6,7.2,2.6,Reuben
13611,Mookie Betts,OF,639,6.6,7.2,2.6,Reuben
5417,Jose Altuve,2B,604,6.6,7.6,2.5,Jesse
5417,Jose Altuve,2B,604,6.6,7.6,2.5,Jesse
11739,J.T. Realmuto,C,562,6.5,8.1,1.7,Nick
11739,J.T. Realmuto,C,562,6.5,8.1,1.7,Nick
19556,Yordan Alvarez,OF,561,6.5,8.1,3.8,Sid
19556,Yordan Alvarez,OF,561,6.5,8.1,3.8,Sid
18314,Dansby Swanson,SS,696,6.3,6.3,0.1,Sid
18314,Dansby Swanson,SS,696,6.3,6.3,0.1,Sid
16252,Trea Turner,2B,708,6.3,6.2,1.8,Nick
16252,Trea Turner,SS,708,6.3,6.2,1.8,Nick
16252,Trea Turner,2B,708,6.3,6.2,1.8,Nick
16252,Trea Turner,SS,708,6.3,6.2,1.8,Nick
13510,Jose Ramirez,3B,685,6.2,6.3,2.5,Reuben
13510,Jose Ramirez,3B,685,6.2,6.3,2.5,Reuben
19950,Andres Gimenez,2B,557,6.1,7.7,1.8,Alden
19950,Andres Gimenez,SS,557,6.1,7.7,1.8,Alden
19950,Andres Gimenez,2B,557,6.1,7.7,1.8,Alden
19950,Andres Gimenez,SS,557,6.1,7.7,1.8,Alden
12161,Xander Bogaerts,SS,631,6.1,6.8,1.8,Jesse
12161,Xander Bogaerts,SS,631,6.1,6.8,1.8,Jesse
10155,Mike Trout,OF,499,6.0,8.4,3.0,Graham
10155,Mike Trout,OF,499,6.0,8.4,3.0,Graham
15362,Jeff McNeil,2B,589,5.9,7.0,1.9,Reuben
15362,Jeff McNeil,OF,589,5.9,7.0,1.9,Reuben
15362,Jeff McNeil,2B,589,5.9,7.0,1.9,Reuben
15362,Jeff McNeil,OF,589,5.9,7.0,1.9,Reuben
19470,Tommy Edman,2B,630,5.6,6.2,0.7,Sid
19470,Tommy Edman,OF,630,5.6,6.2,0.7,Sid
19470,Tommy Edman,2B,630,5.6,6.2,0.7,Sid
19470,Tommy Edman,OF,630,5.6,6.2,0.7,Sid
18360,Austin Riley,3B,693,5.5,5.6,1.3,Benji
18360,Austin Riley,3B,693,5.5,5.6,1.3,Benji
17678,Alex Bregman,3B,656,5.5,5.9,0.4,Sid
17678,Alex Bregman,3B,656,5.5,5.9,0.4,Sid
23697,Julio Rodriguez,DH,560,5.4,6.8,2.4,
12927,Brandon Nimmo,OF,673,5.4,5.6,1.0,Graham
12927,Brandon Nimmo,OF,673,5.4,5.6,1.0,Graham
26288,Adley Rutschman,DH,470,5.3,7.9,1.6,
19352,Sean Murphy,C,612,5.1,5.8,-0.3,Graham
19352,Sean Murphy,C,612,5.1,5.8,-0.3,Graham
17350,Rafael Devers,3B,614,4.9,5.6,1.0,Alden
17350,Rafael Devers,3B,614,4.9,5.6,1.0,Alden
18345,Kyle Tucker,OF,609,4.9,5.6,1.3,Nick
18345,Kyle Tucker,OF,609,4.9,5.6,1.3,Nick
25931,Michael Harris II,DH,441,4.8,7.6,1.9,
15986,Willy Adames,SS,617,4.7,5.3,-0.4,Benji
15986,Willy Adames,SS,617,4.7,5.3,-0.4,Benji
19918,Daulton Varsho,C,592,4.6,5.4,-0.4,Benji
19918,Daulton Varsho,OF,592,4.6,5.4,-0.4,Benji
19918,Daulton Varsho,C,592,4.6,5.4,-0.4,Benji
19918,Daulton Varsho,OF,592,4.6,5.4,-0.4,Benji
13624,Corey Seager,SS,663,4.5,4.8,0.1,Reuben
13624,Corey Seager,SS,663,4.5,4.8,0.1,Reuben
24610,Steven Kwan,DH,638,4.5,4.9,1.1,
19612,Bo Bichette,SS,697,4.5,4.5,-0.0,Benji
19612,Bo Bichette,SS,697,4.5,4.5,-0.0,Benji
14162,Carlos Correa,SS,590,4.4,5.2,-0.0,Alden
14162,Carlos Correa,SS,590,4.4,5.2,-0.0,Alden
12856,George Springer,OF,583,4.2,5.0,1.6,Graham
12856,George Springer,OF,583,4.2,5.0,1.6,Graham
18036,Jake Cronenworth,1B,684,4.2,4.3,0.4,Reuben
18036,Jake Cronenworth,2B,684,4.2,4.3,0.4,Reuben
18036,Jake Cronenworth,SS,684,4.2,4.3,0.4,Reuben
18036,Jake Cronenworth,1B,684,4.2,4.3,0.4,Reuben
18036,Jake Cronenworth,2B,684,4.2,4.3,0.4,Reuben
18036,Jake Cronenworth,SS,684,4.2,4.3,0.4,Reuben
21534,Cal Raleigh,C,415,4.2,7.1,-0.3,
21534,Cal Raleigh,C,415,4.2,7.1,-0.3,
12533,Marcus Semien,2B,724,4.2,4.1,0.1,Graham
12533,Marcus Semien,SS,724,4.2,4.1,0.1,Graham
12533,Marcus Semien,2B,724,4.2,4.1,0.1,Graham
12533,Marcus Semien,SS,724,4.2,4.1,0.1,Graham
16505,Matt Chapman,3B,621,4.1,4.6,0.3,Jesse
16505,Matt Chapman,3B,621,4.1,4.6,0.3,Jesse
12552,Eugenio Suarez,3B,629,4.1,4.6,0.1,Nick
12552,Eugenio Suarez,SS,629,4.1,4.6,0.1,Nick
12552,Eugenio Suarez,3B,629,4.1,4.6,0.1,Nick
12552,Eugenio Suarez,SS,629,4.1,4.6,0.1,Nick
13419,Christian Walker,1B,667,4.1,4.3,-0.0,
13419,Christian Walker,1B,667,4.1,4.3,-0.0,
19251,Pete Alonso,1B,685,4.0,4.1,1.2,Jesse
19251,Pete Alonso,1B,685,4.0,4.1,1.2,Jesse
14161,Byron Buxton,OF,382,4.0,7.3,1.4,Jesse
14161,Byron Buxton,OF,382,4.0,7.3,1.4,Jesse
21479,Nico Hoerner,2B,517,4.0,5.4,-0.5,Jesse
21479,Nico Hoerner,SS,517,4.0,5.4,-0.5,Jesse
21479,Nico Hoerner,2B,517,4.0,5.4,-0.5,Jesse
21479,Nico Hoerner,SS,517,4.0,5.4,-0.5,Jesse
19197,Will Smith,C,578,3.9,4.7,-0.3,Jesse
19197,Will Smith,C,578,3.9,4.7,-0.3,Jesse
7739,Travis d'Arnaud,C,426,3.9,6.4,-0.8,Nick
7739,Travis d'Arnaud,C,426,3.9,6.4,-0.8,Nick
15676,Jose Abreu,1B,679,3.9,4.0,0.8,Nick
15676,Jose Abreu,1B,679,3.9,4.0,0.8,Nick
17548,Taylor Ward,OF,564,3.8,4.7,1.1,
17548,Taylor Ward,OF,564,3.8,4.7,1.1,
19755,Shohei Ohtani,P,666,3.8,4.0,1.5,Benji
19755,Shohei Ohtani,P,666,3.8,4.0,1.5,Benji
22581,Alejandro Kirk,C,541,3.8,4.9,-1.0,Sid
22581,Alejandro Kirk,C,541,3.8,4.9,-1.0,Sid
19287,Adolis Garcia,OF,657,3.8,4.0,0.4,Nick
19287,Adolis Garcia,OF,657,3.8,4.0,0.4,Nick
16578,Yandy Diaz,1B,558,3.8,4.8,0.5,Sid
16578,Yandy Diaz,3B,558,3.8,4.8,0.5,Sid
16578,Yandy Diaz,1B,558,3.8,4.8,0.5,Sid
16578,Yandy Diaz,3B,558,3.8,4.8,0.5,Sid
16725,Jose Trevino,C,353,3.7,7.3,-1.5,
16725,Jose Trevino,C,353,3.7,7.3,-1.5,
27506,Ha-seong Kim,2B,582,3.7,4.5,-0.7,Jesse
27506,Ha-seong Kim,3B,582,3.7,4.5,-0.7,Jesse
27506,Ha-seong Kim,SS,582,3.7,4.5,-0.7,Jesse
27506,Ha-seong Kim,2B,582,3.7,4.5,-0.7,Jesse
27506,Ha-seong Kim,3B,582,3.7,4.5,-0.7,Jesse
27506,Ha-seong Kim,SS,582,3.7,4.5,-0.7,Jesse
20123,Juan Soto,OF,664,3.6,3.8,1.3,Alden
20123,Juan Soto,OF,664,3.6,3.8,1.3,Alden
8709,Elvis Andrus,SS,577,3.5,4.2,0.1,
8709,Elvis Andrus,SS,577,3.5,4.2,0.1,
17919,Ian Happ,OF,641,3.5,3.8,-0.0,Jesse
17919,Ian Happ,OF,641,3.5,3.8,-0.0,Jesse
21636,Jeremy Pena,DH,558,3.4,4.3,-0.5,
17929,Cedric Mullins II,OF,672,3.3,3.4,-0.6,Graham
17929,Cedric Mullins II,OF,672,3.3,3.4,-0.6,Graham
11609,Willson Contreras,C,487,3.3,4.7,0.0,Graham
11609,Willson Contreras,C,487,3.3,4.7,0.0,Graham
18568,Luis Arraez,2B,603,3.2,3.7,0.6,Benji
18568,Luis Arraez,3B,603,3.2,3.7,0.6,Benji
18568,Luis Arraez,OF,603,3.2,3.7,0.6,Benji
18568,Luis Arraez,2B,603,3.2,3.7,0.6,Benji
18568,Luis Arraez,3B,603,3.2,3.7,0.6,Benji
18568,Luis Arraez,OF,603,3.2,3.7,0.6,Benji
14344,Matt Olson,1B,699,3.1,3.1,-0.3,Sid
14344,Matt Olson,1B,699,3.1,3.1,-0.3,Sid
15112,Ryan McMahon,2B,597,3.1,3.6,-1.4,Alden
15112,Ryan McMahon,3B,597,3.1,3.6,-1.4,Alden
15112,Ryan McMahon,2B,597,3.1,3.6,-1.4,Alden
15112,Ryan McMahon,3B,597,3.1,3.6,-1.4,Alden
18577,Ke'Bryan Hayes,3B,560,3.0,3.8,-2.0,Jesse
18577,Ke'Bryan Hayes,3B,560,3.0,3.8,-2.0,Jesse
19566,Nathaniel Lowe,1B,645,3.0,3.3,0.7,Reuben
19566,Nathaniel Lowe,1B,645,3.0,3.3,0.7,Reuben
9241,Starling Marte,OF,505,3.0,4.2,0.8,Nick
9241,Starling Marte,OF,505,3.0,4.2,0.8,Nick
19955,Gavin Lux,2B,471,3.0,4.5,0.2,Reuben
19955,Gavin Lux,OF,471,3.0,4.5,0.2,Reuben
19955,Gavin Lux,SS,471,3.0,4.5,0.2,Reuben
19955,Gavin Lux,2B,471,3.0,4.5,0.2,Reuben
19955,Gavin Lux,OF,471,3.0,4.5,0.2,Reuben
19955,Gavin Lux,SS,471,3.0,4.5,0.2,Reuben
11615,Brandon Drury,DH,568,3.0,3.7,-0.6,
9874,DJ LeMahieu,1B,541,3.0,3.9,-1.2,Sid
9874,DJ LeMahieu,2B,541,3.0,3.9,-1.2,Sid
9874,DJ LeMahieu,3B,541,3.0,3.9,-1.2,Sid
9874,DJ LeMahieu,1B,541,3.0,3.9,-1.2,Sid
9874,DJ LeMahieu,2B,541,3.0,3.9,-1.2,Sid
9874,DJ LeMahieu,3B,541,3.0,3.9,-1.2,Sid
19326,Bryan Reynolds,OF,614,2.9,3.3,-0.1,Alden
19326,Bryan Reynolds,OF,614,2.9,3.3,-0.1,Alden
16930,Jonah Heim,C,450,2.8,4.4,-1.6,Reuben
16930,Jonah Heim,C,450,2.8,4.4,-1.6,Reuben
11445,Mark Canha,OF,542,2.8,3.6,0.2,Sid
11445,Mark Canha,OF,542,2.8,3.6,0.2,Sid
17901,Andrew Benintendi,OF,521,2.8,3.8,0.1,Alden
17901,Andrew Benintendi,OF,521,2.8,3.8,0.1,Alden
17273,Jorge Mateo,2B,533,2.8,3.7,-1.3,
17273,Jorge Mateo,OF,533,2.8,3.7,-1.3,
17273,Jorge Mateo,SS,533,2.8,3.7,-1.3,
17273,Jorge Mateo,2B,533,2.8,3.7,-1.3,
17273,Jorge Mateo,OF,533,2.8,3.7,-1.3,
17273,Jorge Mateo,SS,533,2.8,3.7,-1.3,
19611,Vladimir Guerrero Jr.,1B,706,2.8,2.8,-0.4,Nick
19611,Vladimir Guerrero Jr.,1B,706,2.8,2.8,-0.4,Nick
16426,Thairo Estrada,SS,541,2.7,3.5,-0.5,
16426,Thairo Estrada,SS,541,2.7,3.5,-0.5,
19290,Randy Arozarena,OF,645,2.7,2.9,-0.7,Benji
19290,Randy Arozarena,OF,645,2.7,2.9,-0.7,Benji
24679,Brendan Donovan,DH,468,2.7,4.0,0.0,
16997,Gleyber Torres,2B,572,2.7,3.3,-0.5,Graham
16997,Gleyber Torres,SS,572,2.7,3.3,-0.5,Graham
16997,Gleyber Torres,2B,572,2.7,3.3,-0.5,Graham
16997,Gleyber Torres,SS,572,2.7,3.3,-0.5,Graham
21454,Lars Nootbaar,OF,347,2.7,5.4,0.4,
21454,Lars Nootbaar,OF,347,2.7,5.4,0.4,
19734,Josh Rojas,2B,510,2.7,3.7,0.5,
19734,Josh Rojas,OF,510,2.7,3.7,0.5,
19734,Josh Rojas,SS,510,2.7,3.7,0.5,
19734,Josh Rojas,2B,510,2.7,3.7,0.5,
19734,Josh Rojas,OF,510,2.7,3.7,0.5,
19734,Josh Rojas,SS,510,2.7,3.7,0.5,
16478,Kyle Schwarber,OF,669,2.7,2.8,0.4,Alden
16478,Kyle Schwarber,OF,669,2.7,2.8,0.4,Alden
18795,Ramon Urias,2B,445,2.6,4.1,-0.9,
18795,Ramon Urias,SS,445,2.6,4.1,-0.9,
18795,Ramon Urias,2B,445,2.6,4.1,-0.9,
18795,Ramon Urias,SS,445,2.6,4.1,-0.9,
16535,Danny Jansen,C,248,2.6,7.3,0.7,Jesse
16535,Danny Jansen,C,248,2.6,7.3,0.7,Jesse
20454,Jazz Chisholm Jr.,2B,241,2.6,7.6,1.1,Benji
20454,Jazz Chisholm Jr.,SS,241,2.6,7.6,1.1,Benji
20454,Jazz Chisholm Jr.,2B,241,2.6,7.6,1.1,Benji
20454,Jazz Chisholm Jr.,SS,241,2.6,7.6,1.1,Benji
10815,Jurickson Profar,1B,658,2.6,2.8,-1.2,
10815,Jurickson Profar,OF,658,2.6,2.8,-1.2,
10815,Jurickson Profar,1B,658,2.6,2.8,-1.2,
10815,Jurickson Profar,OF,658,2.6,2.8,-1.2,
9952,Trayce Thompson,DH,255,2.6,7.1,1.3,
15464,Hunter Renfroe,OF,522,2.5,3.4,-0.2,
15464,Hunter Renfroe,OF,522,2.5,3.4,-0.2,
14551,Anthony Santander,OF,647,2.5,2.7,-0.1,
14551,Anthony Santander,OF,647,2.5,2.7,-0.1,
12532,Kolten Wong,2B,497,2.5,3.5,0.4,Alden
12532,Kolten Wong,2B,497,2.5,3.5,0.4,Alden
17982,Ty France,1B,613,2.5,2.9,-0.3,Alden
17982,Ty France,2B,613,2.5,2.9,-0.3,Alden
17982,Ty France,1B,613,2.5,2.9,-0.3,Alden
17982,Ty France,2B,613,2.5,2.9,-0.3,Alden
20503,William Contreras,C,376,2.4,4.5,0.2,
20503,William Contreras,C,376,2.4,4.5,0.2,
20126,Dylan Carlson,OF,488,2.4,3.4,-0.4,Sid
20126,Dylan Carlson,OF,488,2.4,3.4,-0.4,Sid
13066,Teoscar Hernandez,OF,535,2.4,3.1,-0.1,Nick
13066,Teoscar Hernandez,OF,535,2.4,3.1,-0.1,Nick
3473,Anthony Rizzo,1B,548,2.4,3.1,-0.1,Graham
3473,Anthony Rizzo,1B,548,2.4,3.1,-0.1,Graham
20036,Isaac Paredes,DH,381,2.4,4.4,-0.4,
5235,Justin Turner,3B,532,2.4,3.2,-0.5,Alden
5235,Justin Turner,3B,532,2.4,3.2,-0.5,Alden
13301,Max Muncy,1B,565,2.4,3.0,-0.6,Reuben
13301,Max Muncy,2B,565,2.4,3.0,-0.6,Reuben
13301,Max Muncy,1B,565,2.4,3.0,-0.6,Reuben
13301,Max Muncy,2B,565,2.4,3.0,-0.6,Reuben
18564,Trent Grisham,OF,524,2.4,3.2,-1.2,Sid
18564,Trent Grisham,OF,524,2.4,3.2,-1.2,Sid
15518,Amed Rosario,OF,670,2.4,2.5,-1.2,Benji
15518,Amed Rosario,SS,670,2.4,2.5,-1.2,Benji
15518,Amed Rosario,OF,670,2.4,2.5,-1.2,Benji
15518,Amed Rosario,SS,670,2.4,2.5,-1.2,Benji
12564,Trevor Story,SS,396,2.4,4.2,-0.4,Nick
12564,Trevor Story,SS,396,2.4,4.2,-0.4,Nick
10681,Gio Urshela,3B,551,2.4,3.0,-1.4,Graham
10681,Gio Urshela,SS,551,2.4,3.0,-1.4,Graham
10681,Gio Urshela,3B,551,2.4,3.0,-1.4,Graham
10681,Gio Urshela,SS,551,2.4,3.0,-1.4,Graham
11579,Bryce Harper,OF,426,2.4,3.9,0.7,Reuben
11579,Bryce Harper,OF,426,2.4,3.9,0.7,Reuben
21622,Jake McCarthy,OF,354,2.3,4.5,1.3,
21622,Jake McCarthy,OF,354,2.3,4.5,1.3,
12037,Jon Berti,2B,404,2.3,4.0,0.3,
12037,Jon Berti,3B,404,2.3,4.0,0.3,
12037,Jon Berti,2B,404,2.3,4.0,0.3,
12037,Jon Berti,3B,404,2.3,4.0,0.3,
6153,Eduardo Escobar,1B,542,2.3,3.0,-0.4,Benji
6153,Eduardo Escobar,2B,542,2.3,3.0,-0.4,Benji
6153,Eduardo Escobar,3B,542,2.3,3.0,-0.4,Benji
6153,Eduardo Escobar,1B,542,2.3,3.0,-0.4,Benji
6153,Eduardo Escobar,2B,542,2.3,3.0,-0.4,Benji
6153,Eduardo Escobar,3B,542,2.3,3.0,-0.4,Benji
23667,Wander Franco,SS,344,2.3,4.7,0.6,Graham
23667,Wander Franco,SS,344,2.3,4.7,0.6,Graham
25764,Bobby Witt Jr.,DH,632,2.3,2.5,-0.3,
19997,Santiago Espinal,3B,491,2.3,3.3,-1.6,
19997,Santiago Espinal,3B,491,2.3,3.3,-1.6,
16622,Luis Urias,2B,472,2.3,3.4,-0.6,Graham
16622,Luis Urias,3B,472,2.3,3.4,-0.6,Graham
16622,Luis Urias,SS,472,2.3,3.4,-0.6,Graham
16622,Luis Urias,2B,472,2.3,3.4,-0.6,Graham
16622,Luis Urias,3B,472,2.3,3.4,-0.6,Graham
16622,Luis Urias,SS,472,2.3,3.4,-0.6,Graham
8090,Matt Carpenter,2B,154,2.3,10.5,1.5,
8090,Matt Carpenter,2B,154,2.3,10.5,1.5,
11477,Christian Yelich,OF,671,2.3,2.4,-0.1,Jesse
11477,Christian Yelich,OF,671,2.3,2.4,-0.1,Jesse
16472,Rhys Hoskins,1B,672,2.2,2.3,-0.7,Reuben
16472,Rhys Hoskins,1B,672,2.2,2.3,-0.7,Reuben
12325,Jace Peterson,1B,328,2.2,4.7,0.1,
12325,Jace Peterson,2B,328,2.2,4.7,0.1,
12325,Jace Peterson,OF,328,2.2,4.7,0.1,
12325,Jace Peterson,1B,328,2.2,4.7,0.1,
12325,Jace Peterson,2B,328,2.2,4.7,0.1,
12325,Jace Peterson,OF,328,2.2,4.7,0.1,
14854,Mike Yastrzemski,OF,558,2.2,2.8,-1.0,Sid
14854,Mike Yastrzemski,OF,558,2.2,2.8,-1.0,Sid
18042,Dylan Moore,2B,255,2.1,5.8,0.6,
18042,Dylan Moore,OF,255,2.1,5.8,0.6,
18042,Dylan Moore,2B,255,2.1,5.8,0.6,
18042,Dylan Moore,OF,255,2.1,5.8,0.6,
16153,Austin Slater,OF,325,2.1,4.5,0.8,
16153,Austin Slater,OF,325,2.1,4.5,0.8,
13675,Tyrone Taylor,OF,405,2.1,3.6,-0.7,
13675,Tyrone Taylor,OF,405,2.1,3.6,-0.7,
20043,Luis Robert,OF,401,2.1,3.7,0.4,Jesse
20043,Luis Robert,OF,401,2.1,3.7,0.4,Jesse
11899,Joc Pederson,OF,433,2.1,3.4,1.2,Graham
11899,Joc Pederson,OF,433,2.1,3.4,1.2,Graham
18401,Ronald Acuna Jr.,OF,533,2.1,2.8,0.5,Benji
18401,Ronald Acuna Jr.,OF,533,2.1,2.8,0.5,Benji
17620,Myles Straw,OF,596,2.0,2.3,-2.4,Jesse
17620,Myles Straw,OF,596,2.0,2.3,-2.4,Jesse
5343,Brandon Crawford,SS,458,2.0,3.1,-1.5,Reuben
5343,Brandon Crawford,SS,458,2.0,3.1,-1.5,Reuben
30116,Seiya Suzuki,DH,446,2.0,3.1,-0.4,Graham
15172,Tim Anderson,SS,351,2.0,4.0,0.1,Nick
15172,Tim Anderson,SS,351,2.0,4.0,0.1,Nick
15491,J.P. Crawford,SS,603,2.0,2.3,-1.5,Sid
15491,J.P. Crawford,SS,603,2.0,2.3,-1.5,Sid
12144,Max Kepler,OF,446,2.0,3.1,-1.2,Benji
12144,Max Kepler,OF,446,2.0,3.1,-1.2,Benji
19599,Chas McCormick,OF,407,2.0,3.4,-0.6,
19599,Chas McCormick,OF,407,2.0,3.4,-0.6,
12979,Javier Baez,2B,590,2.0,2.4,-1.7,Alden
12979,Javier Baez,SS,590,2.0,2.4,-1.7,Alden
12979,Javier Baez,2B,590,2.0,2.4,-1.7,Alden
12979,Javier Baez,SS,590,2.0,2.4,-1.7,Alden
17452,Jose Siri,OF,325,2.0,4.3,-0.6,
17452,Jose Siri,OF,325,2.0,4.3,-0.6,
13145,Josh Bell,1B,647,2.0,2.2,-1.1,Sid
13145,Josh Bell,1B,647,2.0,2.2,-1.1,Sid
13757,Chris Taylor,2B,454,1.9,2.9,-0.8,Benji
13757,Chris Taylor,OF,454,1.9,2.9,-0.8,Benji
13757,Chris Taylor,SS,454,1.9,2.9,-0.8,Benji
13757,Chris Taylor,2B,454,1.9,2.9,-0.8,Benji
13757,Chris Taylor,OF,454,1.9,2.9,-0.8,Benji
13757,Chris Taylor,SS,454,1.9,2.9,-0.8,Benji
18887,Seby Zavala,C,205,1.9,6.5,-0.4,
18887,Seby Zavala,C,205,1.9,6.5,-0.4,
10028,Christian Bethancourt,DH,333,1.9,4.0,-1.0,
13152,Jorge Polanco,2B,445,1.8,2.8,0.0,Sid
13152,Jorge Polanco,SS,445,1.8,2.8,0.0,Sid
13152,Jorge Polanco,2B,445,1.8,2.8,0.0,Sid
13152,Jorge Polanco,SS,445,1.8,2.8,0.0,Sid
18171,Seth Brown,OF,555,1.8,2.3,0.1,
18171,Seth Brown,OF,555,1.8,2.3,0.1,
1177,Albert Pujols,1B,351,1.8,3.6,-0.1,
1177,Albert Pujols,1B,351,1.8,3.6,-0.1,
22244,Jack Suwinski,DH,372,1.8,3.4,-0.8,
17484,Eloy Jimenez,OF,327,1.7,3.6,0.5,Alden
17484,Eloy Jimenez,OF,327,1.7,3.6,0.5,Alden
5933,Jean Segura,2B,387,1.7,3.1,-1.1,
5933,Jean Segura,2B,387,1.7,3.1,-1.1,
19610,Keibert Ruiz,C,433,1.7,2.7,-1.6,Jesse
19610,Keibert Ruiz,C,433,1.7,2.7,-1.6,Jesse
2136,David Peralta,OF,490,1.7,2.4,-1.0,
2136,David Peralta,OF,490,1.7,2.4,-1.0,
15998,Cody Bellinger,OF,550,1.7,2.2,-1.5,Benji
15998,Cody Bellinger,OF,550,1.7,2.2,-1.5,Benji
17907,Brendan Rodgers,2B,581,1.7,2.0,-2.3,Nick
17907,Brendan Rodgers,SS,581,1.7,2.0,-2.3,Nick
17907,Brendan Rodgers,2B,581,1.7,2.0,-2.3,Nick
17907,Brendan Rodgers,SS,581,1.7,2.0,-2.3,Nick
18839,Josh Naylor,1B,498,1.7,2.4,-1.0,
18839,Josh Naylor,OF,498,1.7,2.4,-1.0,
18839,Josh Naylor,1B,498,1.7,2.4,-1.0,
18839,Josh Naylor,OF,498,1.7,2.4,-1.0,
20970,Oscar Gonzalez,DH,382,1.7,3.1,-0.3,
5517,Kyle Higashioka,C,248,1.7,4.8,-1.1,Reuben
5517,Kyle Higashioka,C,248,1.7,4.8,-1.1,Reuben
15674,Reese McGuire,C,274,1.6,4.1,-1.4,
15674,Reese McGuire,C,274,1.6,4.1,-1.4,
19858,Luis Rengifo,SS,511,1.6,2.2,-0.9,
19858,Luis Rengifo,SS,511,1.6,2.2,-0.9,
9774,Christian Vazquez,C,426,1.6,2.6,-3.1,Nick
9774,Christian Vazquez,C,426,1.6,2.6,-3.1,Nick
5038,Josh Donaldson,3B,546,1.6,2.1,-2.5,Reuben
5038,Josh Donaldson,3B,546,1.6,2.1,-2.5,Reuben
20202,Brandon Marsh,OF,461,1.6,2.4,-1.2,
20202,Brandon Marsh,OF,461,1.6,2.4,-1.2,
21897,Christopher Morel,DH,425,1.6,2.6,-0.3,
18373,Ryan Mountcastle,1B,609,1.6,1.8,-1.0,Nick
18373,Ryan Mountcastle,OF,609,1.6,1.8,-1.0,Nick
18373,Ryan Mountcastle,1B,609,1.6,1.8,-1.0,Nick
18373,Ryan Mountcastle,OF,609,1.6,1.8,-1.0,Nick
17988,Tyler Stephenson,1B,183,1.5,5.7,0.4,Reuben
17988,Tyler Stephenson,C,183,1.5,5.7,0.4,Reuben
17988,Tyler Stephenson,1B,183,1.5,5.7,0.4,Reuben
17988,Tyler Stephenson,C,183,1.5,5.7,0.4,Reuben
19363,Austin Hays,OF,582,1.5,1.8,-1.0,
19363,Austin Hays,OF,582,1.5,1.8,-1.0,
11489,Michael A. Taylor,OF,456,1.5,2.3,-1.6,
11489,Michael A. Taylor,OF,456,1.5,2.3,-1.6,
21707,Oswaldo Cabrera,DH,171,1.5,6.1,-0.1,
16337,Nick Gordon,2B,443,1.5,2.4,-0.7,Benji
16337,Nick Gordon,OF,443,1.5,2.4,-0.7,Benji
16337,Nick Gordon,2B,443,1.5,2.4,-0.7,Benji
16337,Nick Gordon,OF,443,1.5,2.4,-0.7,Benji
18054,Sam Haggerty,OF,201,1.5,5.2,0.2,
18054,Sam Haggerty,OF,201,1.5,5.2,0.2,
11281,Whit Merrifield,2B,550,1.5,1.9,-1.6,Nick
11281,Whit Merrifield,OF,550,1.5,1.9,-1.6,Nick
11281,Whit Merrifield,2B,550,1.5,1.9,-1.6,Nick
11281,Whit Merrifield,OF,550,1.5,1.9,-1.6,Nick
14366,Joey Meneses,DH,240,1.5,4.4,0.4,
14712,Manuel Margot,OF,363,1.5,2.9,-0.2,
14712,Manuel Margot,OF,363,1.5,2.9,-0.2,
27676,Vinnie Pasquantino,DH,298,1.5,3.5,0.1,
21618,Alec Bohm,3B,631,1.5,1.7,-1.9,
21618,Alec Bohm,3B,631,1.5,1.7,-1.9,
14130,Daniel Vogelbach,1B,461,1.5,2.3,-0.3,
14130,Daniel Vogelbach,1B,461,1.5,2.3,-0.3,
18030,Harrison Bader,OF,313,1.5,3.4,-0.4,Sid
18030,Harrison Bader,OF,313,1.5,3.4,-0.4,Sid
14894,Tony Kemp,2B,558,1.5,1.9,-1.1,Reuben
14894,Tony Kemp,OF,558,1.5,1.9,-1.1,Reuben
14894,Tony Kemp,2B,558,1.5,1.9,-1.1,Reuben
14894,Tony Kemp,OF,558,1.5,1.9,-1.1,Reuben
11265,Jonathan Schoop,1B,510,1.5,2.1,-3.8,Benji
11265,Jonathan Schoop,2B,510,1.5,2.1,-3.8,Benji
11265,Jonathan Schoop,1B,510,1.5,2.1,-3.8,Benji
11265,Jonathan Schoop,2B,510,1.5,2.1,-3.8,Benji
5827,Wilmer Flores,1B,602,1.5,1.7,-1.6,
5827,Wilmer Flores,2B,602,1.5,1.7,-1.6,
5827,Wilmer Flores,3B,602,1.5,1.7,-1.6,
5827,Wilmer Flores,1B,602,1.5,1.7,-1.6,
5827,Wilmer Flores,2B,602,1.5,1.7,-1.6,
5827,Wilmer Flores,3B,602,1.5,1.7,-1.6,
5297,Aaron Hicks,OF,453,1.4,2.2,-1.1,Graham
5297,Aaron Hicks,OF,453,1.4,2.2,-1.1,Graham
13613,Ketel Marte,2B,558,1.4,1.8,-1.4,Benji
13613,Ketel Marte,OF,558,1.4,1.8,-1.4,Benji
13613,Ketel Marte,2B,558,1.4,1.8,-1.4,Benji
13613,Ketel Marte,OF,558,1.4,1.8,-1.4,Benji
25878,Corbin Carroll,DH,115,1.4,8.5,0.3,
14813,Kyle Farmer,SS,583,1.4,1.7,-3.0,
14813,Kyle Farmer,SS,583,1.4,1.7,-3.0,
8202,Josh Harrison,2B,425,1.4,2.3,-1.5,
8202,Josh Harrison,3B,425,1.4,2.3,-1.5,
8202,Josh Harrison,OF,425,1.4,2.3,-1.5,
8202,Josh Harrison,2B,425,1.4,2.3,-1.5,
8202,Josh Harrison,3B,425,1.4,2.3,-1.5,
8202,Josh Harrison,OF,425,1.4,2.3,-1.5,
26294,Bryson Stott,DH,466,1.4,2.1,-1.1,
15279,Garrett Cooper,1B,469,1.4,2.1,-0.8,
15279,Garrett Cooper,OF,469,1.4,2.1,-0.8,
15279,Garrett Cooper,1B,469,1.4,2.1,-0.8,
15279,Garrett Cooper,OF,469,1.4,2.1,-0.8,
21538,Nick Fortes,DH,240,1.4,4.1,-0.6,
13324,Ildemaro Vargas,DH,222,1.4,4.4,-0.7,
12158,Austin Barnes,C,212,1.4,4.6,-0.9,
12158,Austin Barnes,C,212,1.4,4.6,-0.9,
16451,Luis Guillorme,2B,335,1.3,2.7,-1.8,
16451,Luis Guillorme,3B,335,1.3,2.7,-1.8,
16451,Luis Guillorme,2B,335,1.3,2.7,-1.8,
16451,Luis Guillorme,3B,335,1.3,2.7,-1.8,
13770,Rob Refsnyder,OF,177,1.3,5.1,0.8,
13770,Rob Refsnyder,OF,177,1.3,5.1,0.8,
19252,Cavan Biggio,3B,303,1.3,3.0,-0.4,Benji
19252,Cavan Biggio,OF,303,1.3,3.0,-0.4,Benji
19252,Cavan Biggio,3B,303,1.3,3.0,-0.4,Benji
19252,Cavan Biggio,OF,303,1.3,3.0,-0.4,Benji
16512,Isiah Kiner-Falefa,SS,531,1.3,1.7,-2.0,Sid
16512,Isiah Kiner-Falefa,SS,531,1.3,1.7,-2.0,Sid
14111,Eric Haase,C,351,1.3,2.6,-0.7,
14111,Eric Haase,OF,351,1.3,2.6,-0.7,
14111,Eric Haase,C,351,1.3,2.6,-0.7,
14111,Eric Haase,OF,351,1.3,2.6,-0.7,
17696,Kevin Newman,2B,309,1.3,2.9,-0.4,
17696,Kevin Newman,SS,309,1.3,2.9,-0.4,
17696,Kevin Newman,2B,309,1.3,2.9,-0.4,
17696,Kevin Newman,SS,309,1.3,2.9,-0.4,
11442,Gary Sanchez,C,471,1.3,1.9,-2.3,Benji
11442,Gary Sanchez,C,471,1.3,1.9,-2.3,Benji
15711,Tyler O'Neill,OF,383,1.3,2.4,-0.6,Alden
15711,Tyler O'Neill,OF,383,1.3,2.4,-0.6,Alden
12546,C.J. Cron,1B,632,1.3,1.4,-1.4,
12546,C.J. Cron,1B,632,1.3,1.4,-1.4,
5452,Ji-Man Choi,1B,419,1.3,2.2,-0.9,Benji
5452,Ji-Man Choi,1B,419,1.3,2.2,-0.9,Benji
9368,Evan Longoria,3B,298,1.3,3.1,-0.7,Graham
9368,Evan Longoria,3B,298,1.3,3.1,-0.7,Graham
13853,Joey Wendle,2B,371,1.3,2.5,-1.5,
13853,Joey Wendle,3B,371,1.3,2.5,-1.5,
13853,Joey Wendle,SS,371,1.3,2.5,-1.5,
13853,Joey Wendle,2B,371,1.3,2.5,-1.5,
13853,Joey Wendle,3B,371,1.3,2.5,-1.5,
13853,Joey Wendle,SS,371,1.3,2.5,-1.5,
19339,Nicky Lopez,SS,480,1.2,1.8,-2.5,Jesse
19339,Nicky Lopez,SS,480,1.2,1.8,-2.5,Jesse
18900,Leody Taveras,OF,341,1.2,2.5,-0.7,
18900,Leody Taveras,OF,341,1.2,2.5,-0.7,
17022,Edmundo Sosa,2B,190,1.2,4.4,-0.4,
17022,Edmundo Sosa,SS,190,1.2,4.4,-0.4,
17022,Edmundo Sosa,2B,190,1.2,4.4,-0.4,
17022,Edmundo Sosa,SS,190,1.2,4.4,-0.4,
21711,Oneil Cruz,DH,361,1.2,2.3,-0.2,Alden
4106,Michael Brantley,OF,277,1.2,3.0,0.0,Graham
4106,Michael Brantley,OF,277,1.2,3.0,0.0,Graham
7802,Miguel Rojas,SS,507,1.2,1.7,-3.7,
7802,Miguel Rojas,SS,507,1.2,1.7,-3.7,
14387,Harold Ramirez,OF,435,1.2,1.9,-0.6,
14387,Harold Ramirez,OF,435,1.2,1.9,-0.6,
14968,Victor Caratini,C,314,1.2,2.7,-2.0,
14968,Victor Caratini,C,314,1.2,2.7,-2.0,
17027,Alex Verdugo,OF,644,1.2,1.3,-1.6,Alden
17027,Alex Verdugo,OF,644,1.2,1.3,-1.6,Alden
4949,Giancarlo Stanton,OF,452,1.2,1.9,-0.9,Nick
4949,Giancarlo Stanton,OF,452,1.2,1.9,-0.9,Nick
13338,Omar Narvaez,C,296,1.1,2.6,-1.8,Alden
13338,Omar Narvaez,C,296,1.1,2.6,-1.8,Alden
16556,Ozzie Albies,2B,269,1.1,2.9,-0.6,Alden
16556,Ozzie Albies,2B,269,1.1,2.9,-0.6,Alden
20538,Jose Miranda,DH,483,1.1,1.6,-1.2,
16939,Lane Thomas,OF,548,1.1,1.4,-1.7,Nick
16939,Lane Thomas,OF,548,1.1,1.4,-1.7,Nick
21501,Trevor Larnach,OF,180,1.1,4.3,-0.3,
21501,Trevor Larnach,OF,180,1.1,4.3,-0.3,
15223,Adam Frazier,2B,602,1.1,1.3,-2.8,Alden
15223,Adam Frazier,2B,602,1.1,1.3,-2.8,Alden
11038,Kevin Kiermaier,OF,221,1.1,3.5,-0.2,Alden
11038,Kevin Kiermaier,OF,221,1.1,3.5,-0.2,Alden
13602,Patrick Wisdom,3B,534,1.1,1.4,-1.0,Jesse
13602,Patrick Wisdom,OF,534,1.1,1.4,-1.0,Jesse
13602,Patrick Wisdom,3B,534,1.1,1.4,-1.0,Jesse
13602,Patrick Wisdom,OF,534,1.1,1.4,-1.0,Jesse
10047,Wil Myers,OF,286,1.0,2.4,-0.4,
10047,Wil Myers,OF,286,1.0,2.4,-0.4,
2396,Carlos Santana,1B,506,1.0,1.4,-1.0,
2396,Carlos Santana,1B,506,1.0,1.4,-1.0,
6184,J.D. Martinez,OF,596,1.0,1.2,-1.7,Nick
6184,J.D. Martinez,OF,596,1.0,1.2,-1.7,Nick
19260,Jake Fraley,OF,247,1.0,2.8,0.3,
19260,Jake Fraley,OF,247,1.0,2.8,0.3,
27555,Garrett Mitchell,DH,68,1.0,10.3,0.6,
19238,Lourdes Gurriel Jr.,OF,493,1.0,1.4,-1.3,Alden
19238,Lourdes Gurriel Jr.,OF,493,1.0,1.4,-1.3,Alden
19890,Emmanuel Rivera,3B,359,1.0,1.9,-1.3,
19890,Emmanuel Rivera,3B,359,1.0,1.9,-1.3,
10231,Jose Iglesias,2B,467,1.0,1.5,-2.6,
10231,Jose Iglesias,SS,467,1.0,1.5,-2.6,
10231,Jose Iglesias,2B,467,1.0,1.5,-2.6,
10231,Jose Iglesias,SS,467,1.0,1.5,-2.6,
13755,Tomas Nido,C,313,0.9,2.0,-3.1,
13755,Tomas Nido,C,313,0.9,2.0,-3.1,
16219,J.D. Davis,3B,365,0.9,1.7,-0.7,
16219,J.D. Davis,3B,365,0.9,1.7,-0.7,
17232,Yoan Moncada,3B,433,0.9,1.5,-2.0,Alden
17232,Yoan Moncada,3B,433,0.9,1.5,-2.0,Alden
24782,David Villar,DH,181,0.9,3.5,-0.0,
19346,Eli White,OF,117,0.9,5.4,0.1,
19346,Eli White,OF,117,0.9,5.4,0.1,
21987,Rodolfo Castro,2B,278,0.9,2.3,-0.6,
21987,Rodolfo Castro,2B,278,0.9,2.3,-0.6,
10950,Adam Duvall,OF,315,0.9,2.0,-0.7,
10950,Adam Duvall,OF,315,0.9,2.0,-0.7,
24618,Ryan Jeffers,C,236,0.9,2.7,-1.2,
24618,Ryan Jeffers,C,236,0.9,2.7,-1.2,
18882,Brandon Lowe,2B,266,0.9,2.4,-0.1,Jesse
18882,Brandon Lowe,2B,266,0.9,2.4,-0.1,Jesse
17128,Ramon Laureano,OF,383,0.9,1.6,-0.5,Jesse
17128,Ramon Laureano,OF,383,0.9,1.6,-0.5,Jesse
19392,Zach McKinstry,2B,185,0.9,3.4,-0.1,
19392,Zach McKinstry,OF,185,0.9,3.4,-0.1,
19392,Zach McKinstry,2B,185,0.9,3.4,-0.1,
19392,Zach McKinstry,OF,185,0.9,3.4,-0.1,
25976,Riley Greene,DH,418,0.9,1.5,-1.2,
19913,Jesus Sanchez,OF,343,0.9,1.8,-1.4,
19913,Jesus Sanchez,OF,343,0.9,1.8,-1.4,
25055,Nate Eaton,DH,122,0.9,5.2,0.3,
19813,Charles Leblanc,DH,169,0.9,3.7,-0.0,
15149,Trey Mancini,1B,587,0.9,1.1,-1.8,Jesse
15149,Trey Mancini,1B,587,0.9,1.1,-1.8,Jesse
14274,Mitch Haniger,OF,247,0.8,2.3,-0.4,Nick
14274,Mitch Haniger,OF,247,0.8,2.3,-0.4,Nick
18889,Danny Mendick,2B,106,0.8,5.3,0.2,
18889,Danny Mendick,SS,106,0.8,5.3,0.2,
18889,Danny Mendick,2B,106,0.8,5.3,0.2,
18889,Danny Mendick,SS,106,0.8,5.3,0.2,
19928,Ryan McKenna,OF,172,0.8,3.3,-0.3,
19928,Ryan McKenna,OF,172,0.8,3.3,-0.3,
15679,Rowdy Tellez,1B,599,0.8,0.9,-2.1,
15679,Rowdy Tellez,1B,599,0.8,0.9,-2.1,
20003,Keston Hiura,1B,266,0.8,2.1,-0.1,
20003,Keston Hiura,1B,266,0.8,2.1,-0.1,
12861,Anthony Rendon,3B,193,0.8,2.9,-0.5,Graham
12861,Anthony Rendon,3B,193,0.8,2.9,-0.5,Graham
21270,Sean Bouchard,DH,97,0.8,5.8,0.4,
26289,Gunnar Henderson,DH,132,0.8,4.2,0.0,
21635,Nick Maton,2B,85,0.8,6.6,0.3,
21635,Nick Maton,SS,85,0.8,6.6,0.3,
21635,Nick Maton,2B,85,0.8,6.6,0.3,
21635,Nick Maton,SS,85,0.8,6.6,0.3,
13355,Luke Maile,DH,206,0.7,2.4,-1.2,
22664,Gabriel Moreno,DH,73,0.7,6.7,-0.1,
26031,Vaughn Grissom,DH,156,0.7,3.1,0.4,
22471,Livan Soto,DH,59,0.7,8.3,0.5,
21614,Kyle Isbel,OF,278,0.7,1.8,-1.9,
21614,Kyle Isbel,OF,278,0.7,1.8,-1.9,
17338,Willi Castro,2B,392,0.7,1.2,-1.3,
17338,Willi Castro,SS,392,0.7,1.2,-1.3,
17338,Willi Castro,2B,392,0.7,1.2,-1.3,
17338,Willi Castro,SS,392,0.7,1.2,-1.3,
19983,Conner Capel,DH,59,0.7,8.3,0.1,
15794,Yonathan Daza,OF,408,0.7,1.2,-1.4,
15794,Yonathan Daza,OF,408,0.7,1.2,-1.4,
18032,Mark Mathias,DH,91,0.7,5.4,0.3,
17992,David Fletcher,2B,228,0.7,2.1,-1.5,Graham
17992,David Fletcher,SS,228,0.7,2.1,-1.5,Graham
17992,David Fletcher,2B,228,0.7,2.1,-1.5,Graham
17992,David Fletcher,SS,228,0.7,2.1,-1.5,Graham
13185,Orlando Arcia,OF,234,0.7,2.1,-0.5,
13185,Orlando Arcia,OF,234,0.7,2.1,-0.5,
17109,Meibrys Viloria,DH,75,0.7,6.5,-0.2,
15482,Aristides Aquino,OF,276,0.7,1.8,-1.6,Benji
15482,Aristides Aquino,OF,276,0.7,1.8,-1.6,Benji
10323,Rafael Ortega,OF,371,0.7,1.3,-1.8,
10323,Rafael Ortega,OF,371,0.7,1.3,-1.8,
19296,Alex Call,DH,131,0.6,3.2,-0.1,
2967,Tommy Pham,OF,622,0.6,0.7,-1.9,
2967,Tommy Pham,OF,622,0.6,0.7,-1.9,
22799,Geraldo Perdomo,DH,500,0.6,0.8,-2.6,
21524,Joey Bart,DH,291,0.6,1.4,-1.4,
24655,Owen Miller,1B,472,0.6,0.9,-1.8,
24655,Owen Miller,2B,472,0.6,0.9,-1.8,
24655,Owen Miller,1B,472,0.6,0.9,-1.8,
24655,Owen Miller,2B,472,0.6,0.9,-1.8,
19683,Mike Brosseau,2B,160,0.6,2.6,0.1,
19683,Mike Brosseau,3B,160,0.6,2.6,0.1,
19683,Mike Brosseau,2B,160,0.6,2.6,0.1,
19683,Mike Brosseau,3B,160,0.6,2.6,0.1,
14128,Joey Gallo,OF,410,0.6,1.0,-1.6,Reuben
14128,Joey Gallo,OF,410,0.6,1.0,-1.6,Reuben
9627,Yan Gomes,C,293,0.6,1.4,-2.1,
9627,Yan Gomes,C,293,0.6,1.4,-2.1,
18067,Garrett Stubbs,DH,121,0.6,3.5,0.4,
15429,Kris Bryant,1B,181,0.6,2.3,-0.0,Nick
15429,Kris Bryant,3B,181,0.6,2.3,-0.0,Nick
15429,Kris Bryant,OF,181,0.6,2.3,-0.0,Nick
15429,Kris Bryant,1B,181,0.6,2.3,-0.0,Nick
15429,Kris Bryant,3B,181,0.6,2.3,-0.0,Nick
15429,Kris Bryant,OF,181,0.6,2.3,-0.0,Nick
15937,Aledmys Diaz,1B,327,0.6,1.3,-1.7,
15937,Aledmys Diaz,3B,327,0.6,1.3,-1.7,
15937,Aledmys Diaz,OF,327,0.6,1.3,-1.7,
15937,Aledmys Diaz,1B,327,0.6,1.3,-1.7,
15937,Aledmys Diaz,3B,327,0.6,1.3,-1.7,
15937,Aledmys Diaz,OF,327,0.6,1.3,-1.7,
13897,Tyler Heineman,DH,174,0.6,2.4,-1.5,
27684,Michael Massey,DH,194,0.6,2.2,-0.4,
20321,Stuart Fairchild,DH,110,0.6,3.8,-0.3,
2900,Roberto Perez,C,69,0.6,6.1,-0.2,Jesse
2900,Roberto Perez,C,69,0.6,6.1,-0.2,Jesse
19600,Bryan De La Cruz,OF,355,0.6,1.2,-1.0,
19600,Bryan De La Cruz,OF,355,0.6,1.2,-1.0,
14221,Jorge Soler,OF,306,0.5,1.1,-1.0,Sid
14221,Jorge Soler,OF,306,0.5,1.1,-1.0,Sid
18821,Jose Azocar,DH,216,0.5,1.6,-1.3,
9256,A.J. Pollock,OF,527,0.5,0.7,-2.1,Graham
9256,A.J. Pollock,OF,527,0.5,0.7,-2.1,Graham
15104,Jonathan Davis,OF,91,0.5,3.8,-0.1,
15104,Jonathan Davis,OF,91,0.5,3.8,-0.1,
25961,Kerry Carpenter,DH,113,0.5,3.1,0.0,
22277,Nick Allen,DH,326,0.5,1.1,-2.2,
19522,T.J. Friedl,DH,258,0.5,1.4,-0.4,
22263,Nolan Gorman,DH,313,0.5,1.1,-0.6,
10472,Enrique Hernandez,2B,402,0.5,0.9,-2.3,Sid
10472,Enrique Hernandez,OF,402,0.5,0.9,-2.3,Sid
10472,Enrique Hernandez,2B,402,0.5,0.9,-2.3,Sid
10472,Enrique Hernandez,OF,402,0.5,0.9,-2.3,Sid
11476,Odubel Herrera,OF,197,0.5,1.8,-0.7,
11476,Odubel Herrera,OF,197,0.5,1.8,-0.7,
6887,Martin Maldonado,C,379,0.5,0.9,-3.0,
6887,Martin Maldonado,C,379,0.5,0.9,-3.0,
19273,Stone Garrett,DH,84,0.5,4.2,0.1,
13499,Tom Murphy,C,42,0.5,8.3,0.1,
13499,Tom Murphy,C,42,0.5,8.3,0.1,
7304,Salvador Perez,C,473,0.5,0.7,-1.4,Benji
7304,Salvador Perez,C,473,0.5,0.7,-1.4,Benji
22209,Sam Huff,DH,132,0.5,2.7,-0.4,
14593,David Bote,2B,127,0.5,2.8,-0.2,
14593,David Bote,3B,127,0.5,2.8,-0.2,
14593,David Bote,2B,127,0.5,2.8,-0.2,
14593,David Bote,3B,127,0.5,2.8,-0.2,
24770,James Outman,DH,16,0.5,21.9,0.4,
23792,Alek Thomas,DH,411,0.5,0.9,-2.0,
8623,Donovan Solano,2B,304,0.5,1.2,-1.2,
8623,Donovan Solano,2B,304,0.5,1.2,-1.2,
12180,Jorge Alfaro,C,274,0.5,1.3,-1.0,
12180,Jorge Alfaro,OF,274,0.5,1.3,-1.0,
12180,Jorge Alfaro,C,274,0.5,1.3,-1.0,
12180,Jorge Alfaro,OF,274,0.5,1.3,-1.0,
19422,Brian Serven,DH,205,0.5,1.7,-1.8,
14477,Jake Cave,OF,177,0.5,2.0,-0.7,
14477,Jake Cave,OF,177,0.5,2.0,-0.7,
11339,Jake Marisnick,OF,82,0.5,4.3,-0.5,
11339,Jake Marisnick,OF,82,0.5,4.3,-0.5,
16686,Jason Vosler,3B,111,0.5,3.2,0.0,
16686,Jason Vosler,3B,111,0.5,3.2,0.0,
20437,Royce Lewis,DH,41,0.5,8.5,0.1,
18289,Brian Anderson,3B,383,0.5,0.9,-1.4,
18289,Brian Anderson,3B,383,0.5,0.9,-1.4,
10556,Cesar Hernandez,2B,617,0.5,0.6,-3.2,
10556,Cesar Hernandez,2B,617,0.5,0.6,-3.2,
10762,Corey Dickerson,OF,297,0.4,0.9,-0.9,
10762,Corey Dickerson,OF,297,0.4,0.9,-0.9,
13620,Carson Kelly,C,354,0.4,0.8,-2.1,Graham
13620,Carson Kelly,C,354,0.4,0.8,-2.1,Graham
12510,Curt Casali,C,176,0.4,1.6,-0.6,
12510,Curt Casali,C,176,0.4,1.6,-0.6,
22823,Oswald Peraza,DH,57,0.4,4.9,0.0,
19717,Darick Hall,DH,142,0.4,2.0,-0.1,
21523,Jonathan India,2B,431,0.4,0.6,-1.5,Alden
21523,Jonathan India,2B,431,0.4,0.6,-1.5,Alden
14950,Johan Camargo,DH,166,0.4,1.7,-0.8,
13590,Jesse Winker,OF,547,0.4,0.5,-1.7,Reuben
13590,Jesse Winker,OF,547,0.4,0.5,-1.7,Reuben
13788,Matt Reynolds,DH,272,0.4,1.0,-1.2,
12282,Rougned Odor,2B,472,0.4,0.6,-2.0,
12282,Rougned Odor,3B,472,0.4,0.6,-2.0,
12282,Rougned Odor,2B,472,0.4,0.6,-2.0,
12282,Rougned Odor,3B,472,0.4,0.6,-2.0,
15271,Austin Wynns,C,177,0.4,1.6,-1.1,
15271,Austin Wynns,C,177,0.4,1.6,-1.1,
20056,Alan Trejo,DH,125,0.4,2.2,-0.4,
19960,Taylor Trammell,OF,117,0.4,2.4,-0.4,
19960,Taylor Trammell,OF,117,0.4,2.4,-0.4,
22261,Bubba Thompson,DH,181,0.4,1.5,-0.2,
12859,James McCann,C,191,0.4,1.5,-1.3,
12859,James McCann,C,191,0.4,1.5,-1.3,
14109,Albert Almora Jr.,OF,235,0.4,1.2,-2.0,
14109,Albert Almora Jr.,OF,235,0.4,1.2,-2.0,
20505,Drew Waters,DH,109,0.4,2.6,-0.0,
12147,Nick Ahmed,SS,54,0.4,5.2,-0.2,
12147,Nick Ahmed,SS,54,0.4,5.2,-0.2,
19698,Edward Olivares,OF,174,0.4,1.6,-0.1,
19698,Edward Olivares,OF,174,0.4,1.6,-0.1,
25660,Will Brennan,DH,45,0.3,4.7,0.2,
22514,Triston Casas,DH,95,0.3,2.2,-0.2,
19931,Luke Williams,OF,136,0.3,1.5,-0.6,
19931,Luke Williams,OF,136,0.3,1.5,-0.6,
20308,Jake Meyers,OF,160,0.3,1.3,-0.9,
20308,Jake Meyers,OF,160,0.3,1.3,-0.9,
18363,Victor Robles,OF,407,0.3,0.5,-2.2,
18363,Victor Robles,OF,407,0.3,0.5,-2.2,
13359,Tyler Naquin,OF,334,0.3,0.6,-0.7,
13359,Tyler Naquin,OF,334,0.3,0.6,-0.7,
15161,Mitch Garver,C,215,0.3,1.0,-0.4,Alden
15161,Mitch Garver,C,215,0.3,1.0,-0.4,Alden
21293,Dalton Guthrie,DH,28,0.3,7.5,0.3,
9847,Andrew McCutchen,OF,580,0.3,0.4,-2.4,Nick
9847,Andrew McCutchen,OF,580,0.3,0.4,-2.4,Nick
14196,Andrew Velazquez,SS,349,0.3,0.6,-1.9,
14196,Andrew Velazquez,SS,349,0.3,0.6,-1.9,
3516,Eric Hosmer,1B,419,0.3,0.5,-1.9,
3516,Eric Hosmer,1B,419,0.3,0.5,-1.9,
13546,Roman Quinn,OF,87,0.3,2.4,-0.4,
13546,Roman Quinn,OF,87,0.3,2.4,-0.4,
19953,Josh Lowe,DH,198,0.3,1.1,-0.5,
20332,Luis Gonzalez,DH,350,0.3,0.6,-0.9,
22275,Jake Burger,DH,183,0.3,1.1,-0.4,
23818,Ji-Hwan Bae,DH,37,0.2,3.8,0.3,
18126,LaMonte Wade Jr.,1B,251,0.2,0.6,-0.7,
18126,LaMonte Wade Jr.,OF,251,0.2,0.6,-0.7,
18126,LaMonte Wade Jr.,1B,251,0.2,0.6,-0.7,
18126,LaMonte Wade Jr.,OF,251,0.2,0.6,-0.7,
19615,Luis Barrera,DH,85,0.2,1.6,-0.5,
19727,Joe Dunand,DH,11,0.2,12.7,0.1,
16623,Greg Allen,OF,134,0.2,1.0,-0.5,
16623,Greg Allen,OF,134,0.2,1.0,-0.5,
25867,Ryan Kreidler,DH,84,0.2,1.7,-0.7,
19780,Esteban Quiroz,DH,47,0.2,3.0,-0.1,
16434,Christian Arroyo,2B,300,0.2,0.5,-1.3,
16434,Christian Arroyo,2B,300,0.2,0.5,-1.3,
16953,Chadwick Tromp,DH,4,0.2,35.0,0.2,
19806,Jason Delay,DH,167,0.2,0.8,-1.7,
16530,Mauricio Dubon,OF,265,0.2,0.5,-2.1,
16530,Mauricio Dubon,SS,265,0.2,0.5,-2.1,
16530,Mauricio Dubon,OF,265,0.2,0.5,-2.1,
16530,Mauricio Dubon,SS,265,0.2,0.5,-2.1,
20543,Elehuris Montero,DH,185,0.2,0.8,-0.9,
16403,Francisco Mejia,C,299,0.2,0.5,-1.7,Alden
16403,Francisco Mejia,C,299,0.2,0.5,-1.7,Alden
26151,Kyle Stowers,DH,98,0.2,1.4,-0.4,
14811,Luke Voit,1B,568,0.2,0.2,-2.5,Jesse
14811,Luke Voit,1B,568,0.2,0.2,-2.5,Jesse
20926,Dermis Garcia,DH,125,0.2,1.1,-0.5,
20521,Nick Madrigal,2B,228,0.2,0.6,-1.4,Benji
20521,Nick Madrigal,2B,228,0.2,0.6,-1.4,Benji
17723,Skye Bolt,OF,116,0.2,1.2,-0.4,
17723,Skye Bolt,OF,116,0.2,1.2,-0.4,
25111,David Hensley,DH,34,0.2,4.1,0.0,
15941,Austin Nola,C,397,0.2,0.4,-1.7,Graham
15941,Austin Nola,C,397,0.2,0.4,-1.7,Graham
14350,Raimel Tapia,OF,433,0.2,0.3,-1.2,
14350,Raimel Tapia,OF,433,0.2,0.3,-1.2,
16424,Jordan Luplow,1B,234,0.2,0.6,-1.1,
16424,Jordan Luplow,OF,234,0.2,0.6,-1.1,
16424,Jordan Luplow,1B,234,0.2,0.6,-1.1,
16424,Jordan Luplow,OF,234,0.2,0.6,-1.1,
16947,Derek Hill,OF,92,0.2,1.5,-0.5,
16947,Derek Hill,OF,92,0.2,1.5,-0.5,
14553,Nomar Mazara,OF,171,0.2,0.8,-0.5,
14553,Nomar Mazara,OF,171,0.2,0.8,-0.5,
17216,Monte Harrison,DH,14,0.2,10.0,0.1,
20529,Nolan Jones,DH,94,0.2,1.5,-0.5,
18433,P.J. Higgins,DH,229,0.2,0.6,-0.9,
19608,Otto Lopez,DH,10,0.1,7.0,0.2,
18063,Kyle Garlick,OF,162,0.1,0.4,-0.1,
18063,Kyle Garlick,OF,162,0.1,0.4,-0.1,
19552,Jaylin Davis,DH,27,0.1,2.6,0.0,
7007,Yadier Molina,C,270,0.1,0.3,-3.1,
7007,Yadier Molina,C,270,0.1,0.3,-3.1,
14735,Brett Phillips,OF,225,0.1,0.3,-1.4,
14735,Brett Phillips,OF,225,0.1,0.3,-1.4,
25816,Shea Langeliers,DH,153,0.1,0.5,-0.5,
19644,Ben DeLuzio,DH,25,0.1,2.8,-0.2,
7859,Charlie Blackmon,OF,577,0.1,0.1,-1.9,
7859,Charlie Blackmon,OF,577,0.1,0.1,-1.9,
19901,Gavin Sheets,OF,410,0.1,0.2,-1.6,
19901,Gavin Sheets,OF,410,0.1,0.2,-1.6,
19892,Pavin Smith,1B,277,0.1,0.3,-1.0,
19892,Pavin Smith,OF,277,0.1,0.3,-1.0,
19892,Pavin Smith,1B,277,0.1,0.3,-1.0,
19892,Pavin Smith,OF,277,0.1,0.3,-1.0,
14773,Yu Chang,1B,190,0.1,0.4,-1.3,
14773,Yu Chang,3B,190,0.1,0.4,-1.3,
14773,Yu Chang,1B,190,0.1,0.4,-1.3,
14773,Yu Chang,3B,190,0.1,0.4,-1.3,
15697,Gosuke Katoh,DH,11,0.1,6.4,0.0,
18316,Edwin Rios,DH,92,0.1,0.8,-0.2,
20404,Jared Young,DH,22,0.1,3.2,0.0,
18015,Paul DeJong,SS,237,0.1,0.3,-2.0,Benji
18015,Paul DeJong,SS,237,0.1,0.3,-2.0,Benji
19896,Connor Wong,DH,56,0.1,1.3,-0.2,
23733,Ezequiel Duran,DH,220,0.1,0.3,-1.0,
18288,Austin Dean,DH,9,0.1,7.8,0.0,
14523,Pedro Severino,C,21,0.1,3.3,-0.1,
14523,Pedro Severino,C,21,0.1,3.3,-0.1,
11472,Dixon Machado,DH,17,0.1,4.1,-0.1,
19294,Nick Solak,2B,95,0.1,0.7,-0.2,
19294,Nick Solak,2B,95,0.1,0.7,-0.2,
23359,Nelson Velazquez,DH,206,0.1,0.3,-0.8,
26466,Matt Wallner,DH,65,0.1,1.1,-0.1,
24273,Liover Peguero,DH,4,0.1,17.5,0.0,
9433,Dustin Garneau,C,11,0.1,6.4,0.0,
9433,Dustin Garneau,C,11,0.1,6.4,0.0,
14352,Lewis Brinson,OF,39,0.1,1.8,-0.1,
14352,Lewis Brinson,OF,39,0.1,1.8,-0.1,
19779,Dairon Blanco,DH,7,0.1,10.0,-0.0,
22715,Maikel Garcia,DH,23,0.1,3.0,-0.1,
17736,Richie Martin,SS,33,0.0,0.0,-0.4,
17736,Richie Martin,SS,33,0.0,0.0,-0.4,
17734,Evan Phillips,DH,1,0.0,0.0,0.0,
10655,Rob Brantly,DH,3,0.0,0.0,0.0,
12198,Jake Hager,DH,59,0.0,0.0,-0.1,
5497,Marwin Gonzalez,1B,207,0.0,0.0,-1.6,
5497,Marwin Gonzalez,2B,207,0.0,0.0,-1.6,
5497,Marwin Gonzalez,1B,207,0.0,0.0,-1.6,
5497,Marwin Gonzalez,2B,207,0.0,0.0,-1.6,
26396,Josh Smith,DH,253,0.0,0.0,-1.5,
16909,Colin Moran,1B,128,0.0,0.0,-0.7,
16909,Colin Moran,1B,128,0.0,0.0,-0.7,
13658,Terrance Gore,DH,8,0.0,0.0,0.0,
26121,Francisco Alvarez,DH,14,0.0,0.0,-0.0,
19964,Eguy Rosario,DH,6,0.0,0.0,-0.0,
20391,Luis Garcia,2B,377,0.0,0.0,-1.8,
20391,Luis Garcia,2B,377,0.0,0.0,-1.8,
12981,Cam Gallagher,C,47,0.0,0.0,-0.3,
12981,Cam Gallagher,C,47,0.0,0.0,-0.3,
13769,Adalberto Mondesi,3B,54,0.0,0.0,-0.6,Nick
13769,Adalberto Mondesi,3B,54,0.0,0.0,-0.6,Nick
18353,Daz Cameron,OF,70,0.0,0.0,-0.1,
18353,Daz Cameron,OF,70,0.0,0.0,-0.1,
16680,Brian O'Keefe,DH,4,0.0,0.0,0.0,
20263,Mario Feliciano,DH,5,0.0,0.0,-0.0,
10059,Max Stassi,C,375,0.0,0.0,-3.0,Reuben
10059,Max Stassi,C,375,0.0,0.0,-3.0,Reuben
21558,Matt Vierling,DH,357,0.0,0.0,-1.6,
16417,Sergio Alcantara,2B,224,0.0,0.0,-1.4,
16417,Sergio Alcantara,SS,224,0.0,0.0,-1.4,
16417,Sergio Alcantara,2B,224,0.0,0.0,-1.4,
16417,Sergio Alcantara,SS,224,0.0,0.0,-1.4,
21304,Mark Kolozsvary,DH,21,0.0,0.0,-0.1,
19859,Rene Pinto,DH,83,0.0,0.0,-0.7,
24400,Terrin Vavra,DH,103,0.0,0.0,-0.6,
25040,Vinny Capra,DH,7,0.0,0.0,-0.0,
10264,Brandon Belt,1B,298,0.0,0.0,-1.1,Graham
10264,Brandon Belt,1B,298,0.0,0.0,-1.1,Graham
12160,Ben Gamel,OF,423,0.0,0.0,-0.9,
12160,Ben Gamel,OF,423,0.0,0.0,-0.9,
17062,Grayson Greiner,C,8,0.0,0.0,-0.0,
17062,Grayson Greiner,C,8,0.0,0.0,-0.0,
19952,Khalil Lee,DH,2,0.0,0.0,0.1,
22505,Buddy Kennedy,DH,94,0.0,0.0,-0.5,
21562,Romy Gonzalez,DH,109,0.0,0.0,-0.8,
17642,JT Riddle,DH,4,0.0,0.0,-0.0,
17910,Marcus Wilson,DH,6,0.0,0.0,-0.0,
18400,Juan Yepez,DH,274,0.0,0.0,-0.7,
12294,Cory Spangenberg,DH,0,0.0,0.0,0.0,
17975,Scott Kingery,DH,0,0.0,0.0,0.0,
1157,Tommy Hunter,DH,0,0.0,0.0,0.0,
1246,Matt Bush,DH,0,0.0,0.0,0.0,
1247,Adam Ottavino,DH,0,0.0,0.0,0.0,
1514,Oliver Perez,DH,0,0.0,0.0,0.0,
1581,Sean Doolittle,DH,0,0.0,0.0,0.0,
1890,Matt Moore,DH,0,0.0,0.0,0.0,
1943,Zack Greinke,P,0,0.0,0.0,0.0,Benji
1943,Zack Greinke,P,0,0.0,0.0,0.0,Benji
2036,Clayton Kershaw,P,0,0.0,0.0,0.0,Reuben
2036,Clayton Kershaw,P,0,0.0,0.0,0.0,Reuben
2233,Adam Wainwright,P,0,0.0,0.0,0.0,Nick
2233,Adam Wainwright,P,0,0.0,0.0,0.0,Nick
2429,Corey Kluber,DH,0,0.0,0.0,0.0,Nick
2520,Lance Lynn,P,0,0.0,0.0,0.0,Jesse
2520,Lance Lynn,P,0,0.0,0.0,0.0,Jesse
2608,Jhoulys Chacin,DH,0,0.0,0.0,0.0,
2859,Ross Detwiler,DH,0,0.0,0.0,0.0,
3096,Kenley Jansen,DH,0,0.0,0.0,0.0,Sid
3137,Max Scherzer,P,0,0.0,0.0,0.0,Nick
3137,Max Scherzer,P,0,0.0,0.0,0.0,Nick
3184,David Price,DH,0,0.0,0.0,0.0,
3237,T.J. McFarland,DH,0,0.0,0.0,0.0,
3240,Zack Britton,DH,0,0.0,0.0,0.0,
3281,Joe Smith,DH,0,0.0,0.0,0.0,
3284,Anibal Sanchez,DH,0,0.0,0.0,0.0,
3321,Darren O'Day,DH,0,0.0,0.0,0.0,
3548,Liam Hendriks,DH,0,0.0,0.0,0.0,Reuben
4264,Mark Melancon,DH,0,0.0,0.0,0.0,Alden
4301,Justin Wilson,DH,0,0.0,0.0,0.0,
4676,Charlie Morton,P,0,0.0,0.0,0.0,Graham
4676,Charlie Morton,P,0,0.0,0.0,0.0,Graham
4806,Rich Hill,P,0,0.0,0.0,0.0,
4806,Rich Hill,P,0,0.0,0.0,0.0,
5003,Jake Diekman,DH,0,0.0,0.0,0.0,
5097,Anthony Gose,DH,0,0.0,0.0,0.0,
5114,Jeurys Familia,DH,0,0.0,0.0,0.0,
5358,Jose Alvarez,DH,0,0.0,0.0,0.0,
5365,Manny Banuelos,DH,0,0.0,0.0,0.0,
5372,Michael Pineda,P,0,0.0,0.0,0.0,
5372,Michael Pineda,P,0,0.0,0.0,0.0,
5420,Pedro Baez,DH,0,0.0,0.0,0.0,
5448,Jesse Chavez,DH,0,0.0,0.0,0.0,
5498,Arodys Vizcaino,DH,0,0.0,0.0,0.0,
5524,Madison Bumgarner,P,0,0.0,0.0,0.0,
5524,Madison Bumgarner,P,0,0.0,0.0,0.0,
5615,Ryan Brasier,DH,0,0.0,0.0,0.0,
5640,Tyler Clippard,DH,0,0.0,0.0,0.0,
6107,Huascar Brazoban,DH,0,0.0,0.0,0.0,
6316,David Phelps,DH,0,0.0,0.0,0.0,
6345,Chris Archer,DH,0,0.0,0.0,0.0,
6397,Jake Odorizzi,P,0,0.0,0.0,0.0,
6397,Jake Odorizzi,P,0,0.0,0.0,0.0,
6398,Trevor May,DH,0,0.0,0.0,0.0,
6399,Jose Cisnero,DH,0,0.0,0.0,0.0,
6483,Steve Cishek,DH,0,0.0,0.0,0.0,
6562,Alex Cobb,P,0,0.0,0.0,0.0,Nick
6562,Alex Cobb,P,0,0.0,0.0,0.0,Nick
6632,Carlos Carrasco,DH,0,0.0,0.0,0.0,Jesse
6655,Craig Kimbrel,DH,0,0.0,0.0,0.0,Graham
6661,Alex Colome,DH,0,0.0,0.0,0.0,
6893,Johnny Cueto,P,0,0.0,0.0,0.0,
6893,Johnny Cueto,P,0,0.0,0.0,0.0,
6895,Chase Anderson,DH,0,0.0,0.0,0.0,
6902,Martin Perez,P,0,0.0,0.0,0.0,
6902,Martin Perez,P,0,0.0,0.0,0.0,
6984,Luis Garcia,DH,0,0.0,0.0,0.0,
6986,Ian Kennedy,DH,0,0.0,0.0,0.0,
7005,Ryan Pressly,DH,0,0.0,0.0,0.0,Sid
7048,Fernando Cruz,DH,0,0.0,0.0,0.0,
7115,Daniel Bard,DH,0,0.0,0.0,0.0,
7146,Daniel Hudson,DH,0,0.0,0.0,0.0,
7196,Greg Holland,DH,0,0.0,0.0,0.0,
7274,Craig Stammen,DH,0,0.0,0.0,0.0,
7432,Jay Jackson,DH,0,0.0,0.0,0.0,
7531,Collin McHugh,DH,0,0.0,0.0,0.0,
7550,Jake McGee,DH,0,0.0,0.0,0.0,
7593,Jordan Lyles,P,0,0.0,0.0,0.0,
7593,Jordan Lyles,P,0,0.0,0.0,0.0,
7608,Tommy Milone,DH,0,0.0,0.0,0.0,
7738,Wily Peralta,P,0,0.0,0.0,0.0,
7738,Wily Peralta,P,0,0.0,0.0,0.0,
7803,Richard Bleier,DH,0,0.0,0.0,0.0,
7836,Hunter Strickland,DH,0,0.0,0.0,0.0,
7982,Anthony Bass,DH,0,0.0,0.0,0.0,
8048,Will Smith,DH,0,0.0,0.0,0.0,
8110,Bryan Shaw,DH,0,0.0,0.0,0.0,
8246,Paolo Espino,P,0,0.0,0.0,0.0,
8246,Paolo Espino,P,0,0.0,0.0,0.0,
8337,Lucas Luetge,DH,0,0.0,0.0,0.0,
8700,Justin Verlander,DH,0,0.0,0.0,0.0,Sid
8779,Wade Miley,P,0,0.0,0.0,0.0,
8779,Wade Miley,P,0,0.0,0.0,0.0,
9013,Cesar Valdez,DH,0,0.0,0.0,0.0,
9073,Kirby Yates,DH,0,0.0,0.0,0.0,
9111,Brad Hand,DH,0,0.0,0.0,0.0,
9132,Nathan Eovaldi,P,0,0.0,0.0,0.0,Graham
9132,Nathan Eovaldi,P,0,0.0,0.0,0.0,Graham
9323,Patrick Corbin,P,0,0.0,0.0,0.0,Graham
9323,Patrick Corbin,P,0,0.0,0.0,0.0,Graham
9434,Dallas Keuchel,P,0,0.0,0.0,0.0,
9434,Dallas Keuchel,P,0,0.0,0.0,0.0,
9646,Brian Moran,DH,0,0.0,0.0,0.0,
9761,Joe Kelly,DH,0,0.0,0.0,0.0,
9784,Garrett Richards,P,0,0.0,0.0,0.0,
9784,Garrett Richards,P,0,0.0,0.0,0.0,
9803,Miles Mikolas,DH,0,0.0,0.0,0.0,
9817,Sergio Romo,DH,0,0.0,0.0,0.0,
10021,Mike Minor,P,0,0.0,0.0,0.0,Jesse
10021,Mike Minor,P,0,0.0,0.0,0.0,Jesse
10058,Tyler Matzek,DH,0,0.0,0.0,0.0,Reuben
10061,Brooks Raley,DH,0,0.0,0.0,0.0,
10078,Caleb Thielbar,DH,0,0.0,0.0,0.0,Benji
10123,Kyle Gibson,P,0,0.0,0.0,0.0,
10123,Kyle Gibson,P,0,0.0,0.0,0.0,
10131,Stephen Strasburg,DH,0,0.0,0.0,0.0,Nick
10133,Brad Boxberger,DH,0,0.0,0.0,0.0,
10160,Ryan Weber,DH,0,0.0,0.0,0.0,
10197,Shelby Miller,DH,0,0.0,0.0,0.0,
10233,Aroldis Chapman,DH,0,0.0,0.0,0.0,Graham
10291,Ryan Tepera,DH,0,0.0,0.0,0.0,
10310,Zack Wheeler,P,0,0.0,0.0,0.0,Alden
10310,Zack Wheeler,P,0,0.0,0.0,0.0,Alden
10314,Erasmo Ramirez,DH,0,0.0,0.0,0.0,
10341,Juan Minaya,DH,0,0.0,0.0,0.0,
10343,Aaron Loup,DH,0,0.0,0.0,0.0,Alden
10354,Robbie Erlin,DH,0,0.0,0.0,0.0,
10430,Mychal Givens,DH,0,0.0,0.0,0.0,
10591,Scott Alexander,DH,0,0.0,0.0,0.0,
10603,Chris Sale,DH,0,0.0,0.0,0.0,Nick
10657,Andrew Bellatti,DH,0,0.0,0.0,0.0,
10688,Tyler Thornburg,DH,0,0.0,0.0,0.0,
10732,Drew Hutchison,DH,0,0.0,0.0,0.0,
10756,Shane Greene,DH,0,0.0,0.0,0.0,
10843,Adam Kolarek,DH,0,0.0,0.0,0.0,
10855,Chasen Shreve,DH,0,0.0,0.0,0.0,
10954,Jacob deGrom,P,0,0.0,0.0,0.0,Jesse
10954,Jacob deGrom,P,0,0.0,0.0,0.0,Jesse
11121,Casey Lawrence,DH,0,0.0,0.0,0.0,
11156,Merrill Kelly,P,0,0.0,0.0,0.0,
11156,Merrill Kelly,P,0,0.0,0.0,0.0,
11189,Vince Velasquez,P,0,0.0,0.0,0.0,
11189,Vince Velasquez,P,0,0.0,0.0,0.0,
11384,Tommy Kahnle,DH,0,0.0,0.0,0.0,
11423,Jose Quintana,DH,0,0.0,0.0,0.0,
11486,Robbie Ray,P,0,0.0,0.0,0.0,Alden
11486,Robbie Ray,P,0,0.0,0.0,0.0,Alden
11487,Joely Rodriguez,DH,0,0.0,0.0,0.0,
11490,Aaron Sanchez,DH,0,0.0,0.0,0.0,
11589,Jose Urena,P,0,0.0,0.0,0.0,
11589,Jose Urena,P,0,0.0,0.0,0.0,
11632,Heath Hembree,DH,0,0.0,0.0,0.0,
11674,Jameson Taillon,P,0,0.0,0.0,0.0,Graham
11674,Jameson Taillon,P,0,0.0,0.0,0.0,Graham
11720,Justin Grimm,DH,0,0.0,0.0,0.0,
11760,Drew Smyly,P,0,0.0,0.0,0.0,
11760,Drew Smyly,P,0,0.0,0.0,0.0,
11762,Noah Syndergaard,DH,0,0.0,0.0,0.0,Graham
11801,Hansel Robles,DH,0,0.0,0.0,0.0,
11804,Hector Neris,DH,0,0.0,0.0,0.0,
11836,Taijuan Walker,P,0,0.0,0.0,0.0,
11836,Taijuan Walker,P,0,0.0,0.0,0.0,
11847,Chris Martin,DH,0,0.0,0.0,0.0,
11861,Jason Adam,DH,0,0.0,0.0,0.0,
11903,Michael Feliz,DH,0,0.0,0.0,0.0,
12049,Kyle Hendricks,P,0,0.0,0.0,0.0,Benji
12049,Kyle Hendricks,P,0,0.0,0.0,0.0,Benji
12095,Yimi Garcia,DH,0,0.0,0.0,0.0,
12106,Parker Markel,DH,0,0.0,0.0,0.0,
12178,Domingo Tapia,DH,0,0.0,0.0,0.0,
12272,Aaron Brooks,DH,0,0.0,0.0,0.0,
12304,Chris Bassitt,P,0,0.0,0.0,0.0,Alden
12304,Chris Bassitt,P,0,0.0,0.0,0.0,Alden
12323,Jacob Barnes,DH,0,0.0,0.0,0.0,
12361,Spencer Patton,DH,0,0.0,0.0,0.0,
12447,Seth Lugo,DH,0,0.0,0.0,0.0,
12572,Blake Treinen,DH,0,0.0,0.0,0.0,Sid
12664,Jerad Eickhoff,DH,0,0.0,0.0,0.0,
12673,Roenis Elias,DH,0,0.0,0.0,0.0,
12718,Adrian Houser,P,0,0.0,0.0,0.0,
12718,Adrian Houser,P,0,0.0,0.0,0.0,
12730,Nick Martinez,DH,0,0.0,0.0,0.0,Jesse
12760,Rafael Montero,DH,0,0.0,0.0,0.0,
12763,Chris Devenski,DH,0,0.0,0.0,0.0,
12768,Sonny Gray,P,0,0.0,0.0,0.0,Nick
12768,Sonny Gray,P,0,0.0,0.0,0.0,Nick
12777,John Brebbia,DH,0,0.0,0.0,0.0,
12791,Michael Kelly,DH,0,0.0,0.0,0.0,
12800,Noe Ramirez,DH,0,0.0,0.0,0.0,
12804,Matt Wisler,DH,0,0.0,0.0,0.0,
12808,Mike Clevinger,DH,0,0.0,0.0,0.0,Jesse
12828,Andrew Kittredge,DH,0,0.0,0.0,0.0,Reuben
12857,Shawn Armstrong,DH,0,0.0,0.0,0.0,
12863,Matt Barnes,DH,0,0.0,0.0,0.0,Graham
12890,Alex Claudio,DH,0,0.0,0.0,0.0,
12910,Ken Giles,DH,0,0.0,0.0,0.0,
12917,Dylan Bundy,P,0,0.0,0.0,0.0,Graham
12917,Dylan Bundy,P,0,0.0,0.0,0.0,Graham
12918,Archie Bradley,DH,0,0.0,0.0,0.0,
12970,Joe Musgrove,P,0,0.0,0.0,0.0,Sid
12970,Joe Musgrove,P,0,0.0,0.0,0.0,Sid
12988,Andrew Chafin,DH,0,0.0,0.0,0.0,
13050,Anthony DeSclafani,P,0,0.0,0.0,0.0,Nick
13050,Anthony DeSclafani,P,0,0.0,0.0,0.0,Nick
13074,Yu Darvish,P,0,0.0,0.0,0.0,Nick
13074,Yu Darvish,P,0,0.0,0.0,0.0,Nick
13125,Gerrit Cole,P,0,0.0,0.0,0.0,Jesse
13125,Gerrit Cole,P,0,0.0,0.0,0.0,Jesse
13133,Derek Law,DH,0,0.0,0.0,0.0,
13164,Eduardo Rodriguez,P,0,0.0,0.0,0.0,Graham
13164,Eduardo Rodriguez,P,0,0.0,0.0,0.0,Graham
13182,Kyle Crick,DH,0,0.0,0.0,0.0,
13183,Zach Davies,P,0,0.0,0.0,0.0,
13183,Zach Davies,P,0,0.0,0.0,0.0,
13190,Jordan Weems,DH,0,0.0,0.0,0.0,
13218,Michael Fulmer,DH,0,0.0,0.0,0.0,
13259,Louis Head,DH,0,0.0,0.0,0.0,
13273,Ross Stripling,P,0,0.0,0.0,0.0,
13273,Ross Stripling,P,0,0.0,0.0,0.0,
13293,Danny Coulombe,DH,0,0.0,0.0,0.0,
13339,Adrian Sampson,DH,0,0.0,0.0,0.0,
13345,Luis Cessa,DH,0,0.0,0.0,0.0,
13346,Hoby Milner,DH,0,0.0,0.0,0.0,
13361,Steven Matz,P,0,0.0,0.0,0.0,Sid
13361,Steven Matz,P,0,0.0,0.0,0.0,Sid
13394,Dylan Floro,DH,0,0.0,0.0,0.0,Sid
13397,Sam Selman,DH,0,0.0,0.0,0.0,
13401,R.J. Alvarez,DH,0,0.0,0.0,0.0,
13420,Matt Koch,DH,0,0.0,0.0,0.0,
13424,Drew VerHagen,DH,0,0.0,0.0,0.0,
13431,Marcus Stroman,P,0,0.0,0.0,0.0,Graham
13431,Marcus Stroman,P,0,0.0,0.0,0.0,Graham
13435,Pierce Johnson,DH,0,0.0,0.0,0.0,Alden
13449,Taylor Rogers,DH,0,0.0,0.0,0.0,Jesse
13470,Lucas Sims,DH,0,0.0,0.0,0.0,Reuben
13475,Daniel Norris,DH,0,0.0,0.0,0.0,
13483,Connor Sadzeck,DH,0,0.0,0.0,0.0,
13543,Blake Snell,P,0,0.0,0.0,0.0,Nick
13543,Blake Snell,P,0,0.0,0.0,0.0,Nick
13580,Steven Okert,DH,0,0.0,0.0,0.0,
13594,Robert Stephenson,DH,0,0.0,0.0,0.0,
13607,Carl Edwards Jr.,DH,0,0.0,0.0,0.0,
13619,Jakob Junis,DH,0,0.0,0.0,0.0,
13649,Clay Holmes,DH,0,0.0,0.0,0.0,
13652,Tayler Scott,DH,0,0.0,0.0,0.0,
13654,Jharel Cotton,DH,0,0.0,0.0,0.0,
13696,Robert Gsellman,DH,0,0.0,0.0,0.0,
13707,Joey Krehbiel,DH,0,0.0,0.0,0.0,
13713,Kyle Barraclough,DH,0,0.0,0.0,0.0,
13743,Max Fried,P,0,0.0,0.0,0.0,Reuben
13743,Max Fried,P,0,0.0,0.0,0.0,Reuben
13758,Tyler Duffey,DH,0,0.0,0.0,0.0,Benji
13761,Chris Stratton,DH,0,0.0,0.0,0.0,Sid
13763,Dominic Leone,DH,0,0.0,0.0,0.0,
13767,JT Chargois,DH,0,0.0,0.0,0.0,
13774,Zach Eflin,P,0,0.0,0.0,0.0,
13774,Zach Eflin,P,0,0.0,0.0,0.0,
13781,Alex Wood,P,0,0.0,0.0,0.0,Sid
13781,Alex Wood,P,0,0.0,0.0,0.0,Sid
13799,Matt Strahm,DH,0,0.0,0.0,0.0,
13801,Austin Adams,DH,0,0.0,0.0,0.0,
13834,Alec Mills,P,0,0.0,0.0,0.0,
13834,Alec Mills,P,0,0.0,0.0,0.0,
13892,Paul Sewald,DH,0,0.0,0.0,0.0,Alden
13896,Chris Flexen,P,0,0.0,0.0,0.0,Graham
13896,Chris Flexen,P,0,0.0,0.0,0.0,Graham
13942,Brent Suter,DH,0,0.0,0.0,0.0,
14078,Michael Wacha,P,0,0.0,0.0,0.0,
14078,Michael Wacha,P,0,0.0,0.0,0.0,
14107,Kevin Gausman,P,0,0.0,0.0,0.0,Benji
14107,Kevin Gausman,P,0,0.0,0.0,0.0,Benji
14120,Lance McCullers Jr.,P,0,0.0,0.0,0.0,Jesse
14120,Lance McCullers Jr.,P,0,0.0,0.0,0.0,Jesse
14151,Chris Mazza,DH,0,0.0,0.0,0.0,
14168,Jose Berrios,P,0,0.0,0.0,0.0,Sid
14168,Jose Berrios,P,0,0.0,0.0,0.0,Sid
14212,Josh Hader,DH,0,0.0,0.0,0.0,Benji
14288,Luke Bard,DH,0,0.0,0.0,0.0,
14295,Wandy Peralta,DH,0,0.0,0.0,0.0,
14309,Frankie Montas,P,0,0.0,0.0,0.0,Alden
14309,Frankie Montas,P,0,0.0,0.0,0.0,Alden
14332,Joel Payamps,DH,0,0.0,0.0,0.0,
14361,Ty Blach,DH,0,0.0,0.0,0.0,
14374,Tyler Glasnow,DH,0,0.0,0.0,0.0,
14375,Amir Garrett,DH,0,0.0,0.0,0.0,
14416,Yunior Marte,DH,0,0.0,0.0,0.0,
14420,Jackson Stephens,DH,0,0.0,0.0,0.0,
14444,Hyun-Jin Ryu,P,0,0.0,0.0,0.0,Nick
14444,Hyun-Jin Ryu,P,0,0.0,0.0,0.0,Nick
14506,J.B. Wendelken,DH,0,0.0,0.0,0.0,
14509,Dereck Rodriguez,DH,0,0.0,0.0,0.0,
14524,Jose Leclerc,DH,0,0.0,0.0,0.0,
14527,Jorge Lopez,P,0,0.0,0.0,0.0,
14527,Jorge Lopez,P,0,0.0,0.0,0.0,
14542,Carlos Estevez,DH,0,0.0,0.0,0.0,
14552,Jose Ruiz,DH,0,0.0,0.0,0.0,
14646,Rowan Wick,DH,0,0.0,0.0,0.0,Sid
14663,Chi Chi Gonzalez,P,0,0.0,0.0,0.0,
14663,Chi Chi Gonzalez,P,0,0.0,0.0,0.0,
14665,Jandel Gustave,DH,0,0.0,0.0,0.0,
14677,Duane Underwood Jr.,DH,0,0.0,0.0,0.0,
14681,Andres Machado,DH,0,0.0,0.0,0.0,
14682,Luis Perdomo,DH,0,0.0,0.0,0.0,
14706,Anthony Banda,DH,0,0.0,0.0,0.0,
14710,Edwin Diaz,DH,0,0.0,0.0,0.0,Alden
14739,Paul Blackburn,DH,0,0.0,0.0,0.0,
14765,Julio Urias,P,0,0.0,0.0,0.0,Alden
14765,Julio Urias,P,0,0.0,0.0,0.0,Alden
14771,Emilio Pagan,DH,0,0.0,0.0,0.0,
14814,Buck Farmer,DH,0,0.0,0.0,0.0,
14823,Mark Appel,DH,0,0.0,0.0,0.0,
14843,Michael Lorenzen,DH,0,0.0,0.0,0.0,
14844,Matt Dermody,DH,0,0.0,0.0,0.0,
14857,Joe Mantiply,DH,0,0.0,0.0,0.0,
14874,Sam Moll,DH,0,0.0,0.0,0.0,
14875,Caleb Smith,P,0,0.0,0.0,0.0,
14875,Caleb Smith,P,0,0.0,0.0,0.0,
14916,Jon Gray,P,0,0.0,0.0,0.0,Jesse
14916,Jon Gray,P,0,0.0,0.0,0.0,Jesse
14966,Reyes Moronta,DH,0,0.0,0.0,0.0,
14975,Chad Kuhl,DH,0,0.0,0.0,0.0,
14986,Giovanny Gallegos,DH,0,0.0,0.0,0.0,Sid
14993,Scott Barlow,DH,0,0.0,0.0,0.0,Sid
15009,Kyle Finnegan,DH,0,0.0,0.0,0.0,Nick
15010,Corey Knebel,DH,0,0.0,0.0,0.0,Sid
15036,Chase De Jong,DH,0,0.0,0.0,0.0,
15038,German Marquez,P,0,0.0,0.0,0.0,Jesse
15038,German Marquez,P,0,0.0,0.0,0.0,Jesse
15042,Tim Mayza,DH,0,0.0,0.0,0.0,
15043,Lou Trivino,DH,0,0.0,0.0,0.0,Sid
15046,Trevor Gott,DH,0,0.0,0.0,0.0,
15047,Austin Voth,DH,0,0.0,0.0,0.0,
15051,Silvino Bracho,DH,0,0.0,0.0,0.0,
15068,Yency Almonte,DH,0,0.0,0.0,0.0,
15094,Rob Zastryzny,DH,0,0.0,0.0,0.0,
15101,Luke Farrell,DH,0,0.0,0.0,0.0,
15106,Collin Wiles,DH,0,0.0,0.0,0.0,
15126,Tyler Danish,DH,0,0.0,0.0,0.0,
15139,Ashton Goudeau,DH,0,0.0,0.0,0.0,
15145,Justin Topa,DH,0,0.0,0.0,0.0,
15157,Jimmy Yacabonis,DH,0,0.0,0.0,0.0,
15256,Cole Sulser,DH,0,0.0,0.0,0.0,
15264,Keynan Middleton,DH,0,0.0,0.0,0.0,
15288,Adam Cimber,DH,0,0.0,0.0,0.0,
15290,Austin Pruitt,DH,0,0.0,0.0,0.0,
15291,Steven Brault,DH,0,0.0,0.0,0.0,
15369,Kevin Herget,DH,0,0.0,0.0,0.0,
15423,Andrew Heaney,P,0,0.0,0.0,0.0,Jesse
15423,Andrew Heaney,P,0,0.0,0.0,0.0,Jesse
15440,Matthew Boyd,DH,0,0.0,0.0,0.0,
15444,Zack Weiss,DH,0,0.0,0.0,0.0,
15451,Mike Mayers,DH,0,0.0,0.0,0.0,
15454,Nick Pivetta,P,0,0.0,0.0,0.0,
15454,Nick Pivetta,P,0,0.0,0.0,0.0,
15467,Marco Gonzales,P,0,0.0,0.0,0.0,Alden
15467,Marco Gonzales,P,0,0.0,0.0,0.0,Alden
15474,Lucas Giolito,P,0,0.0,0.0,0.0,Sid
15474,Lucas Giolito,P,0,0.0,0.0,0.0,Sid
15488,Antonio Senzatela,P,0,0.0,0.0,0.0,Graham
15488,Antonio Senzatela,P,0,0.0,0.0,0.0,Graham
15507,Hunter Harvey,DH,0,0.0,0.0,0.0,
15514,Kendall Graveman,DH,0,0.0,0.0,0.0,
15541,Tyler Rogers,DH,0,0.0,0.0,0.0,
15551,Mark Leiter,DH,0,0.0,0.0,0.0,
15552,Chad Green,DH,0,0.0,0.0,0.0,Reuben
15594,Nick Wittgren,DH,0,0.0,0.0,0.0,
15605,Phillips Valdez,DH,0,0.0,0.0,0.0,
15684,Miguel Castro,DH,0,0.0,0.0,0.0,
15689,Luis Castillo,P,0,0.0,0.0,0.0,Reuben
15689,Luis Castillo,P,0,0.0,0.0,0.0,Reuben
15734,Brad Keller,P,0,0.0,0.0,0.0,
15734,Brad Keller,P,0,0.0,0.0,0.0,
15761,Joe Jimenez,DH,0,0.0,0.0,0.0,
15816,Devin Williams,DH,0,0.0,0.0,0.0,Jesse
15823,Zack Littell,DH,0,0.0,0.0,0.0,
15832,Paul Fry,DH,0,0.0,0.0,0.0,
15873,Sean Manaea,P,0,0.0,0.0,0.0,Sid
15873,Sean Manaea,P,0,0.0,0.0,0.0,Sid
15890,Luis Severino,DH,0,0.0,0.0,0.0,Graham
15915,Victor Arano,DH,0,0.0,0.0,0.0,
15947,Ryne Stanek,DH,0,0.0,0.0,0.0,
16094,Zach Thompson,DH,0,0.0,0.0,0.0,
16122,Jordan Romano,DH,0,0.0,0.0,0.0,Alden
16125,Chris Ellis,DH,0,0.0,0.0,0.0,
16137,Carlos Rodon,P,0,0.0,0.0,0.0,Graham
16137,Carlos Rodon,P,0,0.0,0.0,0.0,Graham
16149,Aaron Nola,P,0,0.0,0.0,0.0,Reuben
16149,Aaron Nola,P,0,0.0,0.0,0.0,Reuben
16162,Brandon Woodruff,P,0,0.0,0.0,0.0,Alden
16162,Brandon Woodruff,P,0,0.0,0.0,0.0,Alden
16209,Jake Reed,DH,0,0.0,0.0,0.0,
16256,Kyle Freeland,P,0,0.0,0.0,0.0,
16256,Kyle Freeland,P,0,0.0,0.0,0.0,
16258,Aaron Bummer,DH,0,0.0,0.0,0.0,Reuben
16265,Sam Howard,DH,0,0.0,0.0,0.0,
16266,A.J. Ladwig,DH,0,0.0,0.0,0.0,
16269,John Means,P,0,0.0,0.0,0.0,Graham
16269,John Means,P,0,0.0,0.0,0.0,Graham
16279,Sam Clay,DH,0,0.0,0.0,0.0,
16300,Jesus Tinoco,DH,0,0.0,0.0,0.0,
16306,Gerardo Reyes,DH,0,0.0,0.0,0.0,
16350,Ryan Borucki,DH,0,0.0,0.0,0.0,
16358,Tyler Mahle,P,0,0.0,0.0,0.0,Nick
16358,Tyler Mahle,P,0,0.0,0.0,0.0,Nick
16377,Ryan Castellani,DH,0,0.0,0.0,0.0,
16400,Reynaldo Lopez,DH,0,0.0,0.0,0.0,
16401,Yonny Chirinos,DH,0,0.0,0.0,0.0,
16418,Blake Taylor,DH,0,0.0,0.0,0.0,
16432,Foster Griffin,DH,0,0.0,0.0,0.0,
16440,James Norwood,DH,0,0.0,0.0,0.0,
16502,Ryan Yarbrough,P,0,0.0,0.0,0.0,
16502,Ryan Yarbrough,P,0,0.0,0.0,0.0,
16511,Jordan Montgomery,P,0,0.0,0.0,0.0,Reuben
16511,Jordan Montgomery,P,0,0.0,0.0,0.0,Reuben
16537,Dusten Knight,DH,0,0.0,0.0,0.0,
16561,Austin Gomber,P,0,0.0,0.0,0.0,
16561,Austin Gomber,P,0,0.0,0.0,0.0,
16587,Erik Swanson,DH,0,0.0,0.0,0.0,
16609,Bryan Abreu,DH,0,0.0,0.0,0.0,
16631,Jeff Brigham,DH,0,0.0,0.0,0.0,
16647,Ryan Thompson,DH,0,0.0,0.0,0.0,
16703,Julian Merryweather,DH,0,0.0,0.0,0.0,
16754,Vinny Nittoli,DH,0,0.0,0.0,0.0,
16814,Tim Hill,DH,0,0.0,0.0,0.0,
16835,Brennan Bernardino,DH,0,0.0,0.0,0.0,
16850,Locke St. John,DH,0,0.0,0.0,0.0,
16866,Reed Garrett,DH,0,0.0,0.0,0.0,
16873,Eric Stout,DH,0,0.0,0.0,0.0,
16929,Touki Toussaint,DH,0,0.0,0.0,0.0,
16933,Elieser Hernandez,DH,0,0.0,0.0,0.0,
16942,Luis Ortiz,DH,0,0.0,0.0,0.0,
16977,Trevor Williams,P,0,0.0,0.0,0.0,
16977,Trevor Williams,P,0,0.0,0.0,0.0,
16980,Daniel Mengden,DH,0,0.0,0.0,0.0,
16981,Tyler Beede,DH,0,0.0,0.0,0.0,
16990,Tanner Banks,DH,0,0.0,0.0,0.0,
17034,Sean Reid-Foley,DH,0,0.0,0.0,0.0,
17085,Pablo Lopez,P,0,0.0,0.0,0.0,Sid
17085,Pablo Lopez,P,0,0.0,0.0,0.0,Sid
17092,Domingo Acevedo,DH,0,0.0,0.0,0.0,
17117,Austin Davis,DH,0,0.0,0.0,0.0,
17130,Raisel Iglesias,DH,0,0.0,0.0,0.0,Sid
17149,Domingo German,P,0,0.0,0.0,0.0,
17149,Domingo German,P,0,0.0,0.0,0.0,
17169,Jose Castillo,DH,0,0.0,0.0,0.0,
17170,Gabe Speier,DH,0,0.0,0.0,0.0,
17179,Bubby Rossman,DH,0,0.0,0.0,0.0,
17181,Yoan Lopez,DH,0,0.0,0.0,0.0,
17186,Dinelson Lamet,DH,0,0.0,0.0,0.0,
17192,Jalen Beeks,DH,0,0.0,0.0,0.0,
17237,Austin Brice,DH,0,0.0,0.0,0.0,
17264,Sam Coonrod,DH,0,0.0,0.0,0.0,
17277,Ranger Suarez,P,0,0.0,0.0,0.0,Alden
17277,Ranger Suarez,P,0,0.0,0.0,0.0,Alden
17282,Michael Kopech,DH,0,0.0,0.0,0.0,Jesse
17285,Justus Sheffield,DH,0,0.0,0.0,0.0,
17292,Javy Guerra,DH,0,0.0,0.0,0.0,
17295,Framber Valdez,P,0,0.0,0.0,0.0,Jesse
17295,Framber Valdez,P,0,0.0,0.0,0.0,Jesse
17312,Justin Steele,DH,0,0.0,0.0,0.0,
17369,Brett Martin,DH,0,0.0,0.0,0.0,
17381,Matt Gage,DH,0,0.0,0.0,0.0,
17425,Erick Fedde,P,0,0.0,0.0,0.0,
17425,Erick Fedde,P,0,0.0,0.0,0.0,
17432,Jeff Hoffman,DH,0,0.0,0.0,0.0,
17464,Jonathan Hernandez,DH,0,0.0,0.0,0.0,
17479,Jack Flaherty,DH,0,0.0,0.0,0.0,Benji
17480,Daniel Duarte,DH,0,0.0,0.0,0.0,
17485,Albert Abreu,DH,0,0.0,0.0,0.0,
17489,Spenser Watkins,DH,0,0.0,0.0,0.0,
17490,Genesis Cabrera,DH,0,0.0,0.0,0.0,
17496,Diego Castillo,DH,0,0.0,0.0,0.0,
17536,Ryan Burr,DH,0,0.0,0.0,0.0,
17556,Jimmy Herget,DH,0,0.0,0.0,0.0,
17578,JT Brubaker,P,0,0.0,0.0,0.0,
17578,JT Brubaker,P,0,0.0,0.0,0.0,
17583,Marcos Diplan,DH,0,0.0,0.0,0.0,
17586,Tanner Scott,DH,0,0.0,0.0,0.0,Reuben
17594,Mitch Keller,P,0,0.0,0.0,0.0,
17594,Mitch Keller,P,0,0.0,0.0,0.0,
17606,Cristian Javier,P,0,0.0,0.0,0.0,Nick
17606,Cristian Javier,P,0,0.0,0.0,0.0,Nick
17610,Tanner Rainey,DH,0,0.0,0.0,0.0,
17611,Taylor Clarke,DH,0,0.0,0.0,0.0,
17639,Justin Lawrence,DH,0,0.0,0.0,0.0,
17677,Jeffrey Springs,DH,0,0.0,0.0,0.0,
17682,Ralph Garza,DH,0,0.0,0.0,0.0,
17701,Jose Cuas,DH,0,0.0,0.0,0.0,
17722,Trevor Megill,DH,0,0.0,0.0,0.0,
17732,Nabil Crismatt,DH,0,0.0,0.0,0.0,
17735,Tyler Alexander,P,0,0.0,0.0,0.0,
17735,Tyler Alexander,P,0,0.0,0.0,0.0,
17755,Drew Smith,DH,0,0.0,0.0,0.0,
17783,Jake Brentz,DH,0,0.0,0.0,0.0,
17796,Dillon Tate,DH,0,0.0,0.0,0.0,
17859,Adbert Alzolay,P,0,0.0,0.0,0.0,
17859,Adbert Alzolay,P,0,0.0,0.0,0.0,
17871,Ian Gibaut,DH,0,0.0,0.0,0.0,
17874,Nestor Cortes,P,0,0.0,0.0,0.0,
17874,Nestor Cortes,P,0,0.0,0.0,0.0,
17878,Dennis Santana,DH,0,0.0,0.0,0.0,
17888,Tayler Saucedo,DH,0,0.0,0.0,0.0,
17897,Garrett Cleavinger,DH,0,0.0,0.0,0.0,
17948,Trent Thornton,DH,0,0.0,0.0,0.0,
17964,Tyler Gilbert,DH,0,0.0,0.0,0.0,
17968,Brock Burke,DH,0,0.0,0.0,0.0,
17995,Logan Webb,P,0,0.0,0.0,0.0,Reuben
17995,Logan Webb,P,0,0.0,0.0,0.0,Reuben
17998,Pete Fairbanks,DH,0,0.0,0.0,0.0,Reuben
18000,Triston McKenzie,P,0,0.0,0.0,0.0,Jesse
18000,Triston McKenzie,P,0,0.0,0.0,0.0,Jesse
18064,Phil Maton,DH,0,0.0,0.0,0.0,
18088,Cody Stashak,DH,0,0.0,0.0,0.0,
18138,Ryan Helsley,DH,0,0.0,0.0,0.0,
18152,Anthony Misiewicz,DH,0,0.0,0.0,0.0,
18186,James Naile,DH,0,0.0,0.0,0.0,
18251,Art Warren,DH,0,0.0,0.0,0.0,
18282,Jarlin Garcia,DH,0,0.0,0.0,0.0,
18297,Tyler Kinley,DH,0,0.0,0.0,0.0,
18323,Josh Sborz,DH,0,0.0,0.0,0.0,
18325,Taylor Hearn,P,0,0.0,0.0,0.0,
18325,Taylor Hearn,P,0,0.0,0.0,0.0,
18331,James Kaprielian,P,0,0.0,0.0,0.0,
18331,James Kaprielian,P,0,0.0,0.0,0.0,
18333,Alex Young,DH,0,0.0,0.0,0.0,
18335,Josh Staumont,DH,0,0.0,0.0,0.0,
18356,Jaime Barria,DH,0,0.0,0.0,0.0,
18376,Connor Overton,DH,0,0.0,0.0,0.0,
18384,Scott Effross,DH,0,0.0,0.0,0.0,
18403,Enyel De Los Santos,DH,0,0.0,0.0,0.0,
18413,Jose Urquidy,P,0,0.0,0.0,0.0,Jesse
18413,Jose Urquidy,P,0,0.0,0.0,0.0,Jesse
18421,Tyler Cyr,DH,0,0.0,0.0,0.0,
18439,Danny Young,DH,0,0.0,0.0,0.0,
18454,Trevor Kelley,DH,0,0.0,0.0,0.0,
18496,Junior Fernandez,DH,0,0.0,0.0,0.0,
18510,Josh Rogers,DH,0,0.0,0.0,0.0,
18519,Phil Bickford,DH,0,0.0,0.0,0.0,
18525,Dylan Cease,P,0,0.0,0.0,0.0,Graham
18525,Dylan Cease,P,0,0.0,0.0,0.0,Graham
18548,Sam Hentges,DH,0,0.0,0.0,0.0,
18555,Logan Allen,DH,0,0.0,0.0,0.0,
18593,Anderson Espinoza,DH,0,0.0,0.0,0.0,
18600,Travis Lakins Sr.,DH,0,0.0,0.0,0.0,
18655,A.J. Minter,DH,0,0.0,0.0,0.0,
18674,Jake Woodford,DH,0,0.0,0.0,0.0,
18679,Freddy Peralta,P,0,0.0,0.0,0.0,Nick
18679,Freddy Peralta,P,0,0.0,0.0,0.0,Nick
18684,Sandy Alcantara,P,0,0.0,0.0,0.0,Benji
18684,Sandy Alcantara,P,0,0.0,0.0,0.0,Benji
18694,Kolby Allard,P,0,0.0,0.0,0.0,
18694,Kolby Allard,P,0,0.0,0.0,0.0,
18699,Nick Neidert,DH,0,0.0,0.0,0.0,
18769,Cody Poteet,DH,0,0.0,0.0,0.0,
18790,Dillon Peters,DH,0,0.0,0.0,0.0,
18806,Drew Steckenrider,DH,0,0.0,0.0,0.0,Sid
18815,Miguel Diaz,DH,0,0.0,0.0,0.0,
18864,Pedro Avila,DH,0,0.0,0.0,0.0,
19178,Tommy Nance,DH,0,0.0,0.0,0.0,
19179,Kirby Snead,DH,0,0.0,0.0,0.0,
19191,Robert Dugger,DH,0,0.0,0.0,0.0,
19199,Conner Menez,DH,0,0.0,0.0,0.0,
19200,Jose Quijada,DH,0,0.0,0.0,0.0,
19206,Dakota Hudson,DH,0,0.0,0.0,0.0,
19225,Mitch White,DH,0,0.0,0.0,0.0,
19244,Cole Irvin,P,0,0.0,0.0,0.0,
19244,Cole Irvin,P,0,0.0,0.0,0.0,
19249,Seranthony Dominguez,DH,0,0.0,0.0,0.0,
19261,Ian Hamilton,DH,0,0.0,0.0,0.0,
19264,Thomas Hatch,DH,0,0.0,0.0,0.0,
19266,Taylor Widener,DH,0,0.0,0.0,0.0,
19268,Justin Dunn,DH,0,0.0,0.0,0.0,
19269,T.J. Zeuch,DH,0,0.0,0.0,0.0,
19278,Vladimir Gutierrez,P,0,0.0,0.0,0.0,
19278,Vladimir Gutierrez,P,0,0.0,0.0,0.0,
19285,Kyle Dowdy,DH,0,0.0,0.0,0.0,
19291,Zac Gallen,P,0,0.0,0.0,0.0,Graham
19291,Zac Gallen,P,0,0.0,0.0,0.0,Graham
19309,Trevor Richards,DH,0,0.0,0.0,0.0,
19312,Cal Quantrill,P,0,0.0,0.0,0.0,
19312,Cal Quantrill,P,0,0.0,0.0,0.0,
19316,Eric Lauer,P,0,0.0,0.0,0.0,
19316,Eric Lauer,P,0,0.0,0.0,0.0,
19330,Matthew Festa,DH,0,0.0,0.0,0.0,
19343,A.J. Puk,DH,0,0.0,0.0,0.0,
19345,Daulton Jefferies,DH,0,0.0,0.0,0.0,
19349,Caleb Ferguson,DH,0,0.0,0.0,0.0,
19350,Dean Kremer,DH,0,0.0,0.0,0.0,
19357,Cody Sedlock,DH,0,0.0,0.0,0.0,
19361,Corbin Burnes,P,0,0.0,0.0,0.0,Sid
19361,Corbin Burnes,P,0,0.0,0.0,0.0,Sid
19362,Keegan Akin,P,0,0.0,0.0,0.0,
19362,Keegan Akin,P,0,0.0,0.0,0.0,
19374,Walker Buehler,P,0,0.0,0.0,0.0,Nick
19374,Walker Buehler,P,0,0.0,0.0,0.0,Nick
19388,Tony Gonsolin,DH,0,0.0,0.0,0.0,
19403,Colin Poche,DH,0,0.0,0.0,0.0,
19407,Ronel Blanco,DH,0,0.0,0.0,0.0,
19409,Dane Dunning,P,0,0.0,0.0,0.0,Jesse
19409,Dane Dunning,P,0,0.0,0.0,0.0,Jesse
19427,Shane Bieber,P,0,0.0,0.0,0.0,Benji
19427,Shane Bieber,P,0,0.0,0.0,0.0,Benji
19444,Yohan Ramirez,DH,0,0.0,0.0,0.0,
19447,Patrick Sandoval,DH,0,0.0,0.0,0.0,Benji
19453,Shaun Anderson,DH,0,0.0,0.0,0.0,
19454,Michael Rucker,DH,0,0.0,0.0,0.0,
19457,Bryan Garcia,DH,0,0.0,0.0,0.0,
19459,Jorge Alcala,DH,0,0.0,0.0,0.0,
19479,Aaron Civale,P,0,0.0,0.0,0.0,
19479,Aaron Civale,P,0,0.0,0.0,0.0,
19482,Andrew Vasquez,DH,0,0.0,0.0,0.0,
19487,Devin Smeltzer,DH,0,0.0,0.0,0.0,
19493,Zach Jackson,DH,0,0.0,0.0,0.0,
19516,Raynel Espinal,DH,0,0.0,0.0,0.0,
19518,Tanner Tully,DH,0,0.0,0.0,0.0,
19529,Cam Vieaux,DH,0,0.0,0.0,0.0,
19531,Jason Foley,DH,0,0.0,0.0,0.0,
19535,Ryan Hendrix,DH,0,0.0,0.0,0.0,
19541,Jimmy Lambert,DH,0,0.0,0.0,0.0,
19545,Stephen Nogosek,DH,0,0.0,0.0,0.0,
19569,David Bednar,DH,0,0.0,0.0,0.0,Alden
19574,JoJo Romero,DH,0,0.0,0.0,0.0,
19580,Norge Ruiz,DH,0,0.0,0.0,0.0,
19583,Sean Poppen,DH,0,0.0,0.0,0.0,
19609,Luke Barker,DH,0,0.0,0.0,0.0,
19614,Cionel Perez,DH,0,0.0,0.0,0.0,
19618,Jordan Hicks,DH,0,0.0,0.0,0.0,
19647,Matt Foster,DH,0,0.0,0.0,0.0,
19665,Kyle Wright,DH,0,0.0,0.0,0.0,
19666,Jason Alexander,DH,0,0.0,0.0,0.0,
19677,Gregory Soto,DH,0,0.0,0.0,0.0,Sid
19682,Jordan Sheffield,DH,0,0.0,0.0,0.0,
19695,Connor Seabold,DH,0,0.0,0.0,0.0,
19705,Matt Swarmer,DH,0,0.0,0.0,0.0,
19712,Patrick Murphy,DH,0,0.0,0.0,0.0,
19716,Dustin May,DH,0,0.0,0.0,0.0,
19731,Kodi Whitley,DH,0,0.0,0.0,0.0,
19742,Anthony Bender,DH,0,0.0,0.0,0.0,
19753,Jonathan Loaisiga,DH,0,0.0,0.0,0.0,Reuben
19769,Will Vest,DH,0,0.0,0.0,0.0,
19785,Jake Lemoine,DH,0,0.0,0.0,0.0,
19789,Anthony Castro,DH,0,0.0,0.0,0.0,
19795,Keegan Thompson,DH,0,0.0,0.0,0.0,
19800,Wil Crowe,P,0,0.0,0.0,0.0,
19800,Wil Crowe,P,0,0.0,0.0,0.0,
19804,Bryan Baker,DH,0,0.0,0.0,0.0,
19805,Daniel Castano,DH,0,0.0,0.0,0.0,
19814,David McKay,DH,0,0.0,0.0,0.0,
19845,Alexander Wells,DH,0,0.0,0.0,0.0,
19848,Darwinzon Hernandez,DH,0,0.0,0.0,0.0,
19853,Michael King,DH,0,0.0,0.0,0.0,
19866,Brandon Bielak,DH,0,0.0,0.0,0.0,
19868,Drew Carlton,DH,0,0.0,0.0,0.0,
19871,Tucker Davidson,DH,0,0.0,0.0,0.0,
19874,Alex Faedo,DH,0,0.0,0.0,0.0,
19876,Kevin Ginkel,DH,0,0.0,0.0,0.0,
19879,Tanner Houck,DH,0,0.0,0.0,0.0,Nick
19883,Alex Lange,DH,0,0.0,0.0,0.0,
19884,Corbin Martin,DH,0,0.0,0.0,0.0,
19899,Clarke Schmidt,DH,0,0.0,0.0,0.0,
19903,Adonis Medina,DH,0,0.0,0.0,0.0,
19911,Jose Suarez,P,0,0.0,0.0,0.0,
19911,Jose Suarez,P,0,0.0,0.0,0.0,
19926,Tony Santillan,DH,0,0.0,0.0,0.0,
19932,Trevor Stephan,DH,0,0.0,0.0,0.0,
19940,Jhon Romero,DH,0,0.0,0.0,0.0,
19951,Ian Anderson,P,0,0.0,0.0,0.0,Benji
19951,Ian Anderson,P,0,0.0,0.0,0.0,Benji
19959,Jesus Luzardo,P,0,0.0,0.0,0.0,
19959,Jesus Luzardo,P,0,0.0,0.0,0.0,
19962,Joey Wentz,DH,0,0.0,0.0,0.0,
19976,Tyson Miller,DH,0,0.0,0.0,0.0,
19979,Zach Plesac,P,0,0.0,0.0,0.0,
19979,Zach Plesac,P,0,0.0,0.0,0.0,
19990,Bryse Wilson,DH,0,0.0,0.0,0.0,
19995,Joel Kuhnel,DH,0,0.0,0.0,0.0,
19996,Dylan Lee,DH,0,0.0,0.0,0.0,
20000,Tyler Wells,DH,0,0.0,0.0,0.0,
20009,Kenny Rosenberg,DH,0,0.0,0.0,0.0,
20010,Wyatt Mills,DH,0,0.0,0.0,0.0,
20020,John Schreiber,DH,0,0.0,0.0,0.0,
20023,Rico Garcia,DH,0,0.0,0.0,0.0,
20030,Phillip Diehl,DH,0,0.0,0.0,0.0,
20039,Adrian Morejon,DH,0,0.0,0.0,0.0,
20041,Ronald Bolanos,DH,0,0.0,0.0,0.0,
20042,Jesus Cruz,DH,0,0.0,0.0,0.0,
20060,Jake Fishman,DH,0,0.0,0.0,0.0,
20061,Kaleb Ort,DH,0,0.0,0.0,0.0,
20070,Bailey Falter,DH,0,0.0,0.0,0.0,
20074,Miguel Sanchez,DH,0,0.0,0.0,0.0,
20099,Chris Paddack,P,0,0.0,0.0,0.0,
20099,Chris Paddack,P,0,0.0,0.0,0.0,
20100,Michel Baez,DH,0,0.0,0.0,0.0,
20116,Calvin Faucher,DH,0,0.0,0.0,0.0,
20132,Adam Oller,DH,0,0.0,0.0,0.0,
20151,James Karinchak,DH,0,0.0,0.0,0.0,Alden
20153,Nick Nelson,DH,0,0.0,0.0,0.0,
20167,Kyle Muller,DH,0,0.0,0.0,0.0,
20185,Zach Pop,DH,0,0.0,0.0,0.0,
20190,Chad Smith,DH,0,0.0,0.0,0.0,
20191,Garrett Whitlock,DH,0,0.0,0.0,0.0,Sid
20203,Eli Morgan,DH,0,0.0,0.0,0.0,
20205,Jeremy Beasley,DH,0,0.0,0.0,0.0,
20206,Mike Baumann,DH,0,0.0,0.0,0.0,
20227,Jake Walsh,DH,0,0.0,0.0,0.0,
20231,Zach Logue,DH,0,0.0,0.0,0.0,
20243,Zac Lowther,DH,0,0.0,0.0,0.0,
20253,Griffin Jax,DH,0,0.0,0.0,0.0,
20277,Cory Abbott,DH,0,0.0,0.0,0.0,
20298,Jhonathan Diaz,DH,0,0.0,0.0,0.0,
20302,David Peterson,DH,0,0.0,0.0,0.0,
20323,Erich Uelmen,DH,0,0.0,0.0,0.0,
20339,Matt Peacock,DH,0,0.0,0.0,0.0,
20348,Riley O'Brien,DH,0,0.0,0.0,0.0,
20349,Zack Kelly,DH,0,0.0,0.0,0.0,
20353,Steven Wilson,DH,0,0.0,0.0,0.0,
20367,Brusdar Graterol,DH,0,0.0,0.0,0.0,Benji
20369,Matt Manning,DH,0,0.0,0.0,0.0,
20370,Bruce Zimmermann,DH,0,0.0,0.0,0.0,
20373,Andres Munoz,DH,0,0.0,0.0,0.0,
20375,Greg Weissert,DH,0,0.0,0.0,0.0,
20387,Anthony Kay,DH,0,0.0,0.0,0.0,
20418,Josh Fleming,P,0,0.0,0.0,0.0,
20418,Josh Fleming,P,0,0.0,0.0,0.0,
20422,Jovani Moran,DH,0,0.0,0.0,0.0,
20430,Rony Garcia,DH,0,0.0,0.0,0.0,
20447,Enoli Paredes,DH,0,0.0,0.0,0.0,
20468,Huascar Ynoa,P,0,0.0,0.0,0.0,Reuben
20468,Huascar Ynoa,P,0,0.0,0.0,0.0,Reuben
20492,Casey Mize,P,0,0.0,0.0,0.0,Jesse
20492,Casey Mize,P,0,0.0,0.0,0.0,Jesse
20517,Nick Sandlin,DH,0,0.0,0.0,0.0,
20526,Denyi Reyes,DH,0,0.0,0.0,0.0,
20531,Kutter Crawford,DH,0,0.0,0.0,0.0,
20539,Edwin Uceta,DH,0,0.0,0.0,0.0,
20541,Phoenix Sanders,DH,0,0.0,0.0,0.0,
20548,Bowden Francis,DH,0,0.0,0.0,0.0,
20555,Kirk McCarty,DH,0,0.0,0.0,0.0,
20565,Jackson Tetreault,DH,0,0.0,0.0,0.0,
20582,Anderson Severino,DH,0,0.0,0.0,0.0,
20617,JC Mejia,DH,0,0.0,0.0,0.0,
20631,Jordan Holloway,DH,0,0.0,0.0,0.0,
20633,Yusei Kikuchi,P,0,0.0,0.0,0.0,Graham
20633,Yusei Kikuchi,P,0,0.0,0.0,0.0,Graham
20638,Luis Castillo,DH,0,0.0,0.0,0.0,
20666,Felix Bautista,DH,0,0.0,0.0,0.0,
20667,Cristofer Ogando,DH,0,0.0,0.0,0.0,
20778,Cristopher Sanchez,DH,0,0.0,0.0,0.0,
20794,Manuel Rodriguez,DH,0,0.0,0.0,0.0,
20802,Aneurys Zabala,DH,0,0.0,0.0,0.0,
20962,Elvin Rodriguez,DH,0,0.0,0.0,0.0,
20997,Eduard Bazardo,DH,0,0.0,0.0,0.0,
21018,Francisco Perez,DH,0,0.0,0.0,0.0,
21023,Adrian Martinez,DH,0,0.0,0.0,0.0,
21025,Oliver Ortega,DH,0,0.0,0.0,0.0,
21029,Jhoan Duran,DH,0,0.0,0.0,0.0,
21032,Emmanuel Clase,DH,0,0.0,0.0,0.0,Reuben
21045,Seth Martinez,DH,0,0.0,0.0,0.0,
21052,Luis Gil,DH,0,0.0,0.0,0.0,
21065,Thomas Szapucki,DH,0,0.0,0.0,0.0,
21092,Nick Duron,DH,0,0.0,0.0,0.0,
21093,Nick Vespi,DH,0,0.0,0.0,0.0,
21101,Dauri Moreta,DH,0,0.0,0.0,0.0,
21111,Miguel Yajure,DH,0,0.0,0.0,0.0,
21132,Alexis Diaz,DH,0,0.0,0.0,0.0,
21170,Dany Jimenez,DH,0,0.0,0.0,0.0,
21183,Humberto Castellanos,DH,0,0.0,0.0,0.0,
21205,Connor Brogdon,DH,0,0.0,0.0,0.0,
21224,Bailey Ober,P,0,0.0,0.0,0.0,Alden
21224,Bailey Ober,P,0,0.0,0.0,0.0,Alden
21267,Jake Bird,DH,0,0.0,0.0,0.0,
21290,Lucas Gilbreath,DH,0,0.0,0.0,0.0,
21298,Andre Jackson,DH,0,0.0,0.0,0.0,
21318,Tylor Megill,DH,0,0.0,0.0,0.0,
21319,Bryce Montes de Oca,DH,0,0.0,0.0,0.0,
21324,Parker Mushinski,DH,0,0.0,0.0,0.0,
21327,Nicholas Padilla,DH,0,0.0,0.0,0.0,
21345,Bennett Sousa,DH,0,0.0,0.0,0.0,
21366,Glenn Otto,DH,0,0.0,0.0,0.0,
21367,Peter Strzelecki,DH,0,0.0,0.0,0.0,
21390,Joe Ryan,DH,0,0.0,0.0,0.0,Jesse
21420,Yerry De Los Santos,DH,0,0.0,0.0,0.0,
21446,Ryan Feltner,DH,0,0.0,0.0,0.0,
21448,Davis Martin,DH,0,0.0,0.0,0.0,
21453,Konnor Pilkington,DH,0,0.0,0.0,0.0,
21455,Kris Bubic,P,0,0.0,0.0,0.0,
21455,Kris Bubic,P,0,0.0,0.0,0.0,
21461,Cole Sands,DH,0,0.0,0.0,0.0,
21481,Sean Hjelle,DH,0,0.0,0.0,0.0,
21483,Shane McClanahan,P,0,0.0,0.0,0.0,Jesse
21483,Shane McClanahan,P,0,0.0,0.0,0.0,Jesse
21537,Daniel Lynch,DH,0,0.0,0.0,0.0,
21541,Reiss Knehr,DH,0,0.0,0.0,0.0,
21549,Jackson Kowar,DH,0,0.0,0.0,0.0,
21574,Brendon Little,DH,0,0.0,0.0,0.0,
21620,Jake Cousins,DH,0,0.0,0.0,0.0,
21652,Elvis Peguero,DH,0,0.0,0.0,0.0,
21656,Kervin Castro,DH,0,0.0,0.0,0.0,
21690,Edward Cabrera,DH,0,0.0,0.0,0.0,
21741,Javier Assad,DH,0,0.0,0.0,0.0,
21761,Jose Marte,DH,0,0.0,0.0,0.0,
21844,Braxton Garrett,DH,0,0.0,0.0,0.0,
21846,Cole Ragans,DH,0,0.0,0.0,0.0,
21850,Mason Thompson,DH,0,0.0,0.0,0.0,
21894,Gregory Santos,DH,0,0.0,0.0,0.0,
21955,Yerry Rodriguez,DH,0,0.0,0.0,0.0,
21956,Max Castillo,DH,0,0.0,0.0,0.0,
21992,Camilo Doval,DH,0,0.0,0.0,0.0,Sid
21997,Luis Frias,DH,0,0.0,0.0,0.0,
22036,Angel Rondon,DH,0,0.0,0.0,0.0,
22051,John King,DH,0,0.0,0.0,0.0,
22052,Aaron Fletcher,DH,0,0.0,0.0,0.0,
22092,Kyle Tyler,DH,0,0.0,0.0,0.0,
22175,Max Kranick,DH,0,0.0,0.0,0.0,
22176,Easton McGee,DH,0,0.0,0.0,0.0,
22182,Hunter Greene,DH,0,0.0,0.0,0.0,
22201,MacKenzie Gore,DH,0,0.0,0.0,0.0,
22207,DL Hall,DH,0,0.0,0.0,0.0,
22210,Jeremiah Estrada,DH,0,0.0,0.0,0.0,
22224,Jon Heasley,DH,0,0.0,0.0,0.0,
22250,Logan Gilbert,P,0,0.0,0.0,0.0,Alden
22250,Logan Gilbert,P,0,0.0,0.0,0.0,Alden
22264,Shane Baz,DH,0,0.0,0.0,0.0,Reuben
22267,Tarik Skubal,P,0,0.0,0.0,0.0,Alden
22267,Tarik Skubal,P,0,0.0,0.0,0.0,Alden
22276,Dylan Coleman,DH,0,0.0,0.0,0.0,
22286,Trevor Rogers,P,0,0.0,0.0,0.0,Reuben
22286,Trevor Rogers,P,0,0.0,0.0,0.0,Reuben
22294,Matthew Liberatore,DH,0,0.0,0.0,0.0,
22296,Joe Barlow,DH,0,0.0,0.0,0.0,
22323,Angel De Jesus,DH,0,0.0,0.0,0.0,
22343,A.J. Alexy,DH,0,0.0,0.0,0.0,
22361,Colin Holderman,DH,0,0.0,0.0,0.0,
22387,Josh Winckowski,DH,0,0.0,0.0,0.0,
22461,Logan Gillaspie,DH,0,0.0,0.0,0.0,
22487,Johan Oviedo,DH,0,0.0,0.0,0.0,
22713,Carlos Hernandez,DH,0,0.0,0.0,0.0,
22717,Angel Zerpa,DH,0,0.0,0.0,0.0,
22810,Roansy Contreras,DH,0,0.0,0.0,0.0,
22815,Luis Patino,DH,0,0.0,0.0,0.0,Benji
22913,Francisco Morales,DH,0,0.0,0.0,0.0,
22925,Joan Adon,DH,0,0.0,0.0,0.0,
23191,Michael Plassmeyer,DH,0,0.0,0.0,0.0,
23221,Michael Grove,DH,0,0.0,0.0,0.0,
23252,Spencer Howard,DH,0,0.0,0.0,0.0,
23292,Packy Naughton,DH,0,0.0,0.0,0.0,
23301,Janson Junk,DH,0,0.0,0.0,0.0,
23307,Collin Snider,DH,0,0.0,0.0,0.0,
23310,Damon Jones,DH,0,0.0,0.0,0.0,
23313,Jose Butto,DH,0,0.0,0.0,0.0,
23324,Freddy Tarnok,DH,0,0.0,0.0,0.0,
23420,Beau Sulser,DH,0,0.0,0.0,0.0,
23425,Jared Solomon,DH,0,0.0,0.0,0.0,
23429,JP Sears,DH,0,0.0,0.0,0.0,
23460,Brandon Hughes,DH,0,0.0,0.0,0.0,
23465,Tommy Romero,DH,0,0.0,0.0,0.0,
23488,Ron Marinaccio,DH,0,0.0,0.0,0.0,
23493,Nicklaus Snyder,DH,0,0.0,0.0,0.0,
23550,Aaron Ashby,DH,0,0.0,0.0,0.0,Nick
23735,Luis Garcia,P,0,0.0,0.0,0.0,Sid
23735,Luis Garcia,P,0,0.0,0.0,0.0,Sid
23779,Justin Bruihl,DH,0,0.0,0.0,0.0,
23796,Ryan Weathers,P,0,0.0,0.0,0.0,
23796,Ryan Weathers,P,0,0.0,0.0,0.0,
23809,Ray Kerr,DH,0,0.0,0.0,0.0,
23920,Brayan Bello,DH,0,0.0,0.0,0.0,
24094,Ronny Henriquez,DH,0,0.0,0.0,0.0,
24494,Simeon Woods Richardson,DH,0,0.0,0.0,0.0,
24580,Josiah Gray,DH,0,0.0,0.0,0.0,Alden
24586,Kyle Bradish,DH,0,0.0,0.0,0.0,
24606,Josh Winder,DH,0,0.0,0.0,0.0,
24750,Frank German,DH,0,0.0,0.0,0.0,
24930,Ethan Roberts,DH,0,0.0,0.0,0.0,
24933,Andrew Wantz,DH,0,0.0,0.0,0.0,
24937,Austin Warren,DH,0,0.0,0.0,0.0,
24975,Cooper Criswell,DH,0,0.0,0.0,0.0,
24988,Evan Lee,DH,0,0.0,0.0,0.0,
25007,Alex Vesia,DH,0,0.0,0.0,0.0,
25075,William Woods,DH,0,0.0,0.0,0.0,
25078,Cam Alldred,DH,0,0.0,0.0,0.0,
25097,Garrett Hill,DH,0,0.0,0.0,0.0,
25174,Penn Murfee,DH,0,0.0,0.0,0.0,
25376,Nick Mears,DH,0,0.0,0.0,0.0,
25377,Brady Singer,P,0,0.0,0.0,0.0,
25377,Brady Singer,P,0,0.0,0.0,0.0,
25379,Sammy Long,DH,0,0.0,0.0,0.0,
25385,Drew Rasmussen,DH,0,0.0,0.0,0.0,Reuben
25388,Cody Morris,DH,0,0.0,0.0,0.0,
25413,Nash Walters,DH,0,0.0,0.0,0.0,
25427,Gavin Hollowell,DH,0,0.0,0.0,0.0,
25436,George Kirby,DH,0,0.0,0.0,0.0,
25512,Nate Fisher,DH,0,0.0,0.0,0.0,
25595,Xzavion Curry,DH,0,0.0,0.0,0.0,
25636,Hunter Gaddis,DH,0,0.0,0.0,0.0,
25665,Cole Waites,DH,0,0.0,0.0,0.0,
25756,Matt Brash,DH,0,0.0,0.0,0.0,
25862,Noah Davis,DH,0,0.0,0.0,0.0,
25880,Hunter Brown,DH,0,0.0,0.0,0.0,
25911,Yennier Cano,DH,0,0.0,0.0,0.0,
25918,Zack Thompson,DH,0,0.0,0.0,0.0,
25942,Andrew Nardi,DH,0,0.0,0.0,0.0,
26079,Beau Brieske,DH,0,0.0,0.0,0.0,
26108,Andre Pallante,DH,0,0.0,0.0,0.0,
26213,Caleb Kilian,DH,0,0.0,0.0,0.0,
26221,Ryan Pepiot,DH,0,0.0,0.0,0.0,
26231,Tyler Holton,DH,0,0.0,0.0,0.0,
26253,Ryne Nelson,DH,0,0.0,0.0,0.0,
26260,Drey Jameson,DH,0,0.0,0.0,0.0,
26285,Tommy Henry,DH,0,0.0,0.0,0.0,
26304,Bryan Hoeing,DH,0,0.0,0.0,0.0,
26364,Ethan Small,DH,0,0.0,0.0,0.0,
26378,Nick Lodolo,DH,0,0.0,0.0,0.0,
26410,Alek Manoah,P,0,0.0,0.0,0.0,Nick
26410,Alek Manoah,P,0,0.0,0.0,0.0,Nick
27468,Reid Detmers,DH,0,0.0,0.0,0.0,
27473,Cade Cavalli,DH,0,0.0,0.0,0.0,
27474,Max Meyer,DH,0,0.0,0.0,0.0,
27498,Spencer Strider,DH,0,0.0,0.0,0.0,
27505,Kohei Arihara,DH,0,0.0,0.0,0.0,
27515,Hirokazu Sawamura,DH,0,0.0,0.0,0.0,
27517,Jared Koenig,DH,0,0.0,0.0,0.0,
27552,Graham Ashcraft,DH,0,0.0,0.0,0.0,
27581,Hayden Wesneski,DH,0,0.0,0.0,0.0,
27646,Luis Ortiz,DH,0,0.0,0.0,0.0,
27681,Ken Waldichuk,DH,0,0.0,0.0,0.0,
27691,Louie Varland,DH,0,0.0,0.0,0.0,
27779,Bryce Elder,DH,0,0.0,0.0,0.0,
30074,Chase Silseth,DH,0,0.0,0.0,0.0,
16357,Pablo Reyes,3B,16,0.0,0.0,-0.1,
16357,Pablo Reyes,3B,16,0.0,0.0,-0.1,
21127,Alejo Lopez,DH,156,0.0,0.0,-0.9,
15124,Tim Locastro,OF,46,0.0,0.0,0.0,
15124,Tim Locastro,OF,46,0.0,0.0,0.0,
24729,Logan O'Hoppe,DH,16,0.0,0.0,-0.2,
20157,Matt Batten,DH,22,0.0,0.0,-0.3,
20533,Mickey McDonald,DH,6,0.0,0.0,-0.0,
12719,Dillon Thomas,DH,14,0.0,0.0,-0.1,
22254,Joe Perez,DH,1,0.0,0.0,-0.0,
12880,Tyler Anderson,P,1,0.0,0.0,-0.0,
12880,Tyler Anderson,P,1,0.0,0.0,-0.0,
8241,David Robertson,DH,1,0.0,0.0,-0.0,
17780,Jose Alvarado,DH,1,0.0,0.0,-0.0,
16610,J.P. Feyereisen,DH,0,0.0,0.0,0.0,
16918,Luke Weaver,DH,0,0.0,0.0,0.0,
16943,Sean Newcomb,DH,0,0.0,0.0,0.0,
20080,Mauricio Llovera,DH,0,0.0,0.0,0.0,
20515,Kyle Nelson,DH,0,0.0,0.0,0.0,
30115,Robert Suarez,DH,0,0.0,0.0,0.0,
19553,Simon Muzziotti,DH,9,0.0,0.0,-0.1,
19754,Reiver Sanmartin,DH,2,0.0,0.0,-0.1,
18905,Yusniel Diaz,DH,1,0.0,0.0,-0.0,
19533,Taylor Jones,DH,1,0.0,0.0,-0.0,
17276,Alex Jackson,C,12,0.0,0.0,-0.1,
17276,Alex Jackson,C,12,0.0,0.0,-0.1,
18136,Ka'ai Tom,OF,1,0.0,0.0,-0.0,
18136,Ka'ai Tom,OF,1,0.0,0.0,-0.0,
20510,Jack Larsen,DH,1,0.0,0.0,-0.0,
16572,Connor Joe,1B,467,0.0,0.0,-1.9,
16572,Connor Joe,OF,467,0.0,0.0,-1.9,
16572,Connor Joe,1B,467,0.0,0.0,-1.9,
16572,Connor Joe,OF,467,0.0,0.0,-1.9,
17040,Jose Herrera,DH,124,0.0,0.0,-1.2,
13265,Mike Zunino,C,123,0.0,0.0,-1.1,Sid
13265,Mike Zunino,C,123,0.0,0.0,-1.1,Sid
19354,Luke Raley,OF,72,0.0,0.0,-0.3,
19354,Luke Raley,OF,72,0.0,0.0,-0.3,
23794,Jordan Groshans,DH,65,0.0,0.0,-0.4,
21634,Ford Proctor,DH,22,0.0,0.0,-0.2,
12394,Jason Krizan,DH,10,0.0,0.0,-0.1,
12434,Kevin Pillar,OF,13,0.0,0.0,-0.3,
12434,Kevin Pillar,OF,13,0.0,0.0,-0.3,
19563,Nate Mondou,DH,3,0.0,0.0,-0.0,
19878,Adam Haseley,DH,25,0.0,0.0,-0.2,
13408,Wynton Bernard,DH,42,0.0,0.0,-0.2,
18083,Austin Allen,DH,16,0.0,0.0,-0.3,
13369,Erik Gonzalez,3B,41,-0.1,-1.7,-0.3,
13369,Erik Gonzalez,SS,41,-0.1,-1.7,-0.3,
13369,Erik Gonzalez,3B,41,-0.1,-1.7,-0.3,
13369,Erik Gonzalez,SS,41,-0.1,-1.7,-0.3,
23264,Canaan Smith-Njigba,DH,7,-0.1,-10.0,-0.0,
17807,Drew Jackson,DH,3,-0.1,-23.3,-0.1,
20233,Gilberto Celestino,OF,347,-0.1,-0.2,-2.5,
20233,Gilberto Celestino,OF,347,-0.1,-0.2,-2.5,
18142,Patrick Mazeika,C,72,-0.1,-1.0,-0.7,
18142,Patrick Mazeika,C,72,-0.1,-1.0,-0.7,
22532,Tyler Freeman,DH,86,-0.1,-0.8,-0.4,
19966,Bobby Dalbec,1B,353,-0.1,-0.2,-1.3,
19966,Bobby Dalbec,1B,353,-0.1,-0.2,-1.3,
17766,D.J. Stewart,OF,3,-0.1,-23.3,-0.1,
17766,D.J. Stewart,OF,3,-0.1,-23.3,-0.1,
5486,Abraham Almonte,OF,37,-0.1,-1.9,0.0,
5486,Abraham Almonte,OF,37,-0.1,-1.9,0.0,
23003,Yainer Diaz,DH,9,-0.1,-7.8,-0.1,
18395,Travis Blankenhorn,DH,3,-0.1,-23.3,-0.1,
13325,Deven Marrero,DH,6,-0.1,-11.7,-0.1,
13621,Jeimer Candelario,3B,467,-0.1,-0.1,-2.8,Sid
13621,Jeimer Candelario,3B,467,-0.1,-0.1,-2.8,Sid
4922,Ender Inciarte,OF,8,-0.1,-8.8,-0.1,
4922,Ender Inciarte,OF,8,-0.1,-8.8,-0.1,
15191,Chad Pinder,OF,379,-0.1,-0.2,-1.6,
15191,Chad Pinder,OF,379,-0.1,-0.2,-1.6,
19710,Ronnie Dawson,DH,3,-0.1,-23.3,-0.1,
15983,Clint Frazier,OF,45,-0.1,-1.6,-0.1,
15983,Clint Frazier,OF,45,-0.1,-1.6,-0.1,
19562,Zack Short,SS,13,-0.1,-5.4,-0.1,
19562,Zack Short,SS,13,-0.1,-5.4,-0.1,
26323,Spencer Steer,DH,108,-0.1,-0.6,-0.6,
22164,Payton Henry,DH,35,-0.1,-2.0,-0.3,
18603,Donny Sands,DH,4,-0.1,-17.5,-0.1,
20022,Kramer Robertson,DH,1,-0.1,-70.0,-0.0,
16925,Aramis Garcia,C,115,-0.1,-0.6,-1.6,
16925,Aramis Garcia,C,115,-0.1,-0.6,-1.6,
20002,Bryce Johnson,DH,19,-0.1,-3.7,-0.3,
11470,Tony Wolters,DH,4,-0.1,-17.5,-0.1,
19906,Diego Castillo,DH,283,-0.1,-0.2,-1.7,
24765,Bryan Lavastida,DH,15,-0.1,-4.7,-0.2,
15653,Dominic Smith,OF,152,-0.1,-0.5,-0.6,
15653,Dominic Smith,OF,152,-0.1,-0.5,-0.6,
12984,Jackie Bradley Jr.,OF,370,-0.1,-0.2,-2.9,
12984,Jackie Bradley Jr.,OF,370,-0.1,-0.2,-2.9,
17161,Chad Wallach,C,40,-0.1,-1.8,-0.4,
17161,Chad Wallach,C,40,-0.1,-1.8,-0.4,
13836,Matt Duffy,2B,247,-0.1,-0.3,-1.6,
13836,Matt Duffy,3B,247,-0.1,-0.3,-1.6,
13836,Matt Duffy,2B,247,-0.1,-0.3,-1.6,
13836,Matt Duffy,3B,247,-0.1,-0.3,-1.6,
19828,Cody Thomas,DH,32,-0.1,-2.2,-0.2,
16313,Yairo Munoz,DH,60,-0.1,-1.2,-0.2,
10199,Billy Hamilton,OF,23,-0.1,-3.0,0.2,
10199,Billy Hamilton,OF,23,-0.1,-3.0,0.2,
15214,Brandon Dixon,DH,14,-0.1,-5.0,-0.3,
2829,Manny Pina,C,17,-0.1,-4.1,-0.2,Sid
2829,Manny Pina,C,17,-0.1,-4.1,-0.2,Sid
17737,Josh Lester,DH,5,-0.1,-14.0,-0.1,
20450,Brewer Hicklen,DH,4,-0.1,-17.5,-0.1,
26123,Brett Baty,DH,42,-0.1,-1.7,-0.4,
26299,Josh Jung,DH,102,-0.1,-0.7,-0.8,
22871,Tucupita Marcano,DH,177,-0.1,-0.4,-1.1,
22558,Jarred Kelenic,OF,181,-0.1,-0.4,-1.5,Jesse
22558,Jarred Kelenic,OF,181,-0.1,-0.4,-1.5,Jesse
17473,Narciso Crook,DH,9,-0.1,-7.8,-0.2,
22411,Cal Stevenson,DH,71,-0.1,-1.0,-0.6,
18690,Nick Plummer,DH,31,-0.1,-2.3,-0.2,
18587,Brendon Davis,DH,11,-0.1,-6.4,-0.1,
20242,Kevin Smith,DH,151,-0.1,-0.5,-1.4,
19318,Matt Thaiss,DH,81,-0.1,-0.9,-0.4,
24064,Ezequiel Tovar,DH,35,-0.1,-2.0,-0.2,
20122,Mark Contreras,DH,61,-0.1,-1.1,-0.6,
21871,Jerar Encarnacion,DH,81,-0.1,-0.9,-0.6,
14329,Anthony Alford,OF,4,-0.1,-17.5,-0.0,
14329,Anthony Alford,OF,4,-0.1,-17.5,-0.0,
19334,Yadiel Hernandez,OF,327,-0.1,-0.2,-1.8,
19334,Yadiel Hernandez,OF,327,-0.1,-0.2,-1.8,
13768,Travis Jankowski,OF,64,-0.1,-1.1,-0.5,
13768,Travis Jankowski,OF,64,-0.1,-1.1,-0.5,
21560,Alfonso Rivas,DH,287,-0.1,-0.2,-0.9,
16042,Mark Payton,DH,25,-0.1,-2.8,-0.2,
13329,Jake Lamb,3B,111,-0.1,-0.6,-0.7,
13329,Jake Lamb,OF,111,-0.1,-0.6,-0.7,
13329,Jake Lamb,3B,111,-0.1,-0.6,-0.7,
13329,Jake Lamb,OF,111,-0.1,-0.6,-0.7,
24703,Jonah Bride,DH,187,-0.1,-0.4,-1.4,
14388,Ronald Guzman,DH,6,-0.1,-11.7,-0.2,
17684,Vimael Machin,DH,253,-0.1,-0.3,-1.5,
20599,Ivan Herrera,DH,22,-0.1,-3.2,-0.3,
17307,Luis Liberato,DH,5,-0.1,-14.0,-0.1,
25353,Michael Stefanic,DH,69,-0.1,-1.0,-0.5,
22093,Steele Walker,DH,16,-0.2,-8.8,-0.2,
15082,Adam Engel,OF,260,-0.2,-0.5,-1.3,
15082,Adam Engel,OF,260,-0.2,-0.5,-1.3,
15878,Miguel Andujar,OF,140,-0.2,-1.0,-0.7,
15878,Miguel Andujar,OF,140,-0.2,-1.0,-0.7,
14320,Wilmer Difo,2B,6,-0.2,-23.3,-0.2,
14320,Wilmer Difo,3B,6,-0.2,-23.3,-0.2,
14320,Wilmer Difo,2B,6,-0.2,-23.3,-0.2,
14320,Wilmer Difo,3B,6,-0.2,-23.3,-0.2,
20017,Miles Mastrobuoni,DH,17,-0.2,-8.2,-0.1,
18819,Andy Ibanez,1B,128,-0.2,-1.1,-0.7,
18819,Andy Ibanez,2B,128,-0.2,-1.1,-0.7,
18819,Andy Ibanez,1B,128,-0.2,-1.1,-0.7,
18819,Andy Ibanez,2B,128,-0.2,-1.1,-0.7,
13750,Elier Hernandez,DH,35,-0.2,-4.0,-0.5,
20165,J.J. Matijevic,DH,71,-0.2,-2.0,-0.4,
21840,Freddy Fermin,DH,7,-0.2,-20.0,-0.2,
19818,Josh Palacios,OF,49,-0.2,-2.9,-0.3,
19818,Josh Palacios,OF,49,-0.2,-2.9,-0.3,
22906,Israel Pineda,DH,14,-0.2,-10.0,-0.3,
19842,Caleb Hamilton,DH,23,-0.2,-6.1,-0.2,
22197,MJ Melendez,DH,534,-0.2,-0.3,-1.5,
20805,Carlos Perez,DH,18,-0.2,-7.8,-0.2,
19873,Drew Ellis,3B,17,-0.2,-8.2,-0.1,
19873,Drew Ellis,3B,17,-0.2,-8.2,-0.1,
16221,Bradley Zimmer,OF,117,-0.2,-1.2,-1.0,
16221,Bradley Zimmer,OF,117,-0.2,-1.2,-1.0,
21865,Bo Naylor,DH,8,-0.2,-17.5,-0.2,
17423,Yermin Mercedes,DH,83,-0.2,-1.7,-0.3,
19938,Aaron Whitefield,DH,11,-0.2,-12.7,-0.3,
21837,Jonathan Aranda,DH,87,-0.2,-1.6,-0.3,
22563,Gabriel Arias,DH,57,-0.2,-2.5,-0.2,
13472,Christian Lopes,DH,10,-0.2,-14.0,-0.2,
24491,Travis Swaggerty,DH,9,-0.2,-15.6,-0.2,
15808,Jose Godoy,C,22,-0.2,-6.4,-0.4,
15808,Jose Godoy,C,22,-0.2,-6.4,-0.4,
5667,Steven Souza Jr.,DH,19,-0.2,-7.4,-0.3,
19768,Rylan Bannon,DH,15,-0.2,-9.3,-0.2,
22168,Akil Baddoo,OF,225,-0.2,-0.6,-1.0,Jesse
22168,Akil Baddoo,OF,225,-0.2,-0.6,-1.0,Jesse
25459,Peyton Burdick,DH,102,-0.2,-1.4,-0.4,
14567,Franchy Cordero,OF,275,-0.2,-0.5,-0.4,
14567,Franchy Cordero,OF,275,-0.2,-0.5,-0.4,
19245,Chris Okey,DH,13,-0.2,-10.8,-0.2,
10243,Randal Grichuk,OF,538,-0.2,-0.3,-2.4,
10243,Randal Grichuk,OF,538,-0.2,-0.3,-2.4,
15487,Victor Reyes,OF,336,-0.2,-0.4,-1.5,
15487,Victor Reyes,OF,336,-0.2,-0.4,-1.5,
21735,Sebastian Rivero,C,29,-0.2,-4.8,-0.3,
21735,Sebastian Rivero,C,29,-0.2,-4.8,-0.3,
15672,Austin Meadows,OF,147,-0.2,-1.0,-0.6,Reuben
15672,Austin Meadows,OF,147,-0.2,-1.0,-0.6,Reuben
19967,Ryan Aguilar,DH,26,-0.2,-5.4,-0.5,
15585,Mike Ford,1B,149,-0.2,-0.9,-0.8,
15585,Mike Ford,1B,149,-0.2,-0.9,-0.8,
25845,Michael Toglia,DH,120,-0.2,-1.2,-0.7,
22217,Luis Campusano,DH,50,-0.2,-2.8,-0.4,
22184,Mark Vientos,DH,41,-0.2,-3.4,-0.3,
12399,Taylor Motter,DH,6,-0.2,-23.3,-0.1,
20572,Kody Clemens,DH,127,-0.2,-1.1,-1.0,
18721,Guillermo Heredia,OF,82,-0.2,-1.7,-0.5,
18721,Guillermo Heredia,OF,82,-0.2,-1.7,-0.5,
10200,Tucker Barnhart,C,308,-0.2,-0.5,-2.4,
10200,Tucker Barnhart,C,308,-0.2,-0.5,-2.4,
17750,Max Schrock,OF,27,-0.3,-7.8,-0.4,
17750,Max Schrock,OF,27,-0.3,-7.8,-0.4,
22650,Jordan Diaz,DH,51,-0.3,-4.1,-0.2,
7226,Matt Davidson,DH,37,-0.3,-5.7,-0.3,
6012,Didi Gregorius,SS,232,-0.3,-0.9,-1.3,
6012,Didi Gregorius,SS,232,-0.3,-0.9,-1.3,
27615,Alec Burleson,DH,53,-0.3,-4.0,-0.4,
19432,Yonny Hernandez,3B,28,-0.3,-7.5,-0.3,
19432,Yonny Hernandez,3B,28,-0.3,-7.5,-0.3,
25768,CJ Abrams,DH,302,-0.3,-0.7,-1.4,
12092,Niko Goodrum,SS,45,-0.3,-4.7,-0.5,
12092,Niko Goodrum,SS,45,-0.3,-4.7,-0.5,
20220,Jo Adell,OF,285,-0.3,-0.7,-1.3,Nick
20220,Jo Adell,OF,285,-0.3,-0.7,-1.3,Nick
5254,Robbie Grossman,OF,477,-0.3,-0.4,-2.2,
5254,Robbie Grossman,OF,477,-0.3,-0.4,-2.2,
26368,J.J. Bleday,DH,238,-0.3,-0.9,-1.2,
13854,Anthony Bemboom,DH,59,-0.3,-3.6,-0.7,
22202,Jeter Downs,DH,41,-0.3,-5.1,-0.4,
21780,Esteury Ruiz,DH,36,-0.3,-5.8,-0.5,
16442,Ryan O'Hearn,1B,145,-0.3,-1.4,-0.8,
16442,Ryan O'Hearn,OF,145,-0.3,-1.4,-0.8,
16442,Ryan O'Hearn,1B,145,-0.3,-1.4,-0.8,
16442,Ryan O'Hearn,OF,145,-0.3,-1.4,-0.8,
17838,Willie Calhoun,OF,62,-0.3,-3.4,-0.6,
17838,Willie Calhoun,OF,62,-0.3,-3.4,-0.6,
15905,Luis Torrens,C,166,-0.3,-1.3,-1.2,
15905,Luis Torrens,C,166,-0.3,-1.3,-1.2,
17468,Kelvin Gutierrez,3B,33,-0.3,-6.4,-0.3,
17468,Kelvin Gutierrez,3B,33,-0.3,-6.4,-0.3,
25543,Korey Lee,DH,26,-0.3,-8.1,-0.3,
19956,Mickey Moniak,DH,112,-0.3,-1.9,-0.8,
15170,Josh VanMeter,2B,192,-0.3,-1.1,-1.2,
15170,Josh VanMeter,3B,192,-0.3,-1.1,-1.2,
15170,Josh VanMeter,2B,192,-0.3,-1.1,-1.2,
15170,Josh VanMeter,3B,192,-0.3,-1.1,-1.2,
19514,Andrew Knizner,C,293,-0.3,-0.7,-1.8,
19514,Andrew Knizner,C,293,-0.3,-0.7,-1.8,
22557,Mike Siani,DH,24,-0.3,-8.8,-0.4,
20275,Jonathan Arauz,SS,41,-0.3,-5.1,-0.6,
20275,Jonathan Arauz,SS,41,-0.3,-5.1,-0.6,
10847,Andrelton Simmons,SS,85,-0.3,-2.5,-0.9,Graham
10847,Andrelton Simmons,SS,85,-0.3,-2.5,-0.9,Graham
8203,Dee Strange-Gordon,DH,59,-0.3,-3.6,-0.3,
19667,Zach Reks,DH,34,-0.3,-6.2,-0.3,
22896,Lenyn Sosa,DH,36,-0.3,-5.8,-0.5,
22117,Nick Pratto,DH,182,-0.3,-1.2,-1.1,
5273,Sandy Leon,C,86,-0.4,-3.3,-1.1,
5273,Sandy Leon,C,86,-0.4,-3.3,-1.1,
19181,Zack Collins,C,108,-0.4,-2.6,-0.9,
19181,Zack Collins,C,108,-0.4,-2.6,-0.9,
19627,Brent Rooker,OF,36,-0.4,-7.8,-0.5,
19627,Brent Rooker,OF,36,-0.4,-7.8,-0.5,
24617,Jarren Duran,OF,223,-0.4,-1.3,-1.0,
24617,Jarren Duran,OF,223,-0.4,-1.3,-1.0,
4940,Jason Heyward,OF,151,-0.4,-1.9,-1.1,
4940,Jason Heyward,OF,151,-0.4,-1.9,-1.1,
14691,Harold Castro,2B,443,-0.4,-0.6,-1.8,
14691,Harold Castro,3B,443,-0.4,-0.6,-1.8,
14691,Harold Castro,SS,443,-0.4,-0.6,-1.8,
14691,Harold Castro,2B,443,-0.4,-0.6,-1.8,
14691,Harold Castro,3B,443,-0.4,-0.6,-1.8,
14691,Harold Castro,SS,443,-0.4,-0.6,-1.8,
24589,Richie Palacios,DH,123,-0.4,-2.3,-0.7,
19508,Kyle Lewis,OF,62,-0.4,-4.5,-0.6,Graham
19508,Kyle Lewis,OF,62,-0.4,-4.5,-0.6,Graham
17278,Bobby Bradley,1B,17,-0.4,-16.5,-0.3,
17278,Bobby Bradley,1B,17,-0.4,-16.5,-0.3,
6310,Alcides Escobar,2B,131,-0.4,-2.1,-0.9,
6310,Alcides Escobar,SS,131,-0.4,-2.1,-0.9,
6310,Alcides Escobar,2B,131,-0.4,-2.1,-0.9,
6310,Alcides Escobar,SS,131,-0.4,-2.1,-0.9,
11368,Yasmani Grandal,C,376,-0.4,-0.7,-3.5,Sid
11368,Yasmani Grandal,C,376,-0.4,-0.7,-3.5,Sid
19151,Estevan Florial,DH,35,-0.4,-8.0,-0.3,
16285,Michael Hermosillo,DH,73,-0.4,-3.8,-0.7,
14942,Andrew Knapp,C,46,-0.4,-6.1,-0.4,
14942,Andrew Knapp,C,46,-0.4,-6.1,-0.4,
19977,Tres Barrera,C,53,-0.4,-5.3,-0.8,
19977,Tres Barrera,C,53,-0.4,-5.3,-0.8,
15055,Dom Nunez,C,41,-0.4,-6.8,-0.5,
15055,Dom Nunez,C,41,-0.4,-6.8,-0.5,
11602,Yolmer Sanchez,DH,44,-0.4,-6.4,-0.8,
17023,Magneuris Sierra,OF,96,-0.4,-2.9,-1.1,
17023,Magneuris Sierra,OF,96,-0.4,-2.9,-1.1,
17719,Steven Duggar,OF,80,-0.4,-3.5,-0.7,
17719,Steven Duggar,OF,80,-0.4,-3.5,-0.7,
11342,Jesus Aguilar,1B,507,-0.4,-0.6,-2.6,
11342,Jesus Aguilar,1B,507,-0.4,-0.6,-2.6,
12649,Alex Dickerson,OF,36,-0.4,-7.8,-0.6,
12649,Alex Dickerson,OF,36,-0.4,-7.8,-0.6,
26197,Andrew Vaughn,1B,555,-0.4,-0.5,-1.2,Jesse
26197,Andrew Vaughn,OF,555,-0.4,-0.5,-1.2,Jesse
26197,Andrew Vaughn,1B,555,-0.4,-0.5,-1.2,Jesse
26197,Andrew Vaughn,OF,555,-0.4,-0.5,-1.2,Jesse
20054,Bligh Madris,DH,123,-0.4,-2.3,-1.0,
19262,Garrett Hampson,2B,226,-0.4,-1.2,-1.4,
19262,Garrett Hampson,OF,226,-0.4,-1.2,-1.4,
19262,Garrett Hampson,2B,226,-0.4,-1.2,-1.4,
19262,Garrett Hampson,OF,226,-0.4,-1.2,-1.4,
20536,Vidal Brujan,DH,162,-0.5,-2.2,-1.6,
11902,Hanser Alberto,2B,159,-0.5,-2.2,-1.3,
11902,Hanser Alberto,3B,159,-0.5,-2.2,-1.3,
11902,Hanser Alberto,SS,159,-0.5,-2.2,-1.3,
11902,Hanser Alberto,2B,159,-0.5,-2.2,-1.3,
11902,Hanser Alberto,3B,159,-0.5,-2.2,-1.3,
11902,Hanser Alberto,SS,159,-0.5,-2.2,-1.3,
5222,Justin Upton,OF,57,-0.5,-6.1,-0.8,
5222,Justin Upton,OF,57,-0.5,-6.1,-0.8,
4892,Mike Moustakas,3B,285,-0.5,-1.2,-1.6,
4892,Mike Moustakas,3B,285,-0.5,-1.2,-1.6,
22515,Heliot Ramos,DH,22,-0.5,-15.9,-0.3,
22458,Taylor Walls,SS,466,-0.5,-0.8,-2.3,Reuben
22458,Taylor Walls,SS,466,-0.5,-0.8,-2.3,Reuben
18027,Hoy Park,2B,60,-0.5,-5.8,-0.1,
18027,Hoy Park,2B,60,-0.5,-5.8,-0.1,
15402,Jack Mayfield,3B,74,-0.5,-4.7,-0.8,
15402,Jack Mayfield,3B,74,-0.5,-4.7,-0.8,
16959,Eddy Alvarez,3B,27,-0.5,-13.0,-0.5,
16959,Eddy Alvarez,3B,27,-0.5,-13.0,-0.5,
21853,Will Benson,DH,61,-0.5,-5.7,-0.6,
16375,Oscar Mercado,OF,128,-0.5,-2.7,-0.8,
16375,Oscar Mercado,OF,128,-0.5,-2.7,-0.8,
13367,Stephen Piscotty,OF,139,-0.5,-2.5,-0.9,
13367,Stephen Piscotty,OF,139,-0.5,-2.5,-0.9,
8418,Ehire Adrianza,OF,110,-0.5,-3.2,-0.9,
8418,Ehire Adrianza,OF,110,-0.5,-3.2,-0.9,
15958,Travis Demeritte,DH,96,-0.5,-3.6,-0.9,
12977,Michael Perez,C,132,-0.5,-2.7,-1.3,
12977,Michael Perez,C,132,-0.5,-2.7,-1.3,
19824,Chuckie Robinson,DH,60,-0.5,-5.8,-1.1,
15608,Willians Astudillo,1B,55,-0.5,-6.4,-0.5,
15608,Willians Astudillo,3B,55,-0.5,-6.4,-0.5,
15608,Willians Astudillo,1B,55,-0.5,-6.4,-0.5,
15608,Willians Astudillo,3B,55,-0.5,-6.4,-0.5,
20178,Miguel Vargas,DH,50,-0.5,-7.0,-0.5,
9077,Lorenzo Cain,OF,156,-0.5,-2.2,-1.7,Sid
9077,Lorenzo Cain,OF,156,-0.5,-2.2,-1.7,Sid
13807,Kevin Plawecki,C,186,-0.5,-1.9,-1.6,
13807,Kevin Plawecki,C,186,-0.5,-1.9,-1.6,
19635,Sheldon Neuse,DH,293,-0.5,-1.2,-1.6,
5384,Juan Lagares,OF,62,-0.5,-5.6,-0.7,
5384,Juan Lagares,OF,62,-0.5,-5.6,-0.7,
17954,Sam Hilliard,OF,200,-0.5,-1.8,-1.4,
17954,Sam Hilliard,OF,200,-0.5,-1.8,-1.4,
19625,David MacKinnon,DH,57,-0.6,-7.4,-0.7,
10324,Marcell Ozuna,OF,507,-0.6,-0.8,-2.5,Nick
10324,Marcell Ozuna,OF,507,-0.6,-0.8,-2.5,Nick
5760,Avisail Garcia,OF,380,-0.6,-1.1,-2.7,
5760,Avisail Garcia,OF,380,-0.6,-1.1,-2.7,
7949,Tim Beckham,DH,25,-0.6,-16.8,-0.6,
12976,Austin Hedges,C,338,-0.6,-1.2,-3.8,
12976,Austin Hedges,C,338,-0.6,-1.2,-3.8,
15730,Tyler Wade,3B,163,-0.6,-2.6,-1.3,
15730,Tyler Wade,OF,163,-0.6,-2.6,-1.3,
15730,Tyler Wade,SS,163,-0.6,-2.6,-1.3,
15730,Tyler Wade,3B,163,-0.6,-2.6,-1.3,
15730,Tyler Wade,OF,163,-0.6,-2.6,-1.3,
15730,Tyler Wade,SS,163,-0.6,-2.6,-1.3,
3298,Charlie Culberson,3B,124,-0.6,-3.4,-0.8,
3298,Charlie Culberson,3B,124,-0.6,-3.4,-0.8,
19331,Jose Rojas,2B,57,-0.6,-7.4,-1.0,
19331,Jose Rojas,OF,57,-0.6,-7.4,-1.0,
19331,Jose Rojas,2B,57,-0.6,-7.4,-1.0,
19331,Jose Rojas,OF,57,-0.6,-7.4,-1.0,
18899,Lucius Fox,DH,28,-0.6,-15.0,-0.5,
20325,Alex Kirilloff,1B,156,-0.6,-2.7,-1.0,
20325,Alex Kirilloff,OF,156,-0.6,-2.7,-1.0,
20325,Alex Kirilloff,1B,156,-0.6,-2.7,-1.0,
20325,Alex Kirilloff,OF,156,-0.6,-2.7,-1.0,
16593,Kevin Padlo,DH,34,-0.6,-12.4,-0.6,
22169,Calvin Mitchell,DH,232,-0.6,-1.8,-0.9,
5000,Stephen Vogt,C,191,-0.6,-2.2,-1.3,
5000,Stephen Vogt,C,191,-0.6,-2.2,-1.3,
17893,Tyler Nevin,DH,184,-0.6,-2.3,-1.4,
18607,Jared Walsh,1B,454,-0.6,-0.9,-2.4,Alden
18607,Jared Walsh,OF,454,-0.6,-0.9,-2.4,Alden
18607,Jared Walsh,1B,454,-0.6,-0.9,-2.4,Alden
18607,Jared Walsh,OF,454,-0.6,-0.9,-2.4,Alden
13723,Jacob Stallings,C,384,-0.6,-1.1,-3.3,Graham
13723,Jacob Stallings,C,384,-0.6,-1.1,-3.3,Graham
8722,Jason Castro,C,88,-0.6,-4.8,-1.0,
8722,Jason Castro,C,88,-0.6,-4.8,-1.0,
15654,Billy McKinney,OF,57,-0.6,-7.4,-1.3,
15654,Billy McKinney,OF,57,-0.6,-7.4,-1.3,
17321,Michael Chavis,2B,426,-0.6,-1.0,-2.0,
17321,Michael Chavis,2B,426,-0.6,-1.0,-2.0,
11982,Travis Shaw,1B,19,-0.6,-22.1,-0.5,
11982,Travis Shaw,3B,19,-0.6,-22.1,-0.5,
11982,Travis Shaw,1B,19,-0.6,-22.1,-0.5,
11982,Travis Shaw,3B,19,-0.6,-22.1,-0.5,
19293,Nick Senzel,OF,420,-0.6,-1.0,-2.9,Nick
19293,Nick Senzel,OF,420,-0.6,-1.0,-2.9,Nick
10030,Chris Owings,DH,68,-0.7,-7.2,-0.9,
18365,Lewin Diaz,1B,174,-0.7,-2.8,-1.7,
18365,Lewin Diaz,1B,174,-0.7,-2.8,-1.7,
19314,Donovan Walton,2B,78,-0.7,-6.3,-0.9,
19314,Donovan Walton,2B,78,-0.7,-6.3,-0.9,
15351,Frank Schwindel,1B,292,-0.7,-1.7,-2.0,Benji
15351,Frank Schwindel,1B,292,-0.7,-1.7,-2.0,Benji
17710,Matt Beaty,1B,47,-0.7,-10.4,-0.7,
17710,Matt Beaty,OF,47,-0.7,-10.4,-0.7,
17710,Matt Beaty,1B,47,-0.7,-10.4,-0.7,
17710,Matt Beaty,OF,47,-0.7,-10.4,-0.7,
19844,Abraham Toro,2B,352,-0.7,-1.4,-2.6,Reuben
19844,Abraham Toro,3B,352,-0.7,-1.4,-2.6,Reuben
19844,Abraham Toro,2B,352,-0.7,-1.4,-2.6,Reuben
19844,Abraham Toro,3B,352,-0.7,-1.4,-2.6,Reuben
9929,Darin Ruf,1B,388,-0.7,-1.3,-1.4,Reuben
9929,Darin Ruf,OF,388,-0.7,-1.3,-1.4,Reuben
9929,Darin Ruf,1B,388,-0.7,-1.3,-1.4,Reuben
9929,Darin Ruf,OF,388,-0.7,-1.3,-1.4,Reuben
10953,Phil Gosselin,1B,77,-0.7,-6.4,-1.4,
10953,Phil Gosselin,3B,77,-0.7,-6.4,-1.4,
10953,Phil Gosselin,OF,77,-0.7,-6.4,-1.4,
10953,Phil Gosselin,1B,77,-0.7,-6.4,-1.4,
10953,Phil Gosselin,3B,77,-0.7,-6.4,-1.4,
10953,Phil Gosselin,OF,77,-0.7,-6.4,-1.4,
11737,Nick Castellanos,OF,558,-0.8,-1.0,-2.4,Benji
11737,Nick Castellanos,OF,558,-0.8,-1.0,-2.4,Benji
19458,Cooper Hummel,DH,201,-0.8,-2.8,-1.3,
17326,Cole Tucker,SS,63,-0.8,-8.9,-0.7,
17326,Cole Tucker,SS,63,-0.8,-8.9,-0.7,
21386,Michael Papierski,DH,103,-0.8,-5.4,-1.5,
12371,Tommy La Stella,2B,195,-0.8,-2.9,-1.2,
12371,Tommy La Stella,2B,195,-0.8,-2.9,-1.2,
12179,Maikel Franco,3B,388,-0.8,-1.4,-3.3,
12179,Maikel Franco,3B,388,-0.8,-1.4,-3.3,
8259,Kurt Suzuki,C,159,-0.8,-3.5,-1.6,
8259,Kurt Suzuki,C,159,-0.8,-3.5,-1.6,
2434,Nelson Cruz,DH,507,-0.8,-1.1,-2.8,Nick
4314,Joey Votto,1B,376,-0.9,-1.7,-2.1,Nick
4314,Joey Votto,1B,376,-0.9,-1.7,-2.1,Nick
18371,Jermaine Palacios,DH,77,-0.9,-8.2,-0.9,
12164,Miguel Sano,1B,71,-0.9,-8.9,-1.1,Benji
12164,Miguel Sano,1B,71,-0.9,-8.9,-1.1,Benji
19198,Yuli Gurriel,1B,584,-0.9,-1.1,-2.6,Alden
19198,Yuli Gurriel,1B,584,-0.9,-1.1,-2.6,Alden
20493,Seth Beer,DH,126,-0.9,-5.0,-1.4,Alden
15117,Hunter Dozier,1B,500,-1.0,-1.4,-3.5,
15117,Hunter Dozier,3B,500,-1.0,-1.4,-3.5,
15117,Hunter Dozier,OF,500,-1.0,-1.4,-3.5,
15117,Hunter Dozier,1B,500,-1.0,-1.4,-3.5,
15117,Hunter Dozier,3B,500,-1.0,-1.4,-3.5,
15117,Hunter Dozier,OF,500,-1.0,-1.4,-3.5,
27465,Spencer Torkelson,DH,404,-1.0,-1.7,-2.7,
19948,Cristian Pache,OF,260,-1.0,-2.7,-2.9,
19948,Cristian Pache,OF,260,-1.0,-2.7,-2.9,
4418,Jed Lowrie,2B,184,-1.0,-3.8,-1.6,
4418,Jed Lowrie,2B,184,-1.0,-3.8,-1.6,
20352,Ernie Clement,2B,179,-1.0,-3.9,-2.1,
20352,Ernie Clement,3B,179,-1.0,-3.9,-2.1,
20352,Ernie Clement,2B,179,-1.0,-3.9,-2.1,
20352,Ernie Clement,3B,179,-1.0,-3.9,-2.1,
11200,Kole Calhoun,OF,424,-1.1,-1.8,-2.8,
11200,Kole Calhoun,OF,424,-1.1,-1.8,-2.8,
5913,Leury Garcia,2B,315,-1.1,-2.4,-2.5,
5913,Leury Garcia,OF,315,-1.1,-2.4,-2.5,
5913,Leury Garcia,SS,315,-1.1,-2.4,-2.5,
5913,Leury Garcia,2B,315,-1.1,-2.4,-2.5,
5913,Leury Garcia,OF,315,-1.1,-2.4,-2.5,
5913,Leury Garcia,SS,315,-1.1,-2.4,-2.5,
5491,Austin Romine,C,136,-1.1,-5.7,-1.8,
5491,Austin Romine,C,136,-1.1,-5.7,-1.8,
14566,Franmil Reyes,DH,473,-1.1,-1.6,-2.8,Nick
12155,Eddie Rosario,OF,270,-1.1,-2.9,-1.6,Benji
12155,Eddie Rosario,OF,270,-1.1,-2.9,-1.6,Benji
12775,Brad Miller,1B,241,-1.1,-3.2,-1.7,
12775,Brad Miller,OF,241,-1.1,-3.2,-1.7,
12775,Brad Miller,1B,241,-1.1,-3.2,-1.7,
12775,Brad Miller,OF,241,-1.1,-3.2,-1.7,
23378,Jose Barrero,DH,174,-1.2,-4.8,-2.2,
19864,Riley Adams,C,155,-1.2,-5.4,-1.4,
19864,Riley Adams,C,155,-1.2,-5.4,-1.4,
27459,Yoshi Tsutsugo,1B,193,-1.3,-4.7,-2.0,
27459,Yoshi Tsutsugo,OF,193,-1.3,-4.7,-2.0,
27459,Yoshi Tsutsugo,1B,193,-1.3,-4.7,-2.0,
27459,Yoshi Tsutsugo,OF,193,-1.3,-4.7,-2.0,
10071,Jonathan Villar,3B,220,-1.3,-4.1,-1.2,
10071,Jonathan Villar,SS,220,-1.3,-4.1,-1.2,
10071,Jonathan Villar,3B,220,-1.3,-4.1,-1.2,
10071,Jonathan Villar,SS,220,-1.3,-4.1,-1.2,
3269,Robinson Cano,DH,104,-1.4,-9.4,-1.8,
11680,Elias Diaz,C,381,-1.4,-2.6,-3.2,
11680,Elias Diaz,C,381,-1.4,-2.6,-3.2,
1744,Miguel Cabrera,1B,433,-1.5,-2.4,-3.2,
1744,Miguel Cabrera,1B,433,-1.5,-2.4,-3.2,
3142,Robinson Chirinos,C,220,-1.6,-5.1,-1.8,
3142,Robinson Chirinos,C,220,-1.6,-5.1,-1.8,
