"Name","Team","W","L","SV","G","GS","IP","K/9","BB/9","HR/9","BABIP","LOB%","GB%","HR/FB","vFA (pi)","ERA","xERA","FIP","xFIP","WAR","playerid"
"Kevin Gausman","TOR","2","1","0","5","5","31.2","11.65","0.00","0.00",".383","71.0%","41.3%","0.0%","94.7","2.27","","0.51","1.67","1.9","14107"
"Carlos Rodon","SFG","3","1","0","5","5","29.0","12.72","3.10","0.00",".237","80.0%","37.3%","0.0%","96.4","1.55","","1.41","2.77","1.3","16137"
"Michael King","NYY","2","0","1","8","0","17.2","12.74","1.53","0.00",".286","84.6%","42.9%","0.0%","95.7","0.51","","0.78","1.55","1.2","19853"
"Joe Musgrove","SDP","4","0","0","5","5","32.0","9.28","0.56","0.56",".294","73.5%","44.7%","7.4%","92.4","1.97","","2.14","2.47","1.2","12970"
"Kyle Wright","ATL","3","1","0","5","5","31.0","10.74","2.03","0.29",".301","85.4%","53.4%","4.5%","95.4","1.74","","2.10","2.65","1.1","19665"
"Dylan Cease","CHW","3","1","0","5","5","29.0","12.10","3.10","0.31",".250","75.2%","45.3%","3.7%","96.7","2.48","","2.00","2.82","1.1","18525"
"Tylor Megill","NYM","4","1","0","6","6","33.1","9.72","2.16","0.54",".238","77.2%","45.2%","7.1%","95.7","2.43","","2.44","2.81","1.0","21318"
"Pablo Lopez","MIA","3","1","0","5","5","28.0","9.64","1.93","0.32",".261","84.7%","44.3%","4.5%","92.9","1.29","","2.07","2.67","1.0","17085"
"Max Fried","ATL","3","2","0","5","5","30.0","8.10","0.30","0.60",".271","67.5%","52.9%","8.7%","94.7","3.00","","2.47","2.65","1.0","13743"
"Merrill Kelly","ARI","2","1","0","5","5","28.1","8.26","2.22","0.00",".275","86.7%","46.3%","0.0%","92.4","1.27","","2.12","3.41","1.0","11156"
"Tarik Skubal","DET","1","2","0","4","4","20.2","8.71","1.31","0.00",".354","53.8%","50.8%","0.0%","94.5","3.92","","1.60","2.79","0.9","22267"
"Clayton Kershaw","LAD","3","0","0","4","4","23.0","11.74","0.78","0.78",".240","77.5%","48.1%","11.1%","90.9","2.35","","2.02","1.95","0.9","2036"
"Steven Matz","STL","3","1","0","5","5","23.2","10.27","1.90","0.38",".400","68.5%","36.6%","5.6%","","4.56","","2.13","2.62","0.8","13361"
"Paul Blackburn","OAK","3","0","0","5","5","24.1","8.51","1.11","0.37",".292","78.7%","50.0%","5.9%","92.3","2.22","","2.12","2.53","0.8","14739"
"Chris Paddack","MIN","1","2","0","4","4","20.0","7.20","0.90","0.00",".323","69.6%","45.0%","0.0%","93.4","3.15","","1.95","3.24","0.8","20099"
"Zac Gallen","ARI","1","0","0","4","4","21.1","8.02","1.69","0.00",".200","83.3%","43.6%","0.0%","94.3","1.27","","2.31","3.96","0.7","19291"
"Corbin Burnes","MIL","1","1","0","5","5","32.2","11.85","1.93","1.10",".200","93.1%","46.4%","16.7%","","1.93","","2.89","2.30","0.7","19361"
"Garrett Whitlock","BOS","1","1","1","7","3","21.2","12.05","1.66","0.83",".196","90.2%","43.8%","10.5%","95.5","1.25","","2.18","2.17","0.7","20191"
"Carlos Carrasco","NYM","2","1","0","5","5","30.0","8.40","1.80","0.60",".265","71.9%","42.9%","6.7%","93.2","3.30","","2.90","3.40","0.7","6632"
"Frankie Montas","OAK","2","2","0","6","6","36.2","9.08","2.21","0.98",".228","68.0%","44.8%","11.8%","96.2","3.44","","3.32","3.16","0.7","14309"
"Martin Perez","TEX","0","2","0","5","5","28.0","6.43","2.89","0.00",".256","74.2%","53.8%","0.0%","93.1","2.25","","2.85","4.02","0.7","6902"
"Nestor Cortes","NYY","1","1","0","5","5","24.2","11.31","2.55","0.73",".298","86.2%","32.2%","8.0%","90.3","1.82","","2.50","2.82","0.7","17874"
"Zach Eflin","PHI","1","2","0","5","5","24.0","6.75","1.88","0.38",".325","55.6%","44.9%","3.8%","93.7","4.50","","2.90","3.83","0.7","13774"
"Bruce Zimmermann","BAL","1","1","0","5","5","24.1","9.25","2.96","0.37",".333","75.9%","38.5%","4.8%","90.8","2.59","","2.82","3.45","0.7","20370"
"Miles Mikolas","STL","1","1","0","5","5","29.2","7.58","1.21","0.61",".229","90.9%","45.9%","6.1%","93.1","1.52","","2.90","3.54","0.7","9803"
"Freddy Peralta","MIL","1","1","0","5","5","23.0","11.74","3.91","0.39",".339","62.1%","45.0%","5.0%","93.1","5.09","","2.50","3.11","0.7","18679"
"Logan Webb","SFG","3","1","0","5","5","30.1","5.93","1.78","0.30",".323","74.5%","61.6%","4.8%","92.6","3.26","","2.81","3.32","0.7","17995"
"Justin Verlander","HOU","3","1","0","5","5","32.2","8.54","1.10","1.10",".192","92.4%","37.0%","10.8%","94.9","1.93","","3.26","3.20","0.7","8700"
"Patrick Sandoval","LAA","1","1","0","4","4","21.0","9.43","3.86","0.00",".273","79.2%","37.0%","0.0%","93.4","1.29","","2.29","3.85","0.7","19447"
"Shohei Ohtani","LAA","2","2","0","4","4","19.1","13.97","2.33","0.93",".326","65.9%","35.6%","12.5%","97.5","4.19","","2.12","1.90","0.7","19755"
"Tyler Mahle","CIN","1","4","0","6","6","25.2","9.12","4.91","0.35",".367","51.6%","32.9%","2.9%","93.6","7.01","","3.22","4.57","0.7","16358"
"Eric Lauer","MIL","2","0","0","4","4","23.1","13.11","1.93","1.16",".294","90.4%","28.8%","12.0%","94.1","1.93","","2.50","2.29","0.7","19316"
"Joe Ryan","MIN","3","1","0","5","5","27.2","9.11","2.28","0.65",".212","90.5%","36.4%","6.1%","92.4","1.63","","3.10","3.78","0.7","21390"
"Max Scherzer","NYM","4","0","0","5","5","31.0","12.19","2.61","1.16",".197","83.3%","34.4%","13.3%","94.2","2.61","","3.04","2.68","0.7","3137"
"Michael Kopech","CHW","0","0","0","5","5","23.0","9.00","4.30","0.00",".232","84.0%","30.4%","0.0%","95.8","1.17","","2.67","4.38","0.7","17282"
"Walker Buehler","LAD","3","1","0","5","5","29.2","7.89","2.12","0.61",".286","87.0%","40.0%","6.1%","95.3","2.12","","3.14","3.77","0.7","19374"
"Brandon Woodruff","MIL","3","1","0","5","5","24.1","11.47","2.96","0.74",".311","60.3%","41.0%","7.1%","96.2","5.18","","2.86","3.35","0.6","16162"
"Jesus Luzardo","MIA","2","1","0","4","4","20.1","12.39","3.98","0.44",".273","68.0%","35.6%","6.3%","97.3","3.10","","2.32","2.75","0.6","19959"
"Chris Bassitt","NYM","3","2","0","5","5","31.0","9.87","2.32","0.87",".247","82.7%","45.3%","10.0%","92.4","2.61","","3.23","3.29","0.6","12304"
"Triston McKenzie","CLE","1","2","0","5","4","23.1","9.26","2.70","0.39",".271","78.1%","34.5%","3.6%","92.8","2.70","","2.89","3.96","0.6","18000"
"Shane McClanahan","TBR","1","2","0","5","5","27.0","14.00","2.33","1.33",".302","80.4%","56.1%","26.7%","97.5","3.00","","2.81","1.64","0.6","21483"
"Logan Gilbert","SEA","4","0","0","5","5","28.0","8.68","2.57","0.64",".225","99.2%","37.0%","7.1%","95.7","0.64","","3.07","3.50","0.6","22250"
"Adrian Houser","MIL","2","2","0","4","4","21.1","6.75","4.22","0.00",".246","76.0%","39.3%","0.0%","94.7","2.53","","3.01","4.35","0.6","12718"
"Zack Wheeler","PHI","1","3","0","5","5","26.1","8.54","3.08","0.34",".315","69.4%","40.5%","3.8%","95.8","4.10","","3.07","3.91","0.6","10310"
"Alek Manoah","TOR","4","0","0","5","5","31.0","9.29","2.32","0.87",".203","96.5%","36.4%","8.6%","94.3","1.45","","3.17","3.44","0.6","26410"
"Shane Bieber","CLE","1","1","0","5","5","29.1","8.90","1.84","0.92",".250","79.8%","39.0%","9.7%","91.4","2.45","","3.07","3.18","0.6","19427"
"Corey Kluber","TBR","1","1","0","5","5","26.2","8.44","2.03","0.68",".282","84.0%","43.8%","7.1%","90.8","2.36","","2.99","3.44","0.6","2429"
"Patrick Corbin","WSN","0","5","0","6","6","27.2","8.46","4.23","0.33",".387","53.4%","46.2%","3.6%","91.1","7.16","","3.32","4.23","0.6","9323"
"Jordan Montgomery","NYY","0","1","0","5","5","25.0","7.20","1.80","0.36",".260","75.2%","47.9%","4.2%","92.3","2.88","","2.98","3.77","0.5","16511"
"Jameson Taillon","NYY","2","1","0","5","5","25.1","7.46","0.71","1.07",".308","85.3%","42.3%","9.1%","94.0","2.84","","3.34","3.57","0.5","11674"
"Brad Keller","KCR","1","2","0","5","5","31.0","5.52","2.32","0.58",".186","81.9%","51.1%","7.1%","94.0","1.74","","3.49","3.88","0.5","15734"
"Noah Syndergaard","LAA","2","1","0","4","4","24.0","5.25","1.88","0.38",".230","76.3%","50.7%","3.7%","95.1","2.63","","3.35","4.34","0.5","11762"
"Austin Gomber","COL","2","2","0","5","5","27.2","8.46","2.60","0.98",".311","70.5%","47.3%","12.5%","91.2","3.58","","3.50","3.27","0.5","16561"
"Josh Hader","MIL","0","0","10","10","0","9.1","14.46","3.86","0.00",".133","100.0%","46.7%","0.0%","","0.00","","1.18","2.19","0.5","14212"
"MacKenzie Gore","SDP","2","0","0","4","4","21.0","9.43","3.86","0.43",".283","89.0%","41.5%","5.3%","95.2","1.71","","2.91","3.52","0.5","22201"
"Adam Wainwright","STL","3","3","0","6","6","34.0","7.41","3.44","0.53",".299","77.7%","57.6%","8.0%","88.3","3.18","","3.37","3.60","0.5","2233"
"J.P. Feyereisen","TBR","2","0","0","9","2","11.2","9.26","0.77","0.00",".115","100.0%","38.5%","0.0%","93.0","0.00","","1.30","3.05","0.5","16610"
"Ross Stripling","TOR","0","0","0","6","4","19.0","7.11","1.89","0.47",".300","69.4%","52.5%","5.9%","92.2","3.79","","2.84","3.37","0.5","13273"
"Jorge Lopez","BAL","2","1","4","11","0","12.1","10.22","4.38","0.00",".207","83.3%","55.2%","0.0%","97.7","1.46","","2.29","3.17","0.5","14527"
"Andrew Heaney","LAD","1","0","0","2","2","10.1","13.94","2.61","0.00",".200","87.5%","45.0%","0.0%","91.7","0.00","","1.17","2.09","0.5","15423"
"A.J. Minter","ATL","0","0","0","11","0","10.2","13.50","1.69","0.00",".238","62.5%","23.8%","0.0%","96.5","2.53","","0.95","2.60","0.5","18655"
"Jeffrey Springs","TBR","1","0","0","9","1","13.0","9.69","2.08","0.00",".233","90.0%","51.7%","0.0%","92.1","0.69","","1.64","2.58","0.5","17677"
"David Robertson","CHC","1","0","5","10","0","11.0","13.09","4.09","0.00",".056","100.0%","50.0%","0.0%","","0.00","","1.56","2.55","0.5","8241"
"Julio Urias","LAD","2","1","0","5","5","24.0","7.13","3.00","0.75",".188","74.3%","39.4%","6.5%","92.6","1.88","","3.73","4.40","0.5","14765"
"Sean Manaea","SDP","2","2","0","5","5","30.0","9.00","3.30","0.90",".234","68.3%","40.0%","8.6%","","3.60","","3.50","3.79","0.5","15873"
"Drew Rasmussen","TBR","2","1","0","5","5","23.0","8.22","1.96","0.78",".210","71.4%","39.1%","9.1%","96.1","3.13","","3.19","3.36","0.5","25385"
"Brad Boxberger","MIL","1","0","0","9","0","7.2","7.04","1.17","0.00",".304","75.0%","43.5%","0.0%","93.7","2.35","","1.93","2.99","0.4","10133"
"Humberto Castellanos","ARI","2","1","0","6","4","19.2","5.49","2.75","0.00",".302","63.0%","35.5%","0.0%","88.8","4.12","","3.10","4.97","0.4","21183"
"Ryan Helsley","STL","0","0","1","7","0","8.1","17.28","0.00","0.00",".100","100.0%","50.0%","0.0%","99.4","0.00","","-0.74","-0.08","0.4","18138"
"Clay Holmes","NYY","2","0","2","13","0","13.0","9.00","1.38","0.00",".265","91.7%","82.4%","0.0%","97.8","0.69","","1.80","2.01","0.4","13649"
"Jordan Romano","TOR","1","1","12","14","0","13.1","10.13","2.03","0.68",".294","87.3%","41.2%","9.1%","96.7","1.35","","2.50","2.65","0.4","16122"
"Kyle Freeland","COL","1","3","0","5","5","26.0","7.27","2.42","1.04",".329","64.2%","50.6%","13.6%","91.2","4.85","","4.14","3.79","0.4","16256"
"Chad Kuhl","COL","3","0","0","4","4","23.2","6.46","2.66","0.76",".177","87.2%","45.3%","9.1%","94.3","1.90","","3.65","3.82","0.4","14975"
"David Bednar","PIT","0","0","3","10","0","11.2","13.11","2.31","0.77",".261","100.0%","25.0%","8.3%","96.7","0.77","","2.08","2.36","0.4","19569"
"Hector Neris","HOU","1","1","0","13","0","12.0","9.00","0.75","0.00",".200","87.5%","23.3%","0.0%","94.2","0.75","","1.60","3.53","0.4","11804"
"Victor Arano","WSN","0","0","0","12","0","11.1","11.91","2.38","0.00",".393","60.0%","55.6%","0.0%","93.9","4.76","","1.52","2.24","0.4","15915"
"Tony Gonsolin","LAD","2","0","0","5","5","22.0","7.36","3.68","0.41",".230","84.7%","48.4%","4.8%","93.5","1.64","","3.42","4.13","0.4","19388"
"Eduardo Rodriguez","DET","0","2","0","5","5","25.1","8.17","2.84","1.07",".286","38.2%","34.2%","9.1%","92.5","5.33","","3.78","4.00","0.4","13164"
"Daniel Bard","COL","1","0","7","9","0","9.0","13.00","0.00","1.00",".222","87.0%","31.6%","10.0%","98.4","2.00","","1.99","2.06","0.4","7115"
"Yu Darvish","SDP","2","1","0","5","5","26.1","8.54","3.42","0.68",".264","66.2%","40.5%","7.7%","95.1","4.44","","3.56","3.91","0.4","13074"
"Chris Stratton","PIT","1","1","2","11","0","10.1","8.71","0.87","0.00",".432","58.8%","48.6%","0.0%","92.2","5.23","","1.46","3.04","0.4","13761"
"Kendall Graveman","CHW","0","1","1","12","0","13.1","9.45","2.70","0.00",".257","69.2%","58.8%","0.0%","96.2","1.35","","1.90","2.82","0.4","15514"
"Brock Burke","TEX","3","0","0","8","0","14.0","13.50","1.93","0.64",".387","82.2%","35.5%","10.0%","95.0","1.93","","1.68","1.72","0.4","17968"
"Trevor Stephan","CLE","2","0","0","11","0","11.1","10.32","2.38","0.00",".222","66.7%","51.9%","0.0%","96.8","1.59","","1.60","2.68","0.4","19932"
"Dillon Tate","BAL","0","1","0","11","0","13.0","6.92","1.38","0.00",".206","66.7%","55.9%","0.0%","","2.08","","2.03","2.76","0.4","17796"
"Taylor Rogers","SDP","0","0","10","11","0","10.2","8.44","0.84","0.00",".160","100.0%","48.0%","0.0%","94.3","0.00","","1.79","2.81","0.4","13449"
"Dillon Peters","PIT","3","0","0","8","2","16.2","7.02","3.24","0.00",".056","100.0%","52.8%","0.0%","93.0","0.00","","2.62","3.77","0.4","18790"
"Tim Mayza","TOR","1","0","0","11","0","9.2","9.31","0.93","0.00",".269","87.5%","65.4%","0.0%","","0.93","","1.35","1.49","0.4","15042"
"Antonio Senzatela","COL","2","1","0","4","4","19.2","2.75","1.37","0.46",".421","73.0%","42.7%","5.3%","94.0","3.66","","3.77","4.42","0.4","15488"
"Josiah Gray","WSN","3","2","0","5","5","26.0","10.73","4.85","1.04",".288","84.4%","25.0%","10.7%","93.6","3.12","","3.95","3.91","0.4","24580"
"Jalen Beeks","TBR","1","0","0","5","0","9.1","12.54","2.89","0.00",".235","100.0%","47.1%","0.0%","95.1","0.00","","1.28","2.01","0.4","17192"
"Kyle Gibson","PHI","2","1","0","5","5","27.2","8.46","3.90","0.98",".211","77.5%","60.3%","16.7%","92.1","2.93","","3.94","3.41","0.4","10123"
"Aaron Nola","PHI","1","3","0","5","5","27.2","11.06","1.63","1.63",".267","77.3%","56.3%","23.8%","92.4","3.90","","3.86","2.54","0.4","16149"
"Tyler Anderson","LAD","2","0","0","4","2","17.2","7.64","2.04","0.51",".250","79.5%","43.8%","5.9%","90.5","2.55","","3.16","3.73","0.4","12880"
"Kenley Jansen","ATL","0","0","7","10","0","10.0","11.70","1.80","0.00",".190","50.0%","28.6%","0.0%","","2.70","","1.10","2.73","0.4","3096"
"Erik Swanson","SEA","0","0","0","9","0","9.2","12.10","0.93","0.00",".304","100.0%","30.4%","0.0%","94.1","0.00","","0.73","2.27","0.4","16587"
"Jeff Hoffman","CIN","0","0","0","9","0","14.1","8.79","3.14","0.00",".325","77.8%","32.5%","0.0%","94.9","1.88","","2.20","4.28","0.4","17432"
"Collin McHugh","ATL","0","0","0","9","0","10.0","14.40","1.80","0.90",".440","71.4%","26.9%","8.3%","90.6","4.50","","1.80","2.13","0.4","7531"
"Scott Effross","CHC","0","1","0","11","1","11.1","9.53","0.79","0.00",".290","60.0%","48.4%","0.0%","91.4","1.59","","1.25","2.57","0.4","18384"
"Tanner Houck","BOS","2","1","0","5","3","18.2","8.20","4.82","0.00",".277","79.2%","38.3%","0.0%","95.4","2.41","","3.05","4.07","0.4","19879"
"Wil Crowe","PIT","1","1","1","9","0","16.2","9.18","2.70","0.00",".233","81.3%","50.0%","0.0%","94.8","1.08","","2.14","3.20","0.3","19800"
"Daniel Hudson","LAD","1","1","1","8","0","7.2","11.74","2.35","0.00",".211","66.7%","66.7%","0.0%","96.7","1.17","","1.28","1.99","0.3","7146"
"Michael Wacha","BOS","3","0","0","5","5","26.0","6.58","3.81","0.69",".162","94.3%","44.3%","8.0%","93.4","1.38","","3.91","4.22","0.3","14078"
"Alex Cobb","SFG","1","1","0","3","3","10.0","12.60","4.50","0.00",".452","42.1%","73.3%","0.0%","","5.40","","1.80","2.62","0.3","6562"
"Dany Jimenez","OAK","1","1","4","10","0","10.0","9.00","1.80","0.00",".276","80.0%","48.3%","0.0%","94.2","0.00","","1.70","3.33","0.3","21170"
"John Means","BAL","0","0","0","2","2","8.0","7.88","2.25","0.00",".320","70.0%","40.0%","0.0%","92.3","3.38","","2.10","3.63","0.3","16269"
"Keegan Thompson","CHC","2","0","0","6","0","20.1","7.52","2.21","0.44",".240","96.9%","58.0%","5.9%","94.2","0.89","","3.25","3.75","0.3","19795"
"Zack Greinke","KCR","0","2","0","5","5","28.0","2.25","0.96","0.64",".237","80.2%","39.4%","5.7%","88.8","2.57","","4.07","4.84","0.3","1943"
"Michael Fulmer","DET","1","0","1","10","0","10.1","6.97","1.74","0.00",".120","100.0%","40.0%","0.0%","94.6","0.00","","2.14","3.19","0.3","13218"
"Mitch Keller","PIT","0","4","0","5","5","23.2","7.99","2.66","1.14",".329","67.1%","54.7%","13.0%","96.5","5.32","","3.87","3.54","0.3","17594"
"Cristian Javier","HOU","2","0","0","5","2","18.2","9.64","2.41","0.48",".238","96.6%","26.2%","4.8%","93.8","0.96","","2.94","3.77","0.3","17606"
"Dane Dunning","TEX","1","1","0","5","5","26.0","9.00","2.77","1.04",".315","77.9%","50.0%","16.7%","","3.81","","3.64","3.08","0.3","19409"
"Jake Odorizzi","HOU","2","2","0","5","5","21.2","4.98","3.74","0.42",".294","60.8%","33.8%","3.3%","92.4","4.15","","3.98","5.26","0.3","6397"
"Trevor Gott","MIL","1","0","0","9","0","9.1","12.54","0.00","0.96",".263","89.3%","42.1%","12.5%","94.5","1.93","","2.03","1.80","0.3","15046"
"Kyle Nelson","ARI","0","0","0","10","0","10.2","10.13","1.69","0.00",".217","75.0%","36.4%","0.0%","91.4","1.69","","1.70","2.84","0.3","20515"
"Seranthony Dominguez","PHI","1","1","0","10","0","9.1","10.61","1.93","0.00",".364","63.6%","59.1%","0.0%","96.8","3.86","","1.71","2.29","0.3","19249"
"Gerrit Cole","NYY","2","0","0","5","5","24.0","10.13","3.75","1.13",".254","84.7%","40.3%","14.3%","97.5","3.00","","3.85","3.42","0.3","13125"
"Tyler Rogers","SFG","0","1","0","10","0","9.2","8.38","0.00","0.00",".292","75.0%","65.2%","0.0%","82.0","1.86","","1.55","2.11","0.3","15541"
"Drew Smith","NYM","0","0","0","10","0","11.1","11.91","3.97","0.00",".174","100.0%","26.1%","0.0%","95.9","0.00","","1.78","3.10","0.3","17755"
"Chasen Shreve","NYM","1","0","0","8","0","9.0","14.00","2.00","0.00",".250","66.7%","50.0%","0.0%","90.3","2.00","","0.66","1.11","0.3","10855"
"Jesse Chavez","- - -","0","0","0","8","0","12.2","9.24","1.42","0.71",".400","83.3%","30.6%","10.0%","90.6","2.84","","2.55","2.60","0.3","5448"
"Sam Hentges","CLE","0","0","0","9","0","11.0","12.27","0.00","0.00",".261","83.3%","56.5%","0.0%","95.0","0.82","","0.38","0.99","0.3","18548"
"Matt Foster","CHW","0","0","0","11","0","11.2","7.71","2.31","0.00",".226","90.0%","48.4%","0.0%","93.7","0.77","","2.16","3.67","0.3","19647"
"Jakob Junis","SFG","1","0","0","2","0","10.0","9.00","0.90","0.00",".292","100.0%","58.3%","0.0%","91.4","0.00","","1.40","2.49","0.3","13619"
"Cal Quantrill","CLE","1","1","0","5","5","28.0","5.46","4.82","0.32",".222","65.5%","36.3%","3.1%","92.5","3.54","","4.07","5.16","0.3","19312"
"Erick Fedde","WSN","2","2","0","5","5","25.0","7.92","3.60","1.08",".311","69.2%","44.2%","13.0%","","4.68","","4.10","3.79","0.3","17425"
"Jose Quintana","PIT","0","1","0","5","5","24.0","7.50","3.38","0.75",".275","77.2%","46.5%","9.5%","90.8","3.38","","3.65","3.75","0.3","11423"
"Bailey Ober","MIN","1","1","0","4","4","19.2","7.32","2.29","0.92",".283","75.5%","21.0%","6.1%","91.9","2.75","","3.56","4.52","0.3","21224"
"Luis Severino","NYY","2","0","0","5","5","24.0","8.63","2.63","1.13",".304","75.5%","47.9%","12.5%","96.7","3.75","","3.81","3.55","0.3","15890"
"A.J. Puk","OAK","0","0","0","7","0","11.1","10.32","1.59","0.00",".231","87.5%","44.0%","0.0%","96.6","0.79","","1.34","2.18","0.3","19343"
"Luis Garcia","SDP","0","1","0","8","0","7.2","7.04","0.00","0.00",".208","0.0%","70.8%","0.0%","","2.35","","1.54","2.25","0.3","6984"
"Lucas Giolito","CHW","1","1","0","4","4","19.2","14.64","3.66","1.83",".314","92.0%","30.8%","22.2%","93.6","3.20","","3.71","2.31","0.3","15474"
"Taylor Clarke","KCR","0","0","1","10","0","10.0","9.00","0.00","0.90",".259","90.9%","42.9%","7.7%","95.5","0.90","","2.40","2.87","0.3","17611"
"Jose Alvarado","PHI","0","0","0","10","0","7.2","12.91","2.35","0.00",".368","70.0%","52.6%","0.0%","98.1","3.52","","1.41","2.29","0.3","17780"
"Jimmy Herget","LAA","0","0","0","10","1","12.1","8.76","0.73","0.73",".385","57.7%","42.5%","11.1%","93.3","5.11","","2.46","2.39","0.3","17556"
"Devin Williams","MIL","1","0","2","11","0","9.1","16.39","7.71","0.00",".412","75.0%","52.9%","0.0%","94.4","3.86","","2.35","2.65","0.3","15816"
"Tyler Kinley","COL","0","0","0","11","0","10.0","11.70","4.50","0.00",".292","69.2%","54.2%","0.0%","95.9","0.90","","2.30","3.12","0.3","18297"
"Sean Doolittle","WSN","0","0","0","6","0","5.1","10.13","0.00","0.00",".091","100.0%","27.3%","0.0%","93.5","0.00","","0.85","2.89","0.3","1581"
"Andrew Kittredge","TBR","2","0","4","10","0","12.1","8.76","0.73","0.73",".138","87.0%","36.7%","6.7%","","1.46","","2.46","3.05","0.3","12828"
"John Brebbia","SFG","0","0","0","9","0","10.0","8.10","2.70","0.00",".160","71.4%","44.0%","0.0%","94.1","1.80","","2.20","3.70","0.3","12777"
"David Peterson","NYM","1","0","0","4","3","19.0","7.58","3.79","0.47",".235","81.6%","55.8%","5.9%","93.5","1.89","","3.37","3.90","0.3","20302"
"Matt Strahm","BOS","1","1","1","11","0","8.2","7.27","2.08","0.00",".240","50.0%","52.2%","0.0%","94.6","3.12","","2.18","3.59","0.3","13799"
"Rowan Wick","CHC","1","0","1","9","0","8.2","11.42","3.12","0.00",".348","81.8%","52.2%","0.0%","94.4","1.04","","1.60","2.54","0.3","14646"
"Yimi Garcia","TOR","0","2","0","11","0","10.1","6.10","2.61","0.00",".258","45.5%","51.6%","0.0%","94.4","4.35","","2.62","3.93","0.3","12095"
"Adam Cimber","TOR","4","1","1","12","0","12.1","5.84","0.00","0.73",".200","52.6%","42.9%","7.1%","87.1","2.19","","3.10","3.59","0.3","15288"
"Giovanny Gallegos","STL","0","1","5","8","0","8.0","7.88","2.25","0.00",".360","54.5%","28.0%","0.0%","93.6","5.63","","2.10","4.14","0.3","14986"
"Pierce Johnson","SDP","0","1","0","6","0","6.0","16.50","6.00","0.00",".462","70.0%","61.5%","0.0%","95.0","4.50","","1.44","1.89","0.3","13435"
"Alex Vesia","LAD","0","0","0","8","0","7.0","12.86","1.29","0.00",".267","100.0%","33.3%","0.0%","93.4","0.00","","0.68","2.03","0.3","25007"
"Robbie Ray","SEA","2","2","0","5","5","30.1","7.71","3.56","1.19",".268","74.9%","37.2%","10.8%","93.1","4.15","","4.39","4.33","0.3","11486"
"Rafael Montero","HOU","1","0","2","10","0","10.1","13.06","2.61","0.87",".318","100.0%","52.2%","16.7%","96.2","0.87","","2.33","1.86","0.3","12760"
"Dylan Bundy","MIN","3","2","0","5","5","25.0","7.92","1.80","1.44",".316","62.0%","46.3%","13.8%","89.4","5.76","","4.02","3.52","0.3","12917"
"Michael Lorenzen","LAA","3","1","0","4","4","23.2","5.32","3.04","0.76",".232","78.5%","51.4%","7.1%","95.6","3.04","","4.16","4.67","0.2","14843"
"Framber Valdez","HOU","1","2","0","5","5","26.1","6.49","4.78","0.34",".230","71.4%","73.3%","25.0%","93.3","3.42","","4.09","3.80","0.2","17295"
"Sandy Alcantara","MIA","2","1","0","5","5","31.0","7.55","4.06","0.87",".291","82.0%","48.8%","11.1%","97.4","2.90","","4.23","4.16","0.2","18684"
"Anthony Bass","MIA","0","1","0","12","0","12.0","9.75","2.25","0.75",".185","78.9%","39.3%","8.3%","95.1","1.50","","2.77","3.05","0.2","7982"
"Marcus Stroman","CHC","1","3","0","5","5","26.1","7.52","2.39","1.37",".267","55.1%","45.6%","14.8%","93.0","5.13","","4.21","3.62","0.2","13431"
"Tanner Rainey","WSN","0","0","3","7","0","7.0","9.00","1.29","0.00",".316","100.0%","42.1%","0.0%","95.8","0.00","","1.53","3.08","0.2","17610"
"Bryse Wilson","PIT","0","1","0","5","3","19.0","7.58","4.26","0.95",".236","61.3%","44.6%","9.5%","92.7","3.79","","4.21","4.34","0.2","19990"
"Collin Snider","KCR","2","1","0","12","0","10.0","8.10","3.60","0.00",".292","72.7%","54.2%","0.0%","94.2","2.70","","2.50","3.18","0.2","23307"
"Matt Wisler","TBR","1","0","0","10","2","12.0","8.25","1.50","0.75",".257","56.6%","16.7%","5.0%","90.5","1.50","","2.85","4.03","0.2","12804"
"Felix Bautista","BAL","0","1","0","10","0","10.0","9.90","3.60","0.90",".320","86.2%","20.0%","7.7%","97.9","2.70","","3.40","3.87","0.2","20666"
"Evan Phillips","LAD","1","1","0","10","0","10.0","11.70","0.90","0.90",".190","35.7%","50.0%","10.0%","96.0","4.50","","2.40","2.46","0.2","17734"
"Tyler Wells","BAL","0","2","0","5","5","18.0","7.00","2.00","1.50",".283","74.5%","41.8%","12.0%","94.2","4.50","","4.55","4.27","0.2","20000"
"Corey Knebel","PHI","0","1","4","10","0","10.1","7.84","2.61","0.00",".231","80.0%","46.2%","0.0%","95.3","0.87","","2.52","3.71","0.2","15010"
"Bryan Baker","BAL","1","1","0","10","0","9.1","10.61","0.96","0.96",".400","56.6%","42.3%","25.0%","93.8","5.79","","2.46","1.65","0.2","19804"
"Jhoan Duran","MIN","0","0","1","8","0","12.0","14.25","1.50","1.50",".286","83.3%","60.9%","40.0%","100.7","3.00","","2.60","1.00","0.2","21029"
"Alex Lange","DET","0","1","0","10","0","8.1","12.96","4.32","0.00",".316","81.8%","52.6%","0.0%","96.1","2.16","","2.02","3.00","0.2","19883"
"David Phelps","TOR","0","0","0","11","0","10.1","8.71","4.35","0.00",".250","72.7%","39.1%","0.0%","93.0","2.61","","2.62","3.54","0.2","6316"
"Chris Flexen","SEA","1","4","0","5","5","29.0","5.28","2.79","0.93",".244","79.9%","38.4%","7.9%","91.9","3.10","","4.21","4.64","0.2","13896"
"Joe Smith","MIN","1","0","0","10","0","8.1","6.48","2.16","0.00",".217","85.7%","56.5%","0.0%","86.0","0.00","","2.38","3.36","0.2","3281"
"Joe Mantiply","ARI","1","0","2","12","0","10.1","3.48","0.87","0.00",".265","90.0%","52.9%","0.0%","90.8","0.87","","2.62","3.80","0.2","14857"
"Raisel Iglesias","LAA","1","0","6","11","0","9.2","12.10","1.86","0.93",".250","78.9%","38.1%","10.0%","95.3","2.79","","2.69","2.75","0.2","17130"
"Justin Steele","CHC","1","3","0","5","5","18.0","8.00","5.50","0.50",".373","64.4%","48.3%","5.9%","93.0","5.50","","3.88","4.44","0.2","17312"
"Cionel Perez","BAL","1","0","0","10","0","9.0","8.00","4.00","0.00",".364","100.0%","50.0%","0.0%","96.0","0.00","","2.66","3.41","0.2","19614"
"Justin Wilson","CIN","0","1","0","5","0","3.2","17.18","0.00","0.00",".500","66.7%","50.0%","0.0%","95.3","2.45","","-0.71","0.03","0.2","4301"
"Glenn Otto","TEX","1","0","0","2","2","9.1","9.64","2.89","0.96",".217","78.9%","50.0%","16.7%","92.8","2.89","","3.32","2.80","0.2","21366"
"Lucas Luetge","NYY","1","0","0","11","0","8.2","11.42","4.15","0.00",".391","71.4%","39.1%","0.0%","","4.15","","2.30","4.02","0.2","8337"
"Brooks Raley","TBR","0","0","1","7","0","6.0","13.50","1.50","0.00",".357","71.4%","57.1%","0.0%","","3.00","","1.10","1.10","0.2","10061"
"Paul Sewald","SEA","0","0","0","5","0","5.0","9.00","0.00","0.00",".000","100.0%","30.0%","0.0%","92.2","0.00","","1.10","2.73","0.2","13892"
"Ryan Brasier","BOS","0","0","0","11","0","8.0","10.13","2.25","1.13",".333","93.0%","36.4%","9.1%","94.9","2.25","","3.23","3.47","0.2","5615"
"Jason Adam","TBR","0","1","0","10","0","10.0","10.80","3.60","0.00",".095","62.5%","40.0%","0.0%","94.6","1.80","","2.50","3.86","0.2","11861"
"Nathan Eovaldi","BOS","1","0","0","5","5","28.2","10.05","0.94","2.20",".239","100.0%","44.9%","24.1%","97.0","2.51","","4.46","2.66","0.2","9132"
"Aroldis Chapman","NYY","0","0","6","11","0","9.1","10.61","6.75","0.00",".143","100.0%","52.4%","0.0%","96.7","0.00","","3.00","4.02","0.2","10233"
"Mark Melancon","ARI","0","2","4","8","0","8.0","3.38","1.13","0.00",".310","72.7%","48.3%","0.0%","90.6","1.13","","3.10","4.80","0.2","4264"
"Trent Thornton","TOR","0","2","0","8","0","13.0","6.23","3.46","0.00",".263","73.3%","26.3%","0.0%","93.1","2.77","","2.87","4.86","0.2","17948"
"Josh Winder","MIN","1","0","0","4","1","16.1","6.61","2.20","1.10",".163","88.2%","46.7%","12.5%","95.1","2.20","","3.96","3.70","0.2","24606"
"Keegan Akin","BAL","0","0","0","7","0","16.1","6.06","1.10","0.55",".213","77.6%","51.1%","7.1%","93.7","2.20","","2.92","3.29","0.2","19362"
"Taijuan Walker","NYM","0","0","0","2","2","7.0","6.43","2.57","0.00",".125","100.0%","56.3%","0.0%","94.4","0.00","","2.53","3.50","0.2","11836"
"Matt Manning","DET","0","0","0","2","2","8.0","4.50","0.00","1.13",".208","87.0%","52.0%","14.3%","94.0","2.25","","3.73","3.29","0.2","20369"
"Caleb Thielbar","MIN","1","0","0","9","0","8.0","11.25","5.63","0.00",".409","35.7%","31.8%","0.0%","93.1","10.13","","2.48","4.18","0.2","10078"
"Aaron Ashby","MIL","0","2","0","6","2","19.1","10.24","6.05","0.47",".292","76.1%","67.3%","11.1%","95.5","2.33","","3.67","3.63","0.2","23550"
"Justin Lawrence","COL","1","0","0","10","0","11.2","11.57","6.17","0.00",".333","83.3%","55.6%","0.0%","","2.31","","2.85","3.55","0.2","17639"
"Liam Hendriks","CHW","0","2","7","11","0","11.1","13.50","2.38","1.59",".400","72.4%","31.3%","14.3%","97.8","3.97","","3.46","2.84","0.2","3548"
"Andres Munoz","SEA","1","0","1","8","0","8.0","16.88","3.38","1.13",".467","83.3%","37.5%","20.0%","100.5","3.38","","2.10","1.33","0.2","20373"
"Craig Kimbrel","LAD","0","0","5","7","0","6.2","8.10","2.70","0.00",".278","85.7%","58.8%","0.0%","95.8","1.35","","2.20","3.43","0.2","6655"
"Julian Merryweather","TOR","0","2","0","11","0","9.2","10.24","0.93","0.93",".367","34.5%","53.3%","10.0%","97.3","8.38","","2.48","2.54","0.2","16703"
"Phoenix Sanders","TBR","0","0","0","5","0","10.0","8.10","1.80","0.00",".286","80.0%","40.7%","0.0%","89.8","1.80","","1.90","3.40","0.2","20541"
"Ryan Thompson","TBR","1","1","2","11","0","9.1","4.82","1.93","0.00",".148","66.7%","55.6%","0.0%","91.8","0.00","","2.68","4.28","0.2","16647"
"Daulton Jefferies","OAK","1","4","0","5","5","24.1","5.92","1.85","1.11",".304","67.1%","46.9%","10.3%","93.0","4.81","","4.26","4.27","0.2","19345"
"Scott Barlow","KCR","2","0","1","10","0","11.1","8.74","3.18","0.79",".250","94.3%","48.3%","9.1%","93.4","1.59","","3.37","3.54","0.2","14993"
"Andrew Chafin","DET","0","0","0","4","0","4.0","11.25","0.00","0.00",".222","50.0%","44.4%","0.0%","90.2","2.25","","0.60","2.30","0.2","12988"
"Trevor Rogers","MIA","1","4","0","5","5","22.0","7.36","4.50","0.82",".303","53.0%","39.4%","8.3%","94.5","6.14","","4.15","4.45","0.2","22286"
"Cody Poteet","MIA","0","0","0","6","0","11.1","7.94","3.18","0.00",".226","90.9%","48.4%","0.0%","95.0","0.79","","2.40","3.60","0.2","18769"
"Corbin Martin","ARI","0","0","0","5","0","14.1","8.79","3.77","0.00",".349","57.1%","34.9%","0.0%","94.5","4.40","","2.41","3.92","0.2","19884"
"Anthony DeSclafani","SFG","0","1","0","3","3","13.1","8.78","1.35","1.35",".444","72.1%","38.3%","10.5%","92.9","6.08","","3.78","3.76","0.1","13050"
"Spencer Strider","ATL","0","1","0","5","0","12.2","11.37","6.39","0.00",".200","71.4%","20.0%","0.0%","98.7","2.84","","2.71","4.21","0.1","27498"
"Jordan Lyles","BAL","2","2","0","5","5","26.0","7.27","3.46","1.38",".346","81.2%","44.6%","15.4%","92.6","4.50","","4.99","4.35","0.1","7593"
"Alex Wood","SFG","2","2","0","5","5","24.2","9.49","2.55","1.46",".318","76.6%","46.4%","23.5%","","4.38","","4.08","2.91","0.1","13781"
"Diego Castillo","SEA","1","0","1","11","0","10.0","8.10","4.50","0.00",".345","66.7%","44.8%","0.0%","97.2","2.70","","2.80","3.89","0.1","17496"
"Reynaldo Lopez","CHW","3","0","0","8","0","8.2","6.23","4.15","0.00",".261","50.0%","31.8%","0.0%","95.7","5.19","","3.10","4.67","0.1","16400"
"James Norwood","PHI","1","0","0","8","0","6.2","6.75","2.70","0.00",".286","37.5%","28.6%","0.0%","96.4","5.40","","2.50","4.54","0.1","16440"
"Connor Overton","CIN","0","0","0","1","1","5.1","5.06","3.38","0.00",".231","80.0%","53.8%","0.0%","92.4","1.69","","3.10","3.87","0.1","18376"
"Joel Payamps","KCR","0","1","0","7","0","8.2","6.23","3.12","0.00",".333","76.9%","50.0%","0.0%","94.6","2.08","","2.76","4.48","0.1","14332"
"Gabe Speier","KCR","0","0","0","6","0","7.1","7.36","0.00","0.00",".118","100.0%","52.9%","0.0%","94.4","0.00","","1.47","2.76","0.1","17170"
"Jacob Barnes","DET","3","0","0","9","0","9.1","2.89","0.96","0.00",".138","80.0%","44.8%","0.0%","94.9","0.96","","2.78","4.53","0.1","12323"
"Jose Ruiz","CHW","0","0","0","10","0","8.2","15.58","5.19","1.04",".438","86.2%","58.8%","20.0%","96.8","3.12","","2.87","2.16","0.1","14552"
"Zack Littell","SFG","0","0","0","6","0","6.0","7.50","0.00","0.00",".267","100.0%","46.7%","0.0%","94.0","0.00","","1.44","2.12","0.1","15823"
"Vince Velasquez","CHW","1","2","0","4","4","17.2","9.68","3.57","1.53",".320","73.4%","28.8%","12.0%","93.5","4.58","","4.35","4.06","0.1","11189"
"Brett Martin","TEX","0","2","0","11","0","8.1","7.56","4.32","0.00",".308","58.3%","53.8%","0.0%","93.7","4.32","","2.86","3.68","0.1","17369"
"Parker Mushinski","HOU","0","0","0","5","0","5.1","11.81","1.69","0.00",".357","50.0%","42.9%","0.0%","92.5","5.06","","1.04","1.81","0.1","21324"
"Logan Allen","CLE","1","0","0","4","0","6.0","9.00","4.50","0.00",".450","76.9%","30.0%","0.0%","91.8","4.50","","3.10","5.37","0.1","18555"
"Mitch White","LAD","0","0","0","4","0","8.0","9.00","2.25","0.00",".333","60.0%","38.1%","0.0%","93.8","4.50","","2.23","3.76","0.1","19225"
"Josh Staumont","KCR","0","0","2","11","0","10.0","12.60","4.50","0.90",".360","73.5%","15.4%","8.3%","97.5","4.50","","3.10","3.43","0.1","18335"
"Adam Ottavino","NYM","1","1","0","11","0","9.2","15.83","4.66","0.93",".435","64.1%","41.7%","16.7%","95.4","6.52","","2.79","2.29","0.1","1247"
"Trevor Williams","NYM","0","2","0","4","1","7.1","8.59","1.23","1.23",".433","44.1%","42.9%","12.5%","91.4","8.59","","3.38","3.09","0.1","16977"
"Will Vest","DET","0","1","0","8","0","10.2","9.28","1.69","0.84",".136","89.3%","47.8%","11.1%","95.0","1.69","","3.10","3.03","0.1","19769"
"Robert Dugger","TBR","0","0","0","1","0","5.1","11.81","0.00","0.00",".471","62.5%","41.2%","0.0%","91.0","5.06","","0.48","1.75","0.1","19191"
"Aaron Loup","LAA","0","1","0","11","0","11.2","9.26","1.54","0.77",".071","35.7%","53.6%","9.1%","","1.54","","3.19","3.36","0.1","10343"
"Zach Jackson","OAK","0","1","1","12","0","11.0","11.45","6.55","0.00",".348","64.7%","43.5%","0.0%","94.8","4.91","","3.01","3.88","0.1","19493"
"Reid Detmers","LAA","1","1","0","5","5","22.0","7.36","2.86","1.23",".246","61.4%","42.2%","12.0%","93.5","5.32","","4.47","4.24","0.1","27468"
"Tanner Banks","CHW","0","0","0","8","0","14.0","6.43","3.86","0.00",".139","81.8%","57.1%","0.0%","92.8","1.29","","2.96","4.03","0.1","16990"
"Wily Peralta","DET","0","0","0","5","0","6.1","11.37","4.26","0.00",".375","88.9%","50.0%","0.0%","95.7","0.00","","2.00","2.64","0.1","7738"
"Brad Hand","PHI","1","1","1","10","0","6.1","11.37","5.68","0.00",".313","70.0%","33.3%","0.0%","93.0","2.84","","2.95","4.02","0.1","9111"
"Enyel De Los Santos","CLE","0","0","0","5","0","4.2","15.43","3.86","0.00",".333","66.7%","25.0%","0.0%","96.2","3.86","","1.60","1.90","0.1","18403"
"Kodi Whitley","STL","2","0","0","8","0","7.2","7.04","1.17","0.00",".158","80.0%","42.1%","0.0%","93.6","1.17","","2.32","3.56","0.1","19731"
"Aaron Sanchez","WSN","1","1","0","2","2","9.1","4.82","0.96","0.96",".355","51.7%","50.0%","12.5%","93.6","6.75","","3.75","3.52","0.1","11490"
"Bryan Abreu","HOU","0","0","0","8","0","10.2","13.50","4.22","0.84",".440","72.3%","42.3%","12.5%","98.3","4.22","","3.01","2.81","0.1","16609"
"Cody Stashak","MIN","2","0","0","6","0","8.0","10.13","0.00","1.13",".286","71.4%","27.3%","8.3%","91.2","3.38","","2.48","2.89","0.1","18088"
"Jhon Romero","MIN","0","0","0","4","0","5.0","10.80","1.80","0.00",".529","80.0%","70.6%","0.0%","94.4","3.60","","1.30","1.58","0.1","19940"
"Steve Cishek","WSN","0","1","0","11","0","9.0","10.00","4.00","0.00",".393","66.7%","36.0%","0.0%","89.1","6.00","","3.22","4.12","0.1","6483"
"Chad Green","NYY","1","1","1","10","0","10.1","8.71","3.48","0.87",".310","71.4%","31.0%","6.7%","94.6","3.48","","3.59","4.30","0.1","15552"
"Nick Nelson","PHI","1","0","0","6","0","12.0","9.00","5.25","0.00",".333","78.9%","33.3%","0.0%","96.1","3.00","","3.10","4.46","0.1","20153"
"Edwin Diaz","NYM","1","0","5","11","0","11.0","15.55","4.09","1.64",".188","100.0%","38.9%","25.0%","98.4","1.64","","3.38","2.00","0.1","14710"
"Nick Lodolo","CIN","1","2","0","3","3","14.2","11.66","3.07","1.84",".375","76.9%","46.5%","25.0%","94.4","5.52","","4.60","3.06","0.1","26378"
"Luis Cessa","CIN","0","0","0","8","1","9.0","6.00","3.00","0.00",".357","69.2%","53.6%","0.0%","93.8","4.00","","2.77","4.13","0.1","13345"
"Tyler Thornburg","ATL","0","0","0","6","0","5.0","10.80","1.80","0.00",".412","62.5%","23.5%","0.0%","93.6","1.80","","1.30","4.29","0.1","10688"
"Mychal Givens","CHC","1","0","1","10","0","9.2","13.97","5.59","0.93",".381","88.2%","45.5%","12.5%","93.6","2.79","","3.21","2.99","0.1","10430"
"Ashton Goudeau","COL","0","0","1","6","0","10.0","6.30","2.70","0.90",".323","47.6%","37.5%","6.7%","93.1","6.30","","3.90","4.64","0.1","15139"
"Matt Moore","TEX","1","0","0","7","0","12.0","9.75","6.75","0.00",".214","93.3%","53.6%","0.0%","94.1","0.75","","3.19","4.09","0.1","1890"
"Steven Okert","MIA","2","0","0","9","0","7.0","12.86","3.86","0.00",".091","83.3%","45.5%","0.0%","93.4","1.29","","2.39","2.97","0.1","13580"
"Rich Hill","BOS","0","1","0","4","4","17.0","5.82","3.18","1.06",".275","79.2%","26.4%","7.1%","88.1","3.71","","4.58","5.28","0.1","4806"
"Mike Clevinger","SDP","0","0","0","1","1","4.2","7.71","5.79","0.00",".286","57.1%","42.9%","0.0%","94.0","5.79","","3.32","5.36","0.1","12808"
"Cole Sulser","MIA","0","0","1","12","0","11.2","7.71","5.40","0.00",".179","75.0%","51.9%","0.0%","91.4","0.77","","3.19","4.00","0.1","15256"
"Alexis Diaz","CIN","0","0","0","11","0","11.2","10.80","3.86","0.77",".192","100.0%","33.3%","7.1%","95.8","0.77","","3.10","3.62","0.1","21132"
"Chris Martin","CHC","0","0","0","9","0","8.0","12.38","3.38","1.13",".450","86.2%","71.4%","25.0%","94.9","3.38","","3.10","2.16","0.1","11847"
"Jose Alvarez","SFG","1","0","0","9","0","6.2","8.10","4.05","0.00",".125","80.0%","56.3%","0.0%","90.7","1.35","","2.65","3.67","0.1","5358"
"Sean Poppen","ARI","1","0","0","5","0","6.0","4.50","3.00","0.00",".222","83.3%","23.5%","0.0%","","1.50","","3.10","5.14","0.1","19583"
"Casey Mize","DET","0","1","0","2","2","10.0","3.60","1.80","0.90",".316","66.2%","36.8%","5.6%","94.0","5.40","","4.20","5.35","0.1","20492"
"Hoby Milner","MIL","2","0","0","9","0","7.2","7.04","3.52","0.00",".238","75.0%","42.9%","0.0%","88.5","2.35","","2.71","4.13","0.1","13346"
"Sergio Romo","SEA","0","0","0","2","0","2.0","13.50","0.00","0.00",".200","100.0%","50.0%","0.0%","","0.00","","0.10","1.46","0.1","9817"
"Chase De Jong","PIT","1","0","0","3","0","5.1","3.38","1.69","0.00",".167","50.0%","38.9%","0.0%","94.3","0.00","","2.92","4.95","0.1","15036"
"Rony Garcia","DET","0","0","0","4","0","6.1","7.11","2.84","0.00",".278","71.4%","27.8%","0.0%","93.4","2.84","","2.47","4.62","0.1","20430"
"Dominic Leone","SFG","1","0","1","9","0","7.0","10.29","1.29","1.29",".429","83.3%","50.0%","11.1%","94.9","2.57","","3.10","2.99","0.1","13763"
"Justin Grimm","OAK","0","0","0","8","0","7.0","9.00","3.86","0.00",".429","61.5%","19.0%","0.0%","93.2","6.43","","2.82","4.76","0.1","11720"
"Danny Coulombe","MIN","0","0","0","7","0","9.2","7.45","4.66","0.00",".192","90.0%","38.5%","0.0%","91.7","0.93","","3.00","4.55","0.1","13293"
"Penn Murfee","SEA","0","0","0","3","0","5.0","12.60","1.80","0.00",".000","100.0%","12.5%","0.0%","89.2","0.00","","1.50","3.41","0.1","25174"
"Tyler Gilbert","ARI","0","1","0","2","1","8.2","6.23","2.08","1.04",".160","89.3%","40.0%","10.0%","89.7","2.08","","3.91","3.98","0.1","17964"
"Drew Smyly","CHC","1","2","0","4","4","19.1","6.05","1.40","1.86",".241","97.4%","54.8%","17.4%","","2.79","","4.91","3.84","0.1","11760"
"Neil Pallante","STL","0","0","0","7","0","11.2","6.17","1.54","0.77",".297","95.2%","60.5%","12.5%","95.4","1.54","","3.36","3.18","0.1","26108"
"Sam Moll","OAK","0","0","0","9","0","7.0","10.29","6.43","0.00",".143","100.0%","71.4%","0.0%","","0.00","","2.96","3.35","0.1","14874"
"Alex Colome","COL","0","0","2","7","0","6.2","5.40","4.05","0.00",".417","69.2%","50.0%","0.0%","93.8","5.40","","3.25","4.88","0.1","6661"
"Dennis Santana","TEX","0","1","0","7","0","6.1","2.84","1.42","0.00",".176","75.0%","58.8%","0.0%","97.6","1.42","","2.95","3.80","0.1","17878"
"Emmanuel Clase","CLE","0","2","4","10","0","8.1","8.64","2.16","1.08",".292","58.1%","44.0%","14.3%","","4.32","","3.46","3.05","0.1","21032"
"Ryan Feltner","COL","0","1","0","1","1","5.0","12.60","3.60","1.80",".462","65.8%","42.9%","16.7%","94.2","7.20","","4.10","3.13","0.1","21446"
"Reyes Moronta","LAD","0","0","0","4","0","4.0","9.00","0.00","0.00",".417","80.0%","33.3%","0.0%","95.6","2.25","","1.10","2.80","0.1","14966"
"Anthony Misiewicz","SEA","0","0","0","8","0","6.0","6.00","3.00","0.00",".294","71.4%","35.3%","0.0%","93.1","3.00","","2.77","4.13","0.1","18152"
"Griffin Jax","MIN","1","0","1","6","0","10.0","11.70","2.70","0.90",".304","94.3%","41.7%","9.1%","94.6","1.80","","3.00","3.20","0.1","20253"
"Jhoulys Chacin","COL","2","1","0","8","0","10.2","7.59","4.22","0.84",".233","25.9%","41.9%","10.0%","92.8","7.59","","4.04","4.10","0.1","2608"
"Camilo Doval","SFG","0","0","4","10","0","10.1","12.19","4.35","0.87",".292","87.3%","58.3%","20.0%","","2.61","","3.39","2.79","0.1","21992"
"Daniel Lynch","KCR","2","1","0","4","4","21.0","8.57","2.14","1.71",".263","83.3%","37.7%","12.9%","94.2","3.86","","4.68","4.20","0.1","21537"
"Konnor Pilkington","CLE","0","0","0","3","0","5.0","9.00","1.80","0.00",".167","100.0%","33.3%","0.0%","91.8","0.00","","1.70","3.33","0.1","21453"
"Mauricio Llovera","SFG","0","0","0","3","0","3.0","12.00","0.00","0.00",".375","66.7%","42.9%","0.0%","94.8","3.00","","0.44","0.89","0.1","20080"
"Taylor Hearn","TEX","1","2","0","5","5","20.2","10.45","4.35","1.31",".417","69.8%","42.6%","18.8%","94.3","6.53","","4.41","3.58","0.1","18325"
"Paolo Espino","WSN","0","0","0","8","0","12.0","7.50","2.25","0.75",".333","82.2%","21.6%","5.3%","89.0","3.00","","3.27","4.34","0.1","8246"
"Jake Woodford","STL","1","0","0","5","0","8.2","6.23","3.12","0.00",".360","75.0%","48.0%","0.0%","92.1","3.12","","2.76","4.01","0.1","18674"
"Sam Selman","OAK","0","0","0","1","0","2.2","16.88","3.38","0.00",".250","100.0%","50.0%","0.0%","90.0","0.00","","0.48","0.99","0.1","13397"
"Andres Machado","WSN","0","0","0","10","0","11.0","6.55","4.09","0.00",".250","64.3%","46.9%","0.0%","96.1","2.45","","3.29","4.52","0.1","14681"
"Tanner Scott","MIA","0","0","1","12","0","10.1","16.55","3.48","1.74",".278","65.2%","26.3%","33.3%","96.1","4.35","","3.39","1.67","0.1","17586"
"Tommy Kahnle","LAD","0","0","0","2","0","2.0","9.00","0.00","0.00",".250","100.0%","66.7%","0.0%","96.9","0.00","","1.10","1.78","0.1","11384"
"Andrew Bellatti","PHI","0","0","0","7","0","6.0","15.00","3.00","1.50",".200","100.0%","36.4%","20.0%","94.5","1.50","","2.94","1.90","0.1","10657"
"Dusten Knight","TBR","0","0","0","1","0","2.1","11.57","3.86","0.00",".429","75.0%","71.4%","0.0%","90.0","3.86","","1.82","2.40","0.1","16537"
"Drew Hutchison","DET","0","2","0","8","0","12.2","7.82","7.11","0.00",".243","73.7%","37.1%","0.0%","93.2","2.84","","3.74","5.45","0.1","10732"
"Jovani Moran","MIN","0","0","0","1","0","2.0","18.00","0.00","0.00",".000","100.0%","0.0%","0.0%","91.7","0.00","","-0.90","0.46","0.1","20422"
"Oliver Ortega","LAA","1","1","0","9","0","14.2","6.14","3.68","0.61",".162","94.8%","52.6%","9.1%","95.8","1.23","","3.85","3.99","0.1","21025"
"Roansy Contreras","PIT","1","0","0","3","0","7.2","11.74","3.52","1.17",".188","75.8%","58.8%","20.0%","97.2","3.52","","3.76","2.95","0.1","22810"
"Zach Davies","ARI","1","1","0","5","5","23.1","6.17","4.24","1.16",".250","63.4%","49.3%","12.5%","","4.24","","4.82","4.54","0.1","13183"
"John Schreiber","BOS","0","0","0","2","0","2.1","3.86","0.00","0.00",".143","100.0%","42.9%","0.0%","93.7","0.00","","2.25","3.99","0.1","20020"
"Jackson Kowar","KCR","0","0","0","1","0","3.1","10.80","2.70","0.00",".688","41.7%","62.5%","0.0%","95.4","18.90","","1.60","2.83","0.1","21549"
"Ryan Castellani","OAK","0","0","0","3","0","2.2","3.38","0.00","0.00",".200","50.0%","60.0%","0.0%","93.3","0.00","","2.35","3.37","0.1","16377"
"Jandel Gustave","MIL","0","0","0","8","0","9.1","8.68","3.86","0.96",".167","78.9%","44.0%","8.3%","96.3","2.89","","3.85","4.21","0.1","14665"
"Dakota Hudson","STL","2","2","0","5","5","25.2","6.31","3.86","1.05",".243","79.9%","57.5%","12.5%","92.2","3.16","","4.74","4.49","0.1","19206"
"Mike Baumann","BAL","1","2","0","5","0","7.1","7.36","7.36","0.00",".333","57.1%","35.0%","0.0%","96.6","6.14","","4.33","6.00","0.1","20206"
"Jason Foley","DET","0","0","0","5","0","5.2","0.00","0.00","0.00",".292","71.4%","47.8%","0.0%","95.6","3.18","","3.10","5.02","0.1","19531"
"Justin Bruihl","LAD","0","1","0","8","0","8.0","6.75","1.13","1.13",".190","53.6%","28.6%","11.1%","","3.38","","3.98","3.88","0.1","23779"
"Seth Lugo","NYM","0","1","2","11","0","10.1","8.71","3.48","0.87",".310","79.4%","48.3%","10.0%","94.7","3.48","","3.59","3.64","0.1","12447"
"Darren O'Day","ATL","1","0","0","8","0","6.2","9.45","1.35","1.35",".188","83.3%","47.1%","14.3%","86.1","2.70","","3.40","2.88","0.1","3321"
"Ron Marinaccio","NYY","0","0","0","4","0","4.0","13.50","4.50","0.00",".500","44.4%","50.0%","0.0%","94.2","11.25","","2.35","3.71","0.0","23488"
"Jake Cousins","MIL","2","1","0","8","0","8.0","14.63","5.63","1.13",".389","79.4%","52.6%","14.3%","","4.50","","3.73","3.29","0.0","21620"
"Ty Blach","COL","1","0","1","6","0","11.1","4.76","2.38","0.79",".316","54.8%","50.0%","7.1%","91.5","6.35","","3.99","4.52","0.0","14361"
"Daniel Castano","MIA","0","0","0","2","0","2.0","9.00","0.00","0.00",".500","100.0%","50.0%","0.0%","92.9","0.00","","1.10","1.78","0.0","19805"
"Adonis Medina","NYM","0","0","0","1","0","1.0","27.00","0.00","0.00",".000","100.0%","0.0%","0.0%","94.3","0.00","","-2.90","-2.90","0.0","19903"
"Jarlin Garcia","SFG","1","1","0","8","0","7.1","8.59","6.14","0.00",".222","77.8%","50.0%","0.0%","93.1","0.00","","3.24","4.35","0.0","18282"
"Spenser Watkins","BAL","0","0","0","4","4","17.2","4.08","4.08","1.02",".211","74.3%","52.5%","11.1%","92.8","2.55","","5.20","5.11","0.0","17489"
"John King","TEX","1","0","0","11","0","10.2","7.59","5.06","0.00",".290","81.3%","63.3%","0.0%","","2.53","","3.39","4.28","0.0","22051"
"Joe Jimenez","DET","1","0","0","10","0","9.1","10.61","4.82","0.96",".320","71.4%","36.0%","8.3%","95.8","4.82","","3.75","4.10","0.0","15761"
"Wyatt Mills","SEA","0","0","0","3","0","5.0","5.40","0.00","0.00",".200","75.0%","26.7%","0.0%","92.8","1.80","","2.50","4.41","0.0","20010"
"Hunter Harvey","WSN","0","0","0","4","0","2.2","10.13","3.38","0.00",".200","100.0%","60.0%","0.0%","97.0","0.00","","1.98","3.00","0.0","15507"
"Phillips Valdez","BOS","0","1","0","8","0","10.1","9.58","3.48","0.00",".240","53.3%","52.0%","0.0%","","6.10","","3.59","4.51","0.0","15605"
"JT Chargois","TBR","0","0","0","1","0","0.2","13.50","0.00","0.00",".000","100.0%","100.0%","0.0%","","0.00","","0.10","0.10","0.0","13767"
"Anderson Severino","CHW","0","0","0","6","0","7.1","11.05","4.91","0.00",".368","61.5%","63.2%","0.0%","96.6","6.14","","3.10","4.03","0.0","20582"
"Luis Garcia","HOU","1","1","0","4","4","21.2","7.89","2.08","2.08",".200","80.0%","30.0%","13.9%","94.5","4.15","","5.18","4.44","0.0","23735"
"Cole Irvin","OAK","2","1","0","5","5","27.2","5.86","2.28","1.30",".253","87.6%","49.4%","13.3%","91.8","2.93","","4.55","4.14","0.0","19244"
"Archie Bradley","LAA","0","0","1","8","0","8.2","7.27","2.08","1.04",".280","34.9%","46.2%","11.1%","94.1","7.27","","3.68","3.59","0.0","12918"
"Jimmy Lambert","CHW","0","2","0","2","2","6.2","8.10","4.05","1.35",".286","69.8%","45.5%","12.5%","93.5","5.40","","4.60","4.28","0.0","19541"
"Louis Head","MIA","0","0","1","9","0","8.2","7.27","5.19","0.00",".217","100.0%","43.5%","0.0%","93.3","0.00","","3.57","4.98","0.0","13259"
"Jose Urquidy","HOU","2","1","0","4","4","19.2","5.95","1.37","1.83",".323","68.4%","29.4%","11.8%","94.0","5.95","","5.04","4.74","0.0","18413"
"JT Brubaker","PIT","0","2","0","5","5","20.1","9.30","5.31","1.33",".276","52.2%","34.4%","10.3%","93.4","6.20","","4.73","4.75","0.0","17578"
"Steven Wilson","SDP","2","0","0","11","0","11.0","12.27","3.27","1.64",".227","85.4%","26.1%","18.2%","95.3","3.27","","3.83","2.83","0.0","20353"
"Packy Naughton","STL","0","0","0","2","0","2.1","3.86","0.00","0.00",".375","100.0%","50.0%","0.0%","91.9","0.00","","2.25","2.83","0.0","23292"
"JP Sears","NYY","1","0","0","2","0","2.0","9.00","4.50","0.00",".333","100.0%","33.3%","0.0%","94.4","0.00","","2.60","4.64","0.0","23429"
"Cole Sands","MIN","0","0","0","1","0","2.0","9.00","0.00","0.00",".429","33.3%","42.9%","0.0%","93.0","9.00","","1.10","2.46","0.0","21461"
"Nabil Crismatt","SDP","1","0","0","6","1","11.2","6.94","6.17","0.00",".194","80.0%","67.7%","0.0%","90.2","2.31","","3.88","4.46","0.0","17732"
"Jeurys Familia","PHI","0","0","0","9","0","7.2","10.57","4.70","1.17",".333","75.5%","45.5%","11.1%","96.1","3.52","","4.02","3.92","0.0","5114"
"Madison Bumgarner","ARI","1","1","0","6","6","24.0","5.63","4.13","1.13",".188","87.7%","37.1%","9.1%","91.0","1.50","","4.85","5.10","0.0","5524"
"Jon Gray","TEX","0","1","0","3","3","12.0","8.25","3.00","1.50",".273","45.5%","45.7%","20.0%","95.0","7.50","","4.69","3.65","0.0","14916"
"Wandy Peralta","NYY","0","0","0","8","0","8.1","4.32","4.32","0.00",".269","81.8%","48.0%","0.0%","94.8","2.16","","3.58","4.89","0.0","14295"
"Joey Krehbiel","BAL","1","3","0","11","0","11.0","7.36","4.09","0.82",".219","51.7%","54.5%","10.0%","94.4","3.27","","4.01","4.07","0.0","13707"
"Zach Plesac","CLE","1","3","0","5","5","26.1","5.47","2.73","1.37",".287","66.9%","35.6%","11.1%","91.3","4.44","","4.78","4.66","0.0","19979"
"Josh Fleming","TBR","2","3","0","5","2","15.2","9.19","3.45","1.15",".396","33.1%","65.5%","20.0%","92.6","6.32","","4.06","3.27","0.0","20418"
"Austin Voth","WSN","0","0","0","10","0","9.2","10.24","1.86","1.86",".419","70.4%","27.3%","13.3%","93.4","5.59","","4.14","3.56","0.0","15047"
"Austin Davis","BOS","0","1","0","12","0","11.2","11.57","3.86","1.54",".321","90.9%","21.4%","13.3%","94.4","3.09","","4.05","3.56","0.0","17117"
"Tim Hill","SDP","0","0","0","9","0","5.2","1.59","4.76","0.00",".440","50.0%","56.0%","0.0%","91.5","11.12","","4.34","5.54","0.0","16814"
"Kervin Castro","SFG","0","0","0","2","0","1.2","21.60","10.80","0.00",".800","16.7%","60.0%","0.0%","93.7","27.00","","1.90","2.72","0.0","21656"
"Seth Martinez","HOU","0","0","0","1","0","1.0","9.00","9.00","0.00",".000","100.0%","0.0%","0.0%","92.2","0.00","","4.10","6.82","0.0","21045"
"William Woods","ATL","0","0","0","2","0","2.0","9.00","4.50","0.00",".400","100.0%","20.0%","0.0%","95.2","0.00","","2.60","3.96","0.0","25075"
"Zach Pop","MIA","0","0","0","1","0","1.0","9.00","0.00","0.00",".750","33.3%","75.0%","0.0%","","18.00","","1.10","1.10","0.0","20185"
"Ray Kerr","SDP","0","0","0","1","0","1.0","9.00","0.00","0.00",".000","100.0%","0.0%","0.0%","95.2","0.00","","1.10","3.82","0.0","23809"
"Tyler Holton","ARI","0","0","0","1","0","1.0","9.00","0.00","0.00",".500","100.0%","50.0%","0.0%","91.0","0.00","","1.10","3.82","0.0","26231"
"Nick Wittgren","STL","0","0","0","11","0","8.1","6.48","4.32","0.00",".280","84.6%","48.0%","0.0%","91.5","2.16","","3.82","5.13","0.0","15594"
"Bowden Francis","TOR","0","0","0","1","0","0.2","13.50","0.00","0.00",".500","100.0%","50.0%","0.0%","92.5","0.00","","0.10","0.10","0.0","20548"
"Ryan Pressly","HOU","0","1","3","4","0","3.1","5.40","5.40","0.00",".273","60.0%","44.4%","0.0%","92.9","2.70","","3.70","4.93","0.0","7005"
"Buck Farmer","CIN","0","0","0","10","0","12.0","12.75","5.25","1.50",".406","64.4%","35.3%","18.2%","94.6","6.75","","4.44","3.52","0.0","14814"
"Jackson Stephens","ATL","0","0","1","4","0","8.0","10.13","3.38","1.13",".286","93.0%","40.9%","20.0%","93.7","2.25","","3.60","2.83","0.0","14420"
"Angel De Jesus","DET","0","0","0","1","0","2.0","13.50","9.00","0.00",".250","100.0%","50.0%","0.0%","93.9","0.00","","3.10","4.46","0.0","22323"
"Kenny Rosenberg","LAA","0","0","0","1","0","1.0","18.00","9.00","0.00",".667","66.7%","33.3%","0.0%","92.8","9.00","","2.10","3.46","0.0","20009"
"Luis Patino","TBR","0","1","0","1","1","0.2","0.00","0.00","0.00",".333","0.0%","33.3%","0.0%","95.6","13.50","","3.10","5.14","0.0","22815"
"Robert Stephenson","COL","0","0","0","4","0","4.0","6.75","6.75","0.00",".308","71.4%","46.2%","0.0%","97.3","4.50","","3.85","5.21","0.0","13594"
"Anthony Kay","TOR","0","0","0","1","0","2.0","13.50","4.50","0.00",".400","75.0%","20.0%","0.0%","94.4","4.50","","3.10","3.78","0.0","20387"
"Alex Faedo","DET","0","0","0","1","1","5.0","1.80","1.80","1.80",".368","92.1%","45.0%","14.3%","92.6","3.60","","5.90","5.21","0.0","19874"
"Justus Sheffield","SEA","0","0","0","4","0","4.2","3.86","3.86","0.00",".083","100.0%","63.6%","0.0%","","0.00","","3.53","4.41","0.0","17285"
"Miguel Castro","NYY","2","0","0","12","0","10.0","7.20","7.20","0.00",".250","87.5%","42.9%","0.0%","","1.80","","4.20","5.29","0.0","15684"
"Marcos Diplan","BAL","0","0","0","1","0","0.1","0.00","0.00","0.00",".500","50.0%","50.0%","0.0%","92.7","0.00","","3.10","3.10","0.0","17583"
"Luke Weaver","ARI","0","0","0","1","0","0.2","0.00","0.00","0.00",".600","66.7%","40.0%","0.0%","92.3","13.50","","3.10","3.10","0.0","16918"
"Carson Kelly","ARI","0","0","0","1","0","1.0","0.00","0.00","0.00",".333","100.0%","0.0%","0.0%","68.6","0.00","","3.10","4.46","0.0","13620"
"Jose Quijada","LAA","0","0","0","1","0","0.1","0.00","0.00","0.00",".000","100.0%","0.0%","0.0%","94.5","0.00","","3.10","7.18","0.0","19200"
"Kevin Plawecki","BOS","0","0","0","1","0","1.0","0.00","0.00","0.00",".250","100.0%","0.0%","0.0%","74.5","0.00","","3.10","7.18","0.0","13807"
"Anthony Banda","PIT","0","0","0","5","0","4.1","10.38","0.00","2.08",".273","100.0%","33.3%","16.7%","95.0","2.08","","3.80","2.68","0.0","14706"
"Jose Berrios","TOR","2","0","0","5","5","24.0","7.50","3.38","1.50",".325","84.3%","28.8%","11.4%","94.2","4.13","","4.98","4.79","0.0","14168"
"Matt Reynolds","CIN","0","0","0","1","0","0.1","0.00","0.00","0.00",".667","100.0%","66.7%","0.0%","68.1","0.00","","3.10","7.18","0.0","13788"
"Carlos Estevez","COL","1","0","0","9","0","7.1","0.00","4.91","0.00",".286","83.3%","39.3%","0.0%","96.4","2.45","","4.74","6.78","0.0","14542"
"Blake Snell","SDP","0","0","0","0","0","0.0","0.00","0.00","0.00",".000","100.0%","0.0%","0.0%","","0.00","","","","0.0","13543"
"Duane Underwood Jr.","PIT","0","0","0","1","0","0.0","0.00","0.00","0.00","1.000","0.0%","0.0%","0.0%","97.0","9.00","","3.10","3.10","0.0","14677"
"Jorge Alcala","MIN","0","0","0","2","0","2.1","7.71","7.71","0.00",".333","100.0%","50.0%","0.0%","95.2","0.00","","3.96","5.13","0.0","19459"
"Zach Logue","OAK","1","0","0","1","0","1.1","6.75","6.75","0.00",".250","100.0%","75.0%","0.0%","90.5","0.00","","3.85","4.87","0.0","20231"
"David Price","LAD","0","0","0","5","0","4.2","9.64","1.93","1.93",".250","100.0%","46.2%","16.7%","91.8","1.93","","4.39","3.35","0.0","3184"
"Sammy Long","SFG","0","1","0","8","3","9.1","6.75","3.86","0.96",".259","75.5%","44.4%","8.3%","94.6","3.86","","4.28","4.64","0.0","25379"
"Brady Singer","KCR","0","0","0","3","0","5.2","9.53","1.59","1.59",".353","65.8%","61.1%","25.0%","","6.35","","4.34","3.00","0.0","25377"
"Garrett Cleavinger","LAD","0","0","0","2","0","1.2","10.80","10.80","0.00",".500","80.0%","33.3%","0.0%","96.4","5.40","","4.30","5.93","0.0","17897"
"Adam Kolarek","OAK","0","0","0","7","0","8.2","5.19","4.15","0.00",".240","66.7%","72.0%","0.0%","89.1","4.15","","4.03","4.65","0.0","10843"
"Drew Steckenrider","SEA","0","1","1","10","0","9.2","6.52","3.72","0.93",".333","75.3%","26.5%","8.3%","94.6","4.66","","4.24","4.58","0.0","18806"
"Beau Sulser","PIT","0","0","0","2","0","4.2","9.64","7.71","0.00",".167","71.4%","58.3%","0.0%","92.6","0.00","","4.18","5.05","0.0","23420"
"Blake Treinen","LAD","1","1","0","3","0","3.0","15.00","0.00","3.00",".000","100.0%","60.0%","50.0%","97.1","3.00","","4.10","0.68","0.0","12572"
"Ryan Burr","CHW","0","0","0","2","0","2.0","13.50","13.50","0.00",".400","80.0%","80.0%","0.0%","94.5","4.50","","4.60","5.28","0.0","17536"
"Eli Morgan","CLE","1","1","0","5","1","10.0","10.80","1.80","1.80",".182","64.5%","29.2%","16.7%","91.3","4.50","","4.20","3.23","0.0","20203"
"Ryne Stanek","HOU","0","0","1","10","0","8.2","8.31","5.19","1.04",".150","92.1%","42.9%","16.7%","99.2","2.08","","4.49","3.93","0.0","15947"
"Anthony Gose","CLE","1","0","0","8","0","7.1","12.27","4.91","1.23",".333","72.9%","31.3%","12.5%","97.1","4.91","","4.20","3.90","0.0","5097"
"Diego Castillo","PIT","0","0","0","1","0","1.0","0.00","9.00","0.00",".667","20.0%","83.3%","0.0%","75.0","36.00","","6.10","6.10","0.0","19906"
"Ryan Hendrix","CIN","0","0","0","5","0","3.1","10.80","10.80","0.00",".556","70.0%","66.7%","0.0%","","8.10","","5.20","5.61","0.0","19535"
"Ryan Borucki","TOR","0","0","0","2","0","1.1","13.50","13.50","0.00",".000","100.0%","100.0%","0.0%","","0.00","","4.60","4.60","0.0","16350"
"Drew VerHagen","STL","0","0","0","3","0","4.2","7.71","7.71","0.00",".333","55.6%","33.3%","0.0%","94.9","5.79","","3.96","5.71","0.0","13424"
"Mike Brosseau","MIL","0","0","0","1","0","1.0","0.00","9.00","0.00",".250","100.0%","50.0%","0.0%","73.4","0.00","","6.10","6.10","0.0","19683"
"Bryan Shaw","CLE","0","0","0","10","0","7.0","3.86","5.14","0.00",".261","80.0%","52.2%","0.0%","92.6","2.57","","3.96","5.32","0.0","8110"
"Mason Thompson","WSN","0","0","0","2","0","1.0","27.00","18.00","0.00",".000","100.0%","0.0%","0.0%","","0.00","","6.10","6.10","0.0","21850"
"Hirokazu Sawamura","BOS","0","1","0","11","0","8.2","6.23","3.12","1.04",".308","66.0%","46.2%","12.5%","95.4","4.15","","4.26","4.01","0.0","27515"
"Pedro Baez","HOU","0","0","0","3","0","2.1","7.71","11.57","0.00",".455","25.0%","36.4%","0.0%","90.2","11.57","","5.25","7.57","0.0","5420"
"Michael Pineda","DET","1","1","0","3","3","14.1","5.02","1.26","1.88",".250","84.7%","44.7%","15.8%","90.7","3.77","","5.13","4.21","0.0","5372"
"Richard Bleier","MIA","0","0","0","10","0","7.1","7.36","2.45","1.23",".400","77.6%","53.8%","14.3%","","4.91","","4.06","3.58","0.0","7803"
"Austin Adams","SDP","1","0","0","2","0","2.1","7.71","11.57","0.00",".000","100.0%","100.0%","0.0%","92.7","0.00","","5.25","5.25","0.0","13801"
"Jaime Barria","LAA","0","0","0","4","0","11.2","6.17","0.77","1.54",".229","87.0%","36.1%","18.2%","92.8","2.31","","4.48","3.53","0.0","18356"
"Tucker Davidson","ATL","0","0","0","1","0","2.2","6.75","6.75","0.00",".455","37.5%","27.3%","0.0%","95.1","16.88","","4.98","8.03","0.0","19871"
"Joely Rodriguez","NYM","0","1","0","10","0","8.2","10.38","5.19","1.04",".167","52.6%","36.8%","14.3%","93.0","5.19","","4.03","3.62","0.0","11487"
"Yoan Lopez","NYM","0","0","0","2","0","3.0","12.00","0.00","3.00",".500","65.2%","33.3%","20.0%","94.6","9.00","","5.77","3.70","0.0","17181"
"Yunior Marte","SFG","0","0","0","8","0","7.2","8.22","2.35","1.17",".286","46.5%","45.5%","16.7%","97.1","7.04","","4.15","3.51","0.0","14416"
"Carlos Hernandez","KCR","0","1","0","4","4","18.0","4.00","5.00","1.00",".344","67.3%","46.2%","8.7%","95.7","6.00","","5.33","5.62","0.0","22713"
"Joe Barlow","TEX","1","0","3","8","0","8.1","12.96","1.08","2.16",".188","95.2%","35.3%","25.0%","94.8","2.16","","4.06","2.25","0.0","22296"
"Andrew Wantz","LAA","0","0","0","3","0","3.0","9.00","0.00","3.00",".286","62.5%","25.0%","20.0%","94.1","6.00","","5.44","3.37","0.0","24933"
"Ian Kennedy","ARI","2","1","3","12","0","12.0","6.00","5.25","0.75",".270","72.3%","32.4%","5.9%","93.7","3.75","","4.60","5.44","0.0","6986"
"Paul Fry","BAL","0","0","0","9","0","9.0","10.00","6.00","1.00",".250","39.7%","58.3%","25.0%","92.2","8.00","","4.66","3.82","0.0","15832"
"Nick Pivetta","BOS","0","4","0","5","5","20.2","9.15","5.66","1.74",".362","61.7%","25.8%","17.4%","93.4","7.84","","5.48","4.47","0.0","15454"
"Daniel Norris","CHC","0","1","0","5","0","6.0","12.00","1.50","3.00",".250","62.5%","28.6%","28.6%","91.6","6.00","","5.27","2.52","0.0","13475"
"Pedro Avila","SDP","0","0","0","2","0","4.0","11.25","2.25","2.25",".200","55.6%","54.5%","33.3%","93.1","4.50","","5.35","3.12","0.0","18864"
"Josh Rogers","WSN","1","2","0","6","3","16.1","4.41","2.76","1.65",".245","77.4%","39.3%","11.5%","90.6","4.41","","5.43","5.20","0.0","18510"
"Cristopher Sanchez","PHI","0","0","0","4","0","10.0","9.00","4.50","0.90",".269","66.2%","63.0%","16.7%","","5.40","","4.50","4.02","0.0","20778"
"Ian Anderson","ATL","3","1","0","5","5","24.2","6.57","5.47","1.09",".229","73.8%","52.1%","13.0%","93.5","4.01","","5.05","4.74","0.0","19951"
"Francisco Perez","WSN","0","0","0","5","0","4.1","6.23","12.46","0.00",".231","88.9%","38.5%","0.0%","93.0","2.08","","5.87","7.44","0.0","21018"
"Kyle Bradish","BAL","0","1","0","2","2","10.0","4.50","2.70","1.80",".300","65.6%","40.6%","15.4%","","5.40","","5.90","5.07","0.0","24586"
"Phil Bickford","LAD","0","0","0","7","0","6.0","7.50","3.00","1.50",".200","87.0%","56.3%","20.0%","93.2","3.00","","4.60","3.57","0.0","18519"
"Amir Garrett","KCR","1","0","0","8","0","6.2","8.10","8.10","0.00",".133","66.7%","26.7%","0.0%","93.8","4.05","","4.45","5.88","0.0","14375"
"Damon Jones","PHI","0","0","0","4","0","4.2","9.64","9.64","0.00",".308","58.3%","38.5%","0.0%","93.3","9.64","","6.10","7.27","0.0","23310"
"Michael Rucker","CHC","0","0","0","6","0","10.0","9.90","2.70","1.80",".217","83.3%","56.0%","20.0%","95.4","3.60","","4.40","3.16","0.0","19454"
"Ranger Suarez","PHI","2","1","0","5","5","23.1","5.79","3.86","1.54",".308","74.1%","50.0%","14.8%","93.7","4.63","","5.33","4.68","0.0","17277"
"Kyle Finnegan","WSN","1","0","0","10","0","8.2","8.31","5.19","1.04",".227","41.7%","65.2%","20.0%","95.9","5.19","","4.49","3.77","0.0","15009"
"Tyler Duffey","MIN","1","2","0","9","0","9.2","8.38","0.93","1.86",".370","78.4%","51.7%","66.7%","92.6","4.66","","4.24","1.97","0.0","13758"
"Tyler Danish","BOS","0","0","0","4","0","4.2","11.57","3.86","1.93",".222","83.3%","30.0%","25.0%","90.8","3.86","","4.60","2.98","-0.1","15126"
"Kyle Hendricks","CHC","1","3","0","6","6","30.1","6.82","3.56","1.78",".297","72.5%","38.1%","15.0%","87.4","5.64","","5.54","4.76","-0.1","12049"
"Nick Sandlin","CLE","2","1","0","9","0","8.2","6.23","4.15","1.04",".182","65.8%","52.2%","12.5%","94.1","4.15","","4.60","4.36","-0.1","20517"
"Aaron Bummer","CHW","0","1","1","11","0","10.0","12.60","7.20","0.90",".400","64.5%","50.0%","20.0%","","5.40","","4.30","3.68","-0.1","16258"
"German Marquez","COL","0","2","0","5","5","26.0","6.58","2.08","2.08",".360","60.1%","51.6%","26.1%","95.3","6.92","","5.45","3.65","-0.1","15038"
"Jharel Cotton","MIN","0","0","0","2","0","2.0","9.00","18.00","0.00",".000","100.0%","0.0%","0.0%","91.7","0.00","","7.10","9.14","-0.1","13654"
"Kutter Crawford","BOS","1","1","0","6","0","7.0","14.14","9.00","1.29",".524","51.1%","27.3%","10.0%","96.0","11.57","","4.82","4.90","-0.1","20531"
"Nick Snyder","TEX","0","0","0","2","0","1.0","0.00","27.00","0.00",".250","50.0%","25.0%","0.0%","97.0","18.00","","12.10","14.82","-0.1","23493"
"James Kaprielian","OAK","0","1","0","1","1","2.0","9.00","18.00","0.00",".375","42.9%","37.5%","0.0%","93.6","18.00","","7.10","9.14","-0.1","18331"
"Tony Santillan","CIN","0","0","1","8","0","7.2","8.22","3.52","1.17",".318","60.3%","26.1%","10.0%","95.8","7.04","","4.93","5.01","-0.1","19926"
"Alexander Wells","BAL","0","0","0","2","0","3.2","14.73","0.00","4.91",".375","100.0%","40.0%","40.0%","88.6","4.91","","6.92","1.68","-0.1","19845"
"Shawn Armstrong","MIA","0","0","0","7","0","6.2","6.75","4.05","1.35",".360","25.9%","34.6%","11.1%","94.9","10.80","","4.90","4.79","-0.1","12857"
"Patrick Murphy","WSN","0","0","0","6","0","5.2","6.35","12.71","0.00",".364","62.5%","59.1%","0.0%","96.3","6.35","","5.93","7.37","-0.1","19712"
"Lucas Sims","CIN","0","0","1","4","0","4.0","4.50","9.00","0.00",".231","12.5%","53.8%","0.0%","93.2","15.75","","5.85","7.21","-0.1","13470"
"Tyler Matzek","ATL","0","1","0","10","0","8.1","9.72","4.32","1.08",".167","69.8%","31.6%","9.1%","95.0","3.24","","4.66","4.90","-0.1","10058"
"Ralph Garza","TBR","0","0","0","1","0","3.0","3.00","9.00","0.00",".300","57.1%","30.0%","0.0%","92.1","9.00","","6.44","7.80","-0.1","17682"
"Elvis Peguero","LAA","0","0","0","1","0","1.0","0.00","0.00","9.00",".000","100.0%","50.0%","50.0%","95.5","9.00","","16.10","5.82","-0.1","21652"
"Kirby Snead","OAK","0","0","0","9","0","6.2","5.40","2.70","1.35",".375","75.5%","28.0%","8.3%","93.7","5.40","","4.75","5.25","-0.1","19179"
"Elvin Rodriguez","DET","0","0","0","1","0","2.2","6.75","6.75","3.38",".250","27.8%","22.2%","14.3%","94.5","13.50","","8.73","7.42","-0.1","20962"
"T.J. McFarland","STL","0","0","0","8","0","7.0","6.43","3.86","1.29",".409","69.0%","52.2%","25.0%","","6.43","","4.82","3.74","-0.1","3237"
"Chris Ellis","BAL","0","0","0","2","2","4.1","4.15","12.46","0.00",".313","58.3%","50.0%","0.0%","93.0","10.38","","7.03","8.59","-0.1","16125"
"Edwin Uceta","ARI","0","0","0","2","0","1.2","0.00","10.80","0.00",".167","50.0%","16.7%","0.0%","92.9","10.80","","8.50","11.76","-0.1","20539"
"Andrew Vasquez","TOR","0","0","0","3","0","2.1","15.43","7.71","3.86",".500","53.6%","28.6%","50.0%","","15.43","","9.10","4.70","-0.1","19482"
"Gregory Soto","DET","1","1","4","8","0","8.0","7.88","4.50","1.13",".211","78.9%","35.0%","9.1%","98.7","1.13","","4.48","4.72","-0.1","19677"
"Daniel Duarte","CIN","0","0","0","3","0","2.2","6.75","10.13","3.38",".250","65.2%","11.1%","14.3%","96.2","10.13","","9.85","8.54","-0.1","17480"
"Ronel Blanco","HOU","0","0","0","7","0","6.1","9.95","5.68","1.42",".368","69.0%","20.0%","12.5%","95.6","7.11","","5.31","4.98","-0.1","19407"
"Sonny Gray","MIN","0","1","0","2","2","6.1","7.11","4.26","2.84",".176","76.9%","36.8%","20.0%","91.3","5.68","","7.05","5.09","-0.1","12768"
"Kyle Muller","ATL","0","1","0","1","1","2.2","10.13","20.25","0.00",".400","30.0%","44.4%","0.0%","95.0","23.63","","7.60","8.11","-0.1","20167"
"Erasmo Ramirez","WSN","0","0","0","6","0","7.2","5.87","0.00","2.35",".227","96.2%","37.5%","20.0%","92.8","3.52","","5.58","3.96","-0.1","10314"
"Tyler Beede","SFG","0","0","0","6","0","9.2","3.72","5.59","0.93",".351","80.6%","41.7%","8.3%","95.6","4.66","","5.48","5.82","-0.1","16981"
"Matt Peacock","ARI","0","0","0","2","0","2.2","6.75","6.75","3.38",".250","83.3%","55.6%","50.0%","","6.75","","8.73","4.87","-0.1","20339"
"Brett Phillips","TBR","0","0","0","1","0","2.0","0.00","9.00","4.50",".286","27.8%","25.0%","20.0%","","18.00","","12.60","9.50","-0.1","14735"
"Craig Stammen","SDP","0","0","0","9","0","8.2","8.31","0.00","2.08",".269","69.4%","40.7%","18.2%","","4.15","","4.60","3.33","-0.1","7274"
"Aaron Civale","CLE","0","2","0","4","4","14.1","8.79","3.77","1.88",".388","41.0%","25.5%","11.1%","90.5","10.67","","5.76","5.59","-0.1","19479"
"Brusdar Graterol","LAD","0","1","0","10","0","8.1","9.72","6.48","1.08",".200","83.3%","61.9%","16.7%","99.3","3.24","","4.66","4.08","-0.1","20367"
"Locke St. John","CHC","0","0","0","1","0","2.0","18.00","0.00","9.00",".333","0.0%","0.0%","50.0%","89.3","13.50","","12.10","1.82","-0.1","16850"
"Sean Reid-Foley","NYM","0","0","0","7","0","10.0","7.20","6.30","0.90",".222","66.2%","39.3%","7.1%","96.0","5.40","","5.20","5.81","-0.1","17034"
"Colin Poche","TBR","0","0","0","5","0","4.1","6.23","2.08","2.08",".091","100.0%","16.7%","12.5%","93.7","2.08","","5.41","4.92","-0.1","19403"
"Clarke Schmidt","NYY","2","2","0","4","0","8.1","8.64","4.32","1.08",".158","92.1%","55.0%","20.0%","94.7","1.08","","4.54","3.80","-0.1","19899"
"Phillip Diehl","CIN","0","0","0","3","0","4.0","4.50","6.75","2.25",".333","52.6%","25.0%","11.1%","91.5","11.25","","7.60","7.41","-0.1","20030"
"Connor Brogdon","PHI","0","0","0","3","0","2.0","4.50","0.00","4.50",".429","76.9%","25.0%","25.0%","94.4","9.00","","8.60","4.82","-0.1","21205"
"Tanner Tully","CLE","0","0","0","1","0","2.0","0.00","4.50","4.50",".143","100.0%","25.0%","20.0%","91.6","4.50","","11.10","8.00","-0.1","19518"
"Luis Frias","ARI","0","0","0","2","0","2.1","7.71","15.43","0.00",".286","28.6%","14.3%","0.0%","96.8","19.29","","7.82","10.15","-0.1","21997"
"Chris Archer","MIN","0","0","0","4","4","15.1","8.22","5.28","1.76",".200","94.9%","37.2%","13.6%","93.7","2.93","","5.58","4.99","-0.1","6345"
"Hyun-Jin Ryu","TOR","0","0","0","2","2","7.1","6.14","2.45","2.45",".346","19.6%","53.6%","22.2%","89.5","13.50","","6.10","4.23","-0.1","14444"
"Blake Taylor","HOU","1","1","0","10","0","8.1","3.24","4.32","1.08",".148","100.0%","35.7%","9.1%","92.1","1.08","","5.38","5.62","-0.1","16418"
"Brent Suter","MIL","1","0","0","8","0","7.2","4.70","4.70","1.17",".296","60.3%","42.9%","16.7%","87.3","5.87","","5.32","4.69","-0.1","13942"
"Tyler Alexander","DET","0","3","0","4","4","12.1","6.57","3.65","2.19",".333","44.9%","34.1%","16.7%","90.1","8.76","","6.02","4.84","-0.1","17735"
"Kolby Allard","TEX","0","1","0","4","0","7.0","7.71","2.57","2.57",".263","64.5%","28.6%","25.0%","91.8","6.43","","5.96","3.80","-0.1","18694"
"Jordan Hicks","STL","1","2","0","5","3","12.1","9.49","5.84","1.46",".192","83.3%","64.3%","33.3%","98.0","3.65","","5.29","3.85","-0.1","19618"
"Jose Urena","MIL","0","0","0","4","0","7.2","3.52","5.87","1.17",".222","66.0%","42.9%","9.1%","96.2","3.52","","5.97","6.23","-0.1","11589"
"Austin Warren","LAA","3","0","0","7","0","8.1","5.40","5.40","1.08",".269","77.6%","37.5%","8.3%","94.9","4.32","","5.26","5.66","-0.1","24937"
"Dee Strange-Gordon","WSN","0","0","0","1","0","1.0","0.00","27.00","9.00",".333","65.2%","25.0%","33.3%","56.9","27.00","","28.10","19.18","-0.1","8203"
"Phil Maton","HOU","0","1","0","12","0","11.1","6.35","2.38","0.79",".314","79.5%","29.4%","8.3%","91.2","3.97","","4.69","4.98","-0.1","18064"
"Kyle Crick","CHW","1","0","0","7","0","6.0","7.50","10.50","0.00",".313","71.4%","31.3%","0.0%","92.7","6.00","","5.94","6.84","-0.1","13182"
"Kirk McCarty","CLE","0","0","0","1","0","3.0","9.00","6.00","6.00",".250","62.5%","30.0%","40.0%","92.0","12.00","","11.77","5.37","-0.1","20555"
"Art Warren","CIN","0","1","1","8","0","6.0","9.00","9.00","1.50",".389","63.5%","47.4%","20.0%","95.4","9.00","","6.27","5.24","-0.1","18251"
"Brian Moran","LAA","0","0","0","1","0","0.1","0.00","27.00","27.00",".667","76.9%","25.0%","100.0%","84.5","54.00","","51.10","16.18","-0.1","9646"
"Spencer Patton","TEX","0","0","0","7","0","7.0","6.43","3.86","1.29",".167","78.9%","52.6%","14.3%","92.4","3.86","","5.68","5.18","-0.1","12361"
"Wil Myers","SDP","0","0","0","1","0","1.0","0.00","0.00","18.00",".000","100.0%","0.0%","40.0%","63.4","18.00","","29.10","9.89","-0.1","10047"
"Josh Sborz","TEX","0","0","0","4","0","4.0","11.25","4.50","4.50",".222","31.3%","27.3%","40.0%","96.7","11.25","","8.60","3.80","-0.1","18323"
"Bennett Sousa","CHW","1","0","0","10","0","8.0","5.63","4.50","1.13",".280","69.0%","38.5%","8.3%","93.9","5.63","","5.35","5.77","-0.1","21345"
"Oliver Perez","ARI","1","1","0","7","0","4.0","2.25","2.25","2.25",".350","11.6%","40.0%","11.1%","87.5","15.75","","7.35","7.16","-0.1","1514"
"Noe Ramirez","ARI","0","1","0","13","0","11.1","8.74","3.97","1.59",".310","63.4%","33.3%","14.3%","89.6","5.56","","5.05","4.43","-0.1","12800"
"Sam Clay","WSN","0","0","0","5","0","4.0","6.75","4.50","2.25",".182","45.5%","83.3%","50.0%","","11.25","","8.60","6.03","-0.1","16279"
"Ronald Bolanos","KCR","0","0","0","3","0","7.0","5.14","9.00","1.29",".304","88.2%","41.7%","10.0%","93.2","3.86","","6.82","6.90","-0.1","20041"
"Charlie Morton","ATL","1","3","0","5","5","23.2","6.85","5.32","1.14",".329","63.7%","38.5%","9.4%","95.0","6.85","","5.39","5.57","-0.1","4676"
"Bailey Falter","PHI","0","1","0","4","0","7.1","3.68","2.45","2.45",".250","83.3%","26.9%","15.4%","90.8","4.91","","6.65","5.51","-0.1","20070"
"J.B. Wendelken","ARI","0","1","0","7","0","8.1","4.32","3.24","1.08",".280","75.5%","53.8%","25.0%","93.9","4.32","","5.14","4.24","-0.1","14506"
"Mark Leiter","CHC","0","1","0","4","3","10.1","8.71","6.10","1.74",".310","61.7%","48.4%","20.0%","91.6","7.84","","6.01","4.81","-0.2","15551"
"Miguel Yajure","PIT","1","0","0","6","0","10.1","3.48","5.23","0.87",".375","48.7%","41.5%","6.3%","92.5","11.32","","5.91","6.76","-0.2","21111"
"Anthony Castro","CLE","0","0","0","5","0","4.0","11.25","2.25","4.50",".364","47.6%","30.8%","33.3%","94.4","6.75","","7.85","3.39","-0.2","19789"
"Hunter Greene","CIN","1","3","0","4","4","18.0","11.00","5.00","2.50",".298","73.9%","28.8%","19.2%","98.8","6.00","","6.10","4.45","-0.2","22182"
"Joan Adon","WSN","1","4","0","5","5","23.1","8.10","5.01","1.54",".314","63.2%","39.7%","13.8%","94.8","7.33","","5.59","5.05","-0.2","22925"
"Taylor Widener","ARI","0","0","0","3","0","3.0","6.00","3.00","3.00",".364","89.3%","16.7%","16.7%","93.9","6.00","","8.10","6.49","-0.2","19266"
"Garrett Richards","TEX","0","1","0","7","2","9.0","9.00","6.00","2.00",".200","87.0%","50.0%","22.2%","94.2","4.00","","5.99","4.46","-0.2","9784"
"Hansel Robles","BOS","1","1","1","10","0","10.1","8.71","3.48","1.74",".154","69.4%","32.1%","14.3%","96.4","1.74","","4.85","4.17","-0.2","11801"
"Sean Newcomb","- - -","0","0","0","5","0","7.1","7.36","6.14","2.45",".333","65.6%","34.6%","22.2%","95.1","8.59","","7.06","5.18","-0.2","16943"
"Matt Koch","SEA","0","0","0","4","0","4.1","6.23","2.08","4.15",".231","62.5%","20.0%","25.0%","94.0","8.31","","8.41","4.92","-0.2","13420"
"Dauri Moreta","CIN","0","0","0","12","0","12.1","9.49","4.38","2.19",".148","74.1%","16.7%","14.3%","95.6","5.11","","6.10","5.25","-0.2","21101"
"Emilio Pagan","MIN","0","1","2","7","0","6.2","12.15","9.45","1.35",".154","93.0%","38.5%","25.0%","95.0","2.70","","5.50","4.37","-0.2","14771"
"Jake Lemoine","OAK","0","0","0","7","0","11.1","7.15","3.97","1.59",".257","60.6%","40.5%","13.3%","93.4","5.56","","5.13","4.64","-0.2","19785"
"Beau Brieske","DET","0","1","0","2","2","10.0","5.40","3.60","2.70",".111","100.0%","33.3%","16.7%","94.7","3.60","","7.00","5.55","-0.2","26079"
"Dylan Coleman","KCR","0","1","0","11","0","9.1","12.54","6.75","1.93",".158","58.8%","14.3%","15.4%","97.7","2.89","","5.68","4.78","-0.2","22276"
"Sam Howard","PIT","0","0","0","3","0","2.0","4.50","18.00","4.50",".200","89.3%","33.3%","25.0%","91.8","9.00","","16.10","12.32","-0.2","16265"
"Jake McGee","SFG","1","1","2","8","0","7.2","3.52","4.70","1.17",".231","62.5%","25.9%","7.1%","93.8","5.87","","5.58","6.37","-0.2","7550"
"Ryan Yarbrough","TBR","0","0","0","1","1","2.1","7.71","11.57","3.86",".556","58.1%","30.0%","50.0%","86.8","19.29","","12.10","7.70","-0.2","16502"
"Huascar Ynoa","ATL","0","2","0","2","2","6.2","10.80","8.10","2.70",".429","49.3%","52.2%","33.3%","96.7","13.50","","7.30","4.63","-0.2","20468"
"Yusei Kikuchi","TOR","1","1","0","5","5","20.2","8.71","6.10","1.74",".255","72.0%","53.4%","22.2%","95.0","4.35","","5.72","4.38","-0.2","20633"
"Matt Barnes","BOS","0","2","1","10","0","8.1","6.48","5.40","1.08",".286","36.8%","41.4%","7.1%","94.2","8.64","","5.38","6.11","-0.2","12863"
"Robert Suarez","SDP","1","1","0","10","0","11.0","10.64","4.91","1.64",".182","68.6%","33.3%","22.2%","97.7","4.91","","5.01","3.76","-0.2","30115"
"Lucas Gilbreath","COL","0","0","0","4","0","3.1","8.10","10.80","2.70",".417","52.1%","61.5%","50.0%","92.6","16.20","","9.70","6.62","-0.2","21290"
"Aaron Fletcher","PIT","0","1","0","8","0","8.2","6.23","3.12","2.08",".286","53.0%","46.7%","18.2%","","9.35","","6.80","5.52","-0.2","22052"
"Will Smith","ATL","0","0","1","10","0","10.1","6.97","2.61","2.61",".040","71.4%","44.4%","23.1%","91.8","2.61","","6.20","4.14","-0.2","8048"
"Aaron Brooks","STL","0","0","0","5","0","9.1","6.75","1.93","2.89",".267","61.2%","39.4%","23.1%","93.8","7.71","","6.75","4.46","-0.2","12272"
"Dinelson Lamet","SDP","0","1","0","8","0","6.2","12.15","5.40","2.70",".333","76.1%","25.0%","22.2%","94.9","5.40","","6.55","4.49","-0.2","17186"
"Hunter Strickland","CIN","0","1","0","10","0","9.2","6.52","11.17","0.93",".300","69.4%","35.5%","6.7%","95.7","7.45","","7.04","7.80","-0.2","7836"
"Trevor May","NYM","1","0","1","8","0","8.1","5.40","3.24","2.16",".355","60.6%","39.4%","14.3%","96.1","8.64","","6.10","5.27","-0.2","6398"
"Lou Trivino","OAK","0","2","2","5","0","4.1","10.38","8.31","2.08",".467","37.7%","43.8%","25.0%","96.3","12.46","","6.57","4.82","-0.2","15043"
"Matt Bush","TEX","1","1","1","11","1","10.1","10.45","1.74","2.61",".250","71.4%","30.0%","21.4%","97.0","4.35","","5.72","3.78","-0.2","1246"
"Jonathan Loaisiga","NYY","0","1","0","11","0","10.0","9.00","5.40","1.80",".250","71.4%","46.2%","22.2%","","5.40","","5.50","4.13","-0.2","19753"
"Jose Suarez","LAA","0","2","0","4","4","17.0","7.94","5.82","2.12",".300","73.8%","24.5%","17.4%","93.2","6.35","","6.34","5.12","-0.2","19911"
"Ryan Tepera","LAA","1","0","1","11","0","12.0","6.75","3.75","1.50",".071","100.0%","26.7%","13.3%","92.5","1.50","","5.02","4.55","-0.2","10291"
"Domingo Acevedo","OAK","0","1","0","12","0","13.0","9.00","2.08","2.08",".294","85.9%","35.1%","23.1%","93.4","4.15","","5.03","3.39","-0.2","17092"
"Zach Thompson","PIT","1","3","0","5","4","15.1","7.63","5.87","2.35",".364","45.8%","45.8%","21.1%","93.0","9.39","","6.76","5.05","-0.2","16094"
"Matt Brash","SEA","1","3","0","5","5","20.0","8.55","7.65","1.35",".382","66.1%","56.9%","25.0%","96.3","7.65","","5.85","4.72","-0.2","25756"
"Bryce Elder","ATL","1","3","0","4","4","19.0","5.68","6.63","1.42",".263","79.9%","51.7%","15.8%","","4.74","","6.26","5.57","-0.2","27779"
"Javy Guerra","- - -","0","0","0","7","0","7.1","4.91","4.91","3.68",".296","55.6%","40.0%","27.3%","97.5","11.05","","8.97","5.69","-0.2","17292"
"Heath Hembree","PIT","1","0","0","11","0","8.1","6.48","6.48","2.16",".320","75.8%","25.9%","20.0%","94.6","6.48","","6.94","5.45","-0.2","11632"
"Dereck Rodriguez","MIN","0","0","0","1","0","4.0","4.50","6.75","6.75",".091","100.0%","50.0%","42.9%","92.0","6.75","","14.10","6.73","-0.2","14509"
"Tommy Romero","TBR","0","0","0","2","1","3.2","9.82","12.27","4.91",".143","76.9%","22.2%","33.3%","90.5","9.82","","12.10","7.24","-0.3","23465"
"Travis Lakins Sr.","BAL","0","1","0","5","0","8.1","6.48","4.32","3.24",".346","62.5%","34.5%","27.3%","94.4","9.72","","8.14","5.26","-0.3","18600"
"Mike Mayers","LAA","1","0","0","9","0","8.1","4.32","5.40","2.16",".214","71.4%","30.0%","14.3%","94.2","6.48","","7.42","6.59","-0.3","15451"
"Elieser Hernandez","MIA","2","1","0","5","5","24.1","8.51","2.96","2.59",".290","69.9%","33.3%","17.9%","91.3","6.66","","6.19","4.62","-0.3","16933"
"Trevor Richards","TOR","1","0","0","11","0","11.0","9.82","4.91","2.45",".250","76.3%","38.7%","20.0%","93.4","4.91","","6.10","4.41","-0.3","19309"
"Dallas Keuchel","CHW","1","3","0","4","4","15.0","4.80","6.60","1.80",".350","51.9%","60.3%","25.0%","","8.40","","6.84","5.32","-0.3","9434"
"Matthew Festa","SEA","0","0","0","11","0","12.0","15.00","3.75","3.75",".304","90.0%","28.6%","33.3%","93.4","5.25","","6.44","2.72","-0.3","19330"
"Jake Brentz","KCR","0","3","0","8","0","5.1","15.19","18.56","1.69",".588","34.0%","29.4%","25.0%","96.3","23.63","","8.35","6.94","-0.3","17783"
"Reiver Sanmartin","CIN","0","4","0","5","4","16.1","5.51","4.96","2.20",".400","38.2%","46.9%","25.0%","89.5","13.78","","6.72","4.86","-0.3","19754"
"Marco Gonzales","SEA","1","3","0","5","5","20.0","7.20","2.70","2.70",".288","63.6%","43.1%","25.0%","88.8","4.05","","6.45","4.18","-0.3","15467"
"Yohan Ramirez","SEA","1","0","0","7","0","8.1","10.80","6.48","3.24",".211","74.1%","18.2%","21.4%","94.2","7.56","","8.26","5.87","-0.3","19444"
"Nick Martinez","SDP","1","2","0","4","4","19.2","8.24","5.49","2.29",".314","92.6%","42.9%","23.8%","92.7","4.12","","6.56","4.71","-0.3","12730"
"Ethan Roberts","CHC","0","1","0","9","0","7.2","10.57","7.04","3.52",".368","78.1%","36.4%","42.9%","93.7","8.22","","8.58","4.74","-0.3","24930"
"Albert Abreu","TEX","0","0","0","6","0","7.2","9.39","12.91","2.35",".125","98.5%","50.0%","28.6%","97.6","3.52","","9.10","6.95","-0.4","17485"
"Genesis Cabrera","STL","1","0","0","9","0","9.2","8.38","3.72","2.79",".130","100.0%","42.3%","23.1%","96.1","2.79","","7.14","4.93","-0.4","17490"
"Greg Holland","TEX","0","1","0","5","0","4.2","9.64","1.93","5.79",".273","71.4%","50.0%","75.0%","93.8","7.71","","9.96","2.77","-0.4","7196"
"Tayler Saucedo","TOR","0","0","0","4","0","2.2","0.00","3.38","10.13",".273","100.0%","50.0%","60.0%","93.0","13.50","","18.85","6.78","-0.4","17888"
"Keynan Middleton","ARI","1","1","0","3","0","2.0","13.50","0.00","9.00",".000","100.0%","0.0%","50.0%","96.4","9.00","","13.10","2.82","-0.4","15264"
"Vladimir Gutierrez","CIN","0","5","0","5","5","21.1","5.48","7.17","1.69",".328","64.5%","39.4%","12.5%","92.5","8.86","","7.56","7.16","-0.5","19278"
"Jake Diekman","BOS","0","0","1","12","0","8.2","12.46","7.27","2.08",".333","84.5%","35.0%","25.0%","95.5","4.15","","6.45","4.70","-0.5","5003"
"Anthony Bender","MIA","0","3","6","10","0","9.1","7.71","1.93","2.89",".296","79.5%","53.3%","33.3%","","5.79","","6.21","3.34","-0.5","19742"
"Adam Oller","OAK","0","2","0","3","3","9.2","7.45","7.45","3.72",".344","57.5%","36.1%","26.7%","94.0","11.17","","9.31","6.04","-0.5","20132"
"Spencer Howard","TEX","0","1","0","3","1","6.2","16.20","2.70","8.10",".333","83.3%","33.3%","66.7%","95.9","12.15","","12.10","2.24","-0.5","23252"
"Chris Mazza","TBR","1","0","0","2","0","5.1","8.44","10.13","5.06",".316","54.7%","40.9%","37.5%","91.3","11.81","","13.04","7.77","-0.5","14151"
"Kris Bubic","KCR","0","3","0","5","5","12.1","5.84","8.03","2.92",".341","47.0%","37.8%","25.0%","91.5","13.14","","8.70","6.24","-0.5","21455"
"Caleb Smith","ARI","0","1","0","4","1","5.1","8.44","13.50","6.75",".250","57.7%","26.3%","30.8%","91.6","15.19","","15.48","9.04","-0.6","14875"
